ID,Duration (in seconds),RecordedDate,ResponseId,RecipientLastName,Q_RelevantIDDuplicate,Q_RelevantIDDuplicateScore,Q_RelevantIDFraudScore,Q_RelevantIDLastStartDate,Q4,Q4_4_TEXT,Q5,Q6,Q7,Q8,Q9,Q10,Q11,Q12,Q13,Q14,Q14_11_TEXT,attn_TikTokFaceBook,Q15,Q16,Q17,Q18,Q19#1_1,Q19#1_2,Q19#1_3,Q19#1_4,Q19#1_5,Q19#1_6,Q19#1_7,Q19#1_8,Q19#1_9,Q19#1_10,Q122,pastWeekSM_1,pastWeekSM_2,pastWeekSM_3,pastWeekSM_4,pastWeekSM_5,Q120,pastYearSM_1,pastYearSM_2,pastYearSM_3,pastYearSM_4,pastYearSM_5,pastYearSM_6,pastYearSM_7,pastYearSM_8,pastYearSM_9,Q123,lastYear_1,lastYear_2,lastYear_3,lastYear_4,lastYear_5,attn_VeryRarely,lastYear_6,Q117,SMUFAE_1,SMUFAT_1,SMUFAA_1,SMUFAS_1,SMUFAS_2,SMUFAT_2,SMUFAA_2,SMUFAE_2,SMUFAS_3,SMUFAA_3,SMUFAE_3,SMUFAT_3,SMUFAS_4,SMUFAE_4,SMUFAA_4,SMUFAT_4,SMUFAE_5,SMUFAS_5,attn_AlmostAlways,SMUFAA_5,SMUFAT_5,Q41,disc_10,disc_25,attn_55,disc_50,disc_90,disc_100,Q47,smptA_.01,smptA_.05,smptA_.13,smptA_.25,smptA_.50,smptA_1,smptA_3,smptA_6,smptA_11,smptA_35,smptA_70,smptA_140,smptA_280,smptA_560,smptA_1120,smptB_.01,smptB_.05,attn_5,smptB_.13,smptB_.25,smptB_.50,smptB_1,smptB_3,smptB_6,smptB_11,smptB_35,smptB_70,smptB_140,smptB_280,smptB_560,smptB_1120,smptC_.01,smptC_.05,smptC_.13,smptC_.25,smptC_.50,smptC_1,smptC_3,smptC_6,smptC_11,smptC_35,smptC_70,smptC_140,smptC_280,smptC_560,smptC_1120,smptD_.01,smptD_.05,smptD_.13,smptD_.25,smptD_.50,smptD_1,smptD_3,smptD_6,smptD_11,smptD_35,smptD_70,smptD_140,smptD_280,smptD_560,smptD_1120
,Duration (in seconds),Recorded Date,Response ID,Recipient Last Name,Q_RelevantIDDuplicate,Q_RelevantIDDuplicateScore,Q_RelevantIDFraudScore,Q_RelevantIDLastStartDate,What gender do you identify as? - Selected Choice,What gender do you identify as? - I identify as - Text,What is your age?,What is your cultural background/ ethnicity do you identify as?,What is your current level of education?,"If you are currently a student, please indicate the level of education you are currently pursuing:",What is your current occupation?,What is your current employment status?,What is your current annual income?,"On average, how many hours per week do you work?",Does your occupation require you to use social media?,Which apps do you use the most (check all that apply)? - Selected Choice,Which apps do you use the most (check all that apply)? - Other - Text,Select TikTok and Facebook for this response,"On average, how many hours do you sleep per night?","On average, how would you describe your weekly level of movement and exercise?",How would you describe your dietary habits?,Do you currently receive or require treatment for conditions related to any of the following?,Do you have any of the following mental health conditions? - Diagnosis - Anxiety,Do you have any of the following mental health conditions? - Diagnosis - OCD,Do you have any of the following mental health conditions? - Diagnosis - Phobias,Do you have any of the following mental health conditions? - Diagnosis - Depression,Do you have any of the following mental health conditions? - Diagnosis - PTSD,Do you have any of the following mental health conditions? - Diagnosis - Personality Disorder,Do you have any of the following mental health conditions? - Diagnosis - ADD/ADHD,Do you have any of the following mental health conditions? - Diagnosis - ASD,Do you have any of the following mental health conditions? - Diagnosis - Bi-polar Disorder,Do you have any of the following mental health conditions? - Diagnosis - Schizophrenia,"Please answer each question by thinking of your experience with using social media (e.g., Snapchat, Instagram, Twitter, Facebook, Pinterest, Reddit, TikTok, or similar platforms, forums, Dischord, or weblogs) in the past year. Answers the questions as honestly as possible.",In the past week... - ...how many times have you used social media 15 minutes before going to bed?,In the past week... - ...how many times have you used social media during breakfast in the morning?,In the past week... - ...how many times you used social media while eating dinner at night?,In the past week... - ...how many times you used social media within 15 minutes of waking up in the morning?,In the past week... - ...how many times you used social media while eating lunch?,"Please answer each question by thinking of your experience with using social media (e.g., Snapchat, Instagram, Twitter, Facebook, Pinterest, Reddit, TikTok, or similar platforms, forums, Dischord, or weblogs) in the past year. Answers the questions as honestly as possible.",During the past year have you... - ...regularly found that you can't think of anything else but the moment you will be able to use social media again?,During the past year have you... - ...regularly felt dissatisfied because you want to spend more time on social media?,During the past year have you... - ...often felt bad when you could not use social media?,"During the past year have you... - ...tried to spend less time on social media, but failed?","During the past year have you... - ...regularly neglected other activities (i.e. hobbies, sports, homework) because you wanted to use social media?",During the past year have you... - ...regularly had arguements with others because of your social media use?,During the past year have you... - ...regularly lied to your parents or friends about the amount of time you spend on social media?,During the past year have you... - ...often used social media to escape from negative feelings?,"During the past year have you... - ...had serious conflicts with your parents, siblings, friends, other relationships etc. because of your social media use?","Please answer each question by thinking of your experience with using social media (e.g., Snapchat, Instagram, Twitter, Facebook, Pinterest, Reddit, TikTok, or similar platforms, forums, Dischord, or weblogs) in the past year. Answers the questions as honestly as possible.",How often during the last year have you... - ...spent a lot of time thinking about social media or planned use of social media?,How often during the last year have you... - ...felt and urge to use social media more and more?,How often during the last year have you... - ...used social media to forget about personal problems?,How often during the last year have you... - ...tried to cut down on the use of social media without success?,How often during the last year have you... - ...become restless or troubled if you have been prohibited from using social media?,How often during the last year have you... - ...select very rarely for this respone,How often during the last year have you... - ...used social media so much that it has had a negative impact on your job/studies?,"Answer the questions below based on your experience with social media (e.g., Dischord, Facebook, Instagram, Pinterest, Reddit, Snapchat, TikTok, Twitter, or similar platforms, forums, or weblogs) in approximately the past three to six months using the scale provided. Treat each question as an independent representation of your social media use. You can provide the same answer for multiple items.","Answer the questions below based on your experience with social media (e.g., Dischord, Facebook, Instagram, Pinterest, Reddit, Snapchat, TikTok, Twitter, or similar platforms, forums, or weblogs) in approximately the past three to six months using the scale provided. Treat each question as an independent representation of your social media use. You can provide the same answer for multiple items. - I use social media for a break from work or difficult tasks.","Answer the questions below based on your experience with social media (e.g., Dischord, Facebook, Instagram, Pinterest, Reddit, Snapchat, TikTok, Twitter, or similar platforms, forums, or weblogs) in approximately the past three to six months using the scale provided. Treat each question as an independent representation of your social media use. You can provide the same answer for multiple items. - I use social media to explore content about people, topics, places, or hobbies that interest me.","Answer the questions below based on your experience with social media (e.g., Dischord, Facebook, Instagram, Pinterest, Reddit, Snapchat, TikTok, Twitter, or similar platforms, forums, or weblogs) in approximately the past three to six months using the scale provided. Treat each question as an independent representation of your social media use. You can provide the same answer for multiple items. - I use social media to communicate with others.","Answer the questions below based on your experience with social media (e.g., Dischord, Facebook, Instagram, Pinterest, Reddit, Snapchat, TikTok, Twitter, or similar platforms, forums, or weblogs) in approximately the past three to six months using the scale provided. Treat each question as an independent representation of your social media use. You can provide the same answer for multiple items. - I use social media to look at pictures and/or videos because I like the way they look.","Answer the questions below based on your experience with social media (e.g., Dischord, Facebook, Instagram, Pinterest, Reddit, Snapchat, TikTok, Twitter, or similar platforms, forums, or weblogs) in approximately the past three to six months using the scale provided. Treat each question as an independent representation of your social media use. You can provide the same answer for multiple items. - I use social media because I am bored and do not have anything to do.","Answer the questions below based on your experience with social media (e.g., Dischord, Facebook, Instagram, Pinterest, Reddit, Snapchat, TikTok, Twitter, or similar platforms, forums, or weblogs) in approximately the past three to six months using the scale provided. Treat each question as an independent representation of your social media use. You can provide the same answer for multiple items. - I use social media to look for content posted by familiar or interesting people/organizations.","Answer the questions below based on your experience with social media (e.g., Dischord, Facebook, Instagram, Pinterest, Reddit, Snapchat, TikTok, Twitter, or similar platforms, forums, or weblogs) in approximately the past three to six months using the scale provided. Treat each question as an independent representation of your social media use. You can provide the same answer for multiple items. - I use social media to post pictures or information about myself.","Answer the questions below based on your experience with social media (e.g., Dischord, Facebook, Instagram, Pinterest, Reddit, Snapchat, TikTok, Twitter, or similar platforms, forums, or weblogs) in approximately the past three to six months using the scale provided. Treat each question as an independent representation of your social media use. You can provide the same answer for multiple items. - I use social media to avoid ongoing offline conversations or social interactions.","Answer the questions below based on your experience with social media (e.g., Dischord, Facebook, Instagram, Pinterest, Reddit, Snapchat, TikTok, Twitter, or similar platforms, forums, or weblogs) in approximately the past three to six months using the scale provided. Treat each question as an independent representation of your social media use. You can provide the same answer for multiple items. - When I use social media, I browse without looking at captions, posts, or comments associated with the content.","Answer the questions below based on your experience with social media (e.g., Dischord, Facebook, Instagram, Pinterest, Reddit, Snapchat, TikTok, Twitter, or similar platforms, forums, or weblogs) in approximately the past three to six months using the scale provided. Treat each question as an independent representation of your social media use. You can provide the same answer for multiple items. - When I use social media, I open it immediately after I see I have a new notification about something I've posted.","Answer the questions below based on your experience with social media (e.g., Dischord, Facebook, Instagram, Pinterest, Reddit, Snapchat, TikTok, Twitter, or similar platforms, forums, or weblogs) in approximately the past three to six months using the scale provided. Treat each question as an independent representation of your social media use. You can provide the same answer for multiple items. - When I use social media, I open it to avoid negative thoughts and feelings.","Answer the questions below based on your experience with social media (e.g., Dischord, Facebook, Instagram, Pinterest, Reddit, Snapchat, TikTok, Twitter, or similar platforms, forums, or weblogs) in approximately the past three to six months using the scale provided. Treat each question as an independent representation of your social media use. You can provide the same answer for multiple items. - I use social media to follow links for new products or experiences.","Answer the questions below based on your experience with social media (e.g., Dischord, Facebook, Instagram, Pinterest, Reddit, Snapchat, TikTok, Twitter, or similar platforms, forums, or weblogs) in approximately the past three to six months using the scale provided. Treat each question as an independent representation of your social media use. You can provide the same answer for multiple items. - When I use social media, I am unaware of my surroundings.","Answer the questions below based on your experience with social media (e.g., Dischord, Facebook, Instagram, Pinterest, Reddit, Snapchat, TikTok, Twitter, or similar platforms, forums, or weblogs) in approximately the past three to six months using the scale provided. Treat each question as an independent representation of your social media use. You can provide the same answer for multiple items. - I use social media when I am feeling stressed or overwhelmed.","Answer the questions below based on your experience with social media (e.g., Dischord, Facebook, Instagram, Pinterest, Reddit, Snapchat, TikTok, Twitter, or similar platforms, forums, or weblogs) in approximately the past three to six months using the scale provided. Treat each question as an independent representation of your social media use. You can provide the same answer for multiple items. - When I use social media, I feel a rush of excitement when I see people engage with my posts.","Answer the questions below based on your experience with social media (e.g., Dischord, Facebook, Instagram, Pinterest, Reddit, Snapchat, TikTok, Twitter, or similar platforms, forums, or weblogs) in approximately the past three to six months using the scale provided. Treat each question as an independent representation of your social media use. You can provide the same answer for multiple items. - I use social media as a source of income or to obtain products.","Answer the questions below based on your experience with social media (e.g., Dischord, Facebook, Instagram, Pinterest, Reddit, Snapchat, TikTok, Twitter, or similar platforms, forums, or weblogs) in approximately the past three to six months using the scale provided. Treat each question as an independent representation of your social media use. You can provide the same answer for multiple items. - When I use social media, it is because I do not want to begin a task or activity.","Answer the questions below based on your experience with social media (e.g., Dischord, Facebook, Instagram, Pinterest, Reddit, Snapchat, TikTok, Twitter, or similar platforms, forums, or weblogs) in approximately the past three to six months using the scale provided. Treat each question as an independent representation of your social media use. You can provide the same answer for multiple items. - When I use social media, I experience positive feelings or emotions while watching videos or looking at pictures.","Answer the questions below based on your experience with social media (e.g., Dischord, Facebook, Instagram, Pinterest, Reddit, Snapchat, TikTok, Twitter, or similar platforms, forums, or weblogs) in approximately the past three to six months using the scale provided. Treat each question as an independent representation of your social media use. You can provide the same answer for multiple items. - Select ""Almost Always"" for this answer","Answer the questions below based on your experience with social media (e.g., Dischord, Facebook, Instagram, Pinterest, Reddit, Snapchat, TikTok, Twitter, or similar platforms, forums, or weblogs) in approximately the past three to six months using the scale provided. Treat each question as an independent representation of your social media use. You can provide the same answer for multiple items. - When I use social media, I feel upset if my posts do not receive much attention.","Answer the questions below based on your experience with social media (e.g., Dischord, Facebook, Instagram, Pinterest, Reddit, Snapchat, TikTok, Twitter, or similar platforms, forums, or weblogs) in approximately the past three to six months using the scale provided. Treat each question as an independent representation of your social media use. You can provide the same answer for multiple items. - I use social media to browse news stories or seek information.","Please read and consider the following. For many people, the allure of social media is in the likelihood of finding content that is interesting. The degree to which content is of interest to you may vary from mildly interesting to highly interesting. In the following decision making task, you will be asked how many minutes of mildly interesting social media content you are willing to use for certain to forgo an X% chance of viewing 60 minutes of highly interesting content. Remember that there are no “right” or “wrong” answers.


Please respond honestly, as if you were actually in this scenario. In the scenarios that follow, please drag the slider to the value that corresponds with your choice",Please adjust the slider below to indicate the minimum duration of viewing mildly interesting social media content that you would prefer instead of having a 10% chance of viewing 60 minutes of highly interesting content. - Minutes,Please adjust the slider below to indicate the minimum duration of viewing mildly interesting social media content that you would prefer instead of having a 25% chance of viewing 60 minutes of highly interesting content. - Minutes,Please adjust the slider below to indicate exactly 55 minutes. - Minutes,Please adjust the slider below to indicate the minimum duration of viewing mildly interesting social media content that you would prefer instead of having a 50% chance of viewing 60 minutes of highly interesting content. - Minutes,Please adjust the slider below to indicate the minimum duration of viewing mildly interesting social media content that you would prefer instead of having a 90% chance of viewing 60 minutes of highly interesting content. - Minutes,Please adjust the slider below to indicate the minimum duration of viewing mildly interesting social media content that you would prefer instead of having a 100% chance of viewing 60 minutes of highly interesting content. - Minutes,"In the questions that follow, we would like you to pretend that you could purchase social media time based on the function it plays in your life. Please answer the questions honestly and thoughtfully. 

Social media time is sold by the minute and you may buy as much or as little as you’d like. Also, imagine that your only access to social media time will be by purchasing it in the manner described. You cannot get more social media time except through purchase. 

Finally, the social media time you purchase is for your own consumption. That is, you cannot sell them or give them to someone else. In the same vein, you cannot save up social media time and use them another day. 

Everything you buy is, therefore, for your own personal consumption within a 24-hour period. Please fill text boxes using ONLY numerical values (e.g., 1, 2, 30, 100, etc..)","If you were charged $0.01 per minute to use social media solely to escape boredom and other unpleasant feelings, how many minutes will you purchase? 

Please fill text boxes using ONLY numerical values (e.g., 1, 2, 30, 100, etc..).","If you were charged $0.05 per minute to use social media solely to escape boredom and other unpleasant feelings, how many minutes will you purchase? 

Please fill text boxes using ONLY numerical values (e.g., 1, 2, 30, 100, etc..).","If you were charged $0.13 per minute to use social media solely to escape boredom and other unpleasant feelings, how many minutes will you purchase? 

Please fill text boxes using ONLY numerical values (e.g., 1, 2, 30, 100, etc..).","If you were charged $0.25 per minute to use social media solely to escape boredom and other unpleasant feelings, how many minutes will you purchase? 

Please fill text boxes using ONLY numerical values (e.g., 1, 2, 30, 100, etc..).","If you were charged $0.50 per minute to use social media solely to escape boredom and other unpleasant feelings, how many minutes will you purchase? 

Please fill text boxes using ONLY numerical values (e.g., 1, 2, 30, 100, etc..).","If you were charged $1.00 per minute to use social media solely to escape boredom and other unpleasant feelings, how many minutes will you purchase? 

Please fill text boxes using ONLY numerical values (e.g., 1, 2, 30, 100, etc..).","If you were charged $3.00 per minute to use social media solely to escape boredom and other unpleasant feelings, how many minutes will you purchase? 

Please fill text boxes using ONLY numerical values (e.g., 1, 2, 30, 100, etc..).","If you were charged $6.00 per minute to use social media solely to escape boredom and other unpleasant feelings, how many minutes will you purchase? 

Please fill text boxes using ONLY numerical values (e.g., 1, 2, 30, 100, etc..).","If you were charged $11.00 per minute to use social media solely to escape boredom and other unpleasant feelings, how many minutes will you purchase? 

Please fill text boxes using ONLY numerical values (e.g., 1, 2, 30, 100, etc..).","If you were charged $35.00 per minute to use social media solely to escape boredom and other unpleasant feelings, how many minutes will you purchase? 

Please fill text boxes using ONLY numerical values (e.g., 1, 2, 30, 100, etc..).","If you were charged $70.00 per minute to use social media solely to escape boredom and other unpleasant feelings, how many minutes will you purchase? 

Please fill text boxes using ONLY numerical values (e.g., 1, 2, 30, 100, etc..).","If you were charged $140.00 per minute to use social media solely to escape boredom and other unpleasant feelings, how many minutes will you purchase? 

Please fill text boxes using ONLY numerical values (e.g., 1, 2, 30, 100, etc..).","If you were charged $280.00 per minute to use social media solely to escape boredom and other unpleasant feelings, how many minutes will you purchase? 

Please fill text boxes using ONLY numerical values (e.g., 1, 2, 30, 100, etc..).","If you were charged $560.00 per minute to use social media solely to escape boredom and other unpleasant feelings, how many minutes will you purchase? 

Please fill text boxes using ONLY numerical values (e.g., 1, 2, 30, 100, etc..).","If you were charged $1120.00 per minute to use social media solely to escape boredom and other unpleasant feelings, how many minutes will you purchase? 

Please fill text boxes using ONLY numerical values (e.g., 1, 2, 30, 100, etc..).","If you were charged $0.01 per minute to use social media solely to seek information, how many minutes will you purchase? 

Please fill text boxes using ONLY numerical values (e.g., 1, 2, 30, 100, etc..).","If you were charged $0.05 per minute to use social media solely to seek information, how many minutes will you purchase? 

Please fill text boxes using ONLY numerical values (e.g., 1, 2, 30, 100, etc..).","If you were charged $1.00 per minute to use social media and scrolled TikTok for 5 minutes, how much would you need to pay? 

Please fill text boxes using ONLY numerical values (e.g., 1, 2, 30, 100, etc..).","If you were charged $0.13 per minute to use social media solely to seek information, how many minutes will you purchase?

Please fill text boxes using ONLY numerical values (e.g., 1, 2, 30, 100, etc..).","If you were charged $0.25 per minute to use social media solely to seek information, how many minutes will you purchase? 

Please fill text boxes using ONLY numerical values (e.g., 1, 2, 30, 100, etc..).","If you were charged $0.50 per minute to use social media solely to seek information, how many minutes will you purchase? 

Please fill text boxes using ONLY numerical values (e.g., 1, 2, 30, 100, etc..).","If you were charged $1.00 per minute to use social media solely to seek information, how many minutes will you purchase?

Please fill text boxes using ONLY numerical values (e.g., 1, 2, 30, 100, etc..).","If you were charged $3.00 per minute to use social media solely to seek information, how many minutes will you purchase? 

Please fill text boxes using ONLY numerical values (e.g., 1, 2, 30, 100, etc..).","If you were charged $6.00 per minute to use social media solely to seek information, how many minutes will you purchase? 

Please fill text boxes using ONLY numerical values (e.g., 1, 2, 30, 100, etc..).","If you were charged $11.00 per minute to use social media solely to seek information, how many minutes will you purchase?

Please fill text boxes using ONLY numerical values (e.g., 1, 2, 30, 100, etc..).","If you were charged $35.00 per minute to use social media solely to seek information, how many minutes will you purchase? 

Please fill text boxes using ONLY numerical values (e.g., 1, 2, 30, 100, etc..).","If you were charged $70.00 per minute to use social media solely to seek information, how many minutes will you purchase?

Please fill text boxes using ONLY numerical values (e.g., 1, 2, 30, 100, etc..).","If you were charged $140.00 per minute to use social media solely to seek information, how many minutes will you purchase? 

Please fill text boxes using ONLY numerical values (e.g., 1, 2, 30, 100, etc..).","If you were charged $280.00 per minute to use social media solely to seek information, how many minutes will you purchase?

Please fill text boxes using ONLY numerical values (e.g., 1, 2, 30, 100, etc..).","If you were charged $560.00 per minute to use social media solely to seek information, how many minutes will you purchase? 

Please fill text boxes using ONLY numerical values (e.g., 1, 2, 30, 100, etc..).","If you were charged $1120.00 per minute to use social media solely to seek information, how many minutes will you purchase?

Please fill text boxes using ONLY numerical values (e.g., 1, 2, 30, 100, etc..).","If you were charged $0.01 per minute to use social media solely to get engagement (likes, shares and comments) with your content, how many minutes will you purchase?

Please fill text boxes using ONLY numerical values (e.g., 1, 2, 30, 100, etc..).","If you were charged $0.05 per minute to use social media solely to get engagement (likes, shares and comments) with your content, how many minutes will you purchase? 

Please fill text boxes using ONLY numerical values (e.g., 1, 2, 30, 100, etc..).","If you were charged $0.13 per minute to use social media solely to get engagement (likes, shares and comments) with your content, how many minutes will you purchase? 

Please fill text boxes using ONLY numerical values (e.g., 1, 2, 30, 100, etc..).","If you were charged $0.25 per minute to use social media solely to get engagement (likes, shares and comments) with your content, how many minutes will you purchase? 

Please fill text boxes using ONLY numerical values (e.g., 1, 2, 30, 100, etc..).","If you were charged $0.50 per minute to use social media solely to get engagement (likes, shares and comments) with your content, how many minutes will you purchase? 

Please fill text boxes using ONLY numerical values (e.g., 1, 2, 30, 100, etc..).","If you were charged $1.00 per minute to use social media solely to get engagement (likes, shares and comments) with your content, how many minutes will you purchase?

Please fill text boxes using ONLY numerical values (e.g., 1, 2, 30, 100, etc..).","If you were charged $3.00 per minute to use social media solely to get engagement (likes, shares and comments) with your content, how many minutes will you purchase?

Please fill text boxes using ONLY numerical values (e.g., 1, 2, 30, 100, etc..).","If you were charged $6.00 per minute to use social media solely to get engagement (likes, shares and comments) with your content, how many minutes will you purchase?

Please fill text boxes using ONLY numerical values (e.g., 1, 2, 30, 100, etc..).","If you were charged $11.00 per minute to use social media solely to get engagement (likes, shares and comments) with your content, how many minutes will you purchase?

Please fill text boxes using ONLY numerical values (e.g., 1, 2, 30, 100, etc..).","If you were charged $35.00 per minute to use social media solely to get engagement (likes, shares and comments) with your content, how many minutes will you purchase?

Please fill text boxes using ONLY numerical values (e.g., 1, 2, 30, 100, etc..).","If you were charged $70.00 per minute to use social media solely to get engagement (likes, shares and comments) with your content, how many minutes will you purchase?

Please fill text boxes using ONLY numerical values (e.g., 1, 2, 30, 100, etc..).","If you were charged $140.00 per minute to use social media solely to get engagement (likes, shares and comments) with your content, how many minutes will you purchase?

Please fill text boxes using ONLY numerical values (e.g., 1, 2, 30, 100, etc..).","If you were charged $280.00 per minute to use social media solely to get engagement (likes, shares and comments) with your content, how many minutes will you purchase?

Please fill text boxes using ONLY numerical values (e.g., 1, 2, 30, 100, etc..).","If you were charged $560.00 per minute to use social media solely to get engagement (likes, shares and comments) with your content, how many minutes will you purchase?

Please fill text boxes using ONLY numerical values (e.g., 1, 2, 30, 100, etc..).","If you were charged $1120.00 per minute to use social media solely to get engagement (likes, shares and comments) with your content, how many minutes will you purchase?

Please fill text boxes using ONLY numerical values (e.g., 1, 2, 30, 100, etc..).","If you were charged $0.01 per minute to use social media solely to feel good, how many minutes will you purchase? 

Please fill text boxes using ONLY numerical values (e.g., 1, 2, 30, 100, etc..).","If you were charged $0.05 per minute to use social media solely to feel good, how many minutes will you purchase. Please fill text boxes using ONLY numerical values (e.g., 1, 2, 30, 100, etc..).","If you were charged $0.13 per minute to use social media solely to feel good, how many minutes will you purchase. Please fill text boxes using ONLY numerical values (e.g., 1, 2, 30, 100, etc..).","If you were charged $0.25 per minute to use social media solely to feel good, how many minutes will you purchase. Please fill text boxes using ONLY numerical values (e.g., 1, 2, 30, 100, etc..).","If you were charged $0.50 per minute to use social media solely to feel good, how many minutes will you purchase. Please fill text boxes using ONLY numerical values (e.g., 1, 2, 30, 100, etc..).","If you were charged $1.00 per minute to use social media solely to feel good, how many minutes will you purchase. Please fill text boxes using ONLY numerical values (e.g., 1, 2, 30, 100, etc..).","If you were charged $3.00 per minute to use social media solely to feel good, how many minutes will you purchase. Please fill text boxes using ONLY numerical values (e.g., 1, 2, 30, 100, etc..).","If you were charged $6.00 per minute to use social media solely to feel good, how many minutes will you purchase. Please fill text boxes using ONLY numerical values (e.g., 1, 2, 30, 100, etc..).","If you were charged $11.00 per minute to use social media solely to feel good, how many minutes will you purchase? Please fill text boxes using ONLY numerical values (e.g., 1, 2, 30, 100, etc..).","If you were charged $35.00 per minute to use social media solely to feel good, how many minutes will you purchase? Please fill text boxes using ONLY numerical values (e.g., 1, 2, 30, 100, etc..).","If you were charged $70.00 per minute to use social media solely to feel good, how many minutes will you purchase? Please fill text boxes using ONLY numerical values (e.g., 1, 2, 30, 100, etc..).","If you were charged $140.00 per minute to use social media solely to feel good, how many minutes will you purchase? Please fill text boxes using ONLY numerical values (e.g., 1, 2, 30, 100, etc..).","If you were charged $280.00 per minute to use social media solely to feel good, how many minutes will you purchase? Please fill text boxes using ONLY numerical values (e.g., 1, 2, 30, 100, etc..).","If you were charged $560.00 per minute to use social media solely to feel good, how many minutes will you purchase? Please fill text boxes using ONLY numerical values (e.g., 1, 2, 30, 100, etc..).","If you were charged $1120.00 per minute to use social media solely to feel good, how many minutes will you purchase? Please fill text boxes using ONLY numerical values (e.g., 1, 2, 30, 100, etc..)."
,"{""ImportId"":""duration""}","{""ImportId"":""recordedDate"",""timeZone"":""America/Denver""}","{""ImportId"":""_recordId""}","{""ImportId"":""recipientLastName""}","{""ImportId"":""Q_RelevantIDDuplicate""}","{""ImportId"":""Q_RelevantIDDuplicateScore""}","{""ImportId"":""Q_RelevantIDFraudScore""}","{""ImportId"":""Q_RelevantIDLastStartDate"",""timeZone"":""UTC""}","{""ImportId"":""QID2""}","{""ImportId"":""QID2_4_TEXT""}","{""ImportId"":""QID3_TEXT""}","{""ImportId"":""QID4""}","{""ImportId"":""QID6""}","{""ImportId"":""QID148""}","{""ImportId"":""QID7_TEXT""}","{""ImportId"":""QID140""}","{""ImportId"":""QID141""}","{""ImportId"":""QID142""}","{""ImportId"":""QID143""}","{""ImportId"":""QID144""}","{""ImportId"":""QID144_11_TEXT""}","{""ImportId"":""QID151""}","{""ImportId"":""QID138""}","{""ImportId"":""QID139""}","{""ImportId"":""QID146""}","{""ImportId"":""QID145""}","{""ImportId"":""QID147#1_1""}","{""ImportId"":""QID147#1_2""}","{""ImportId"":""QID147#1_3""}","{""ImportId"":""QID147#1_4""}","{""ImportId"":""QID147#1_5""}","{""ImportId"":""QID147#1_6""}","{""ImportId"":""QID147#1_7""}","{""ImportId"":""QID147#1_8""}","{""ImportId"":""QID147#1_9""}","{""ImportId"":""QID147#1_10""}","{""ImportId"":""QID135""}","{""ImportId"":""QID132_1""}","{""ImportId"":""QID132_2""}","{""ImportId"":""QID132_3""}","{""ImportId"":""QID132_4""}","{""ImportId"":""QID132_5""}","{""ImportId"":""QID133""}","{""ImportId"":""QID134_1""}","{""ImportId"":""QID134_2""}","{""ImportId"":""QID134_3""}","{""ImportId"":""QID134_4""}","{""ImportId"":""QID134_5""}","{""ImportId"":""QID134_6""}","{""ImportId"":""QID134_7""}","{""ImportId"":""QID134_8""}","{""ImportId"":""QID134_9""}","{""ImportId"":""QID136""}","{""ImportId"":""QID129_1""}","{""ImportId"":""QID129_2""}","{""ImportId"":""QID129_3""}","{""ImportId"":""QID129_4""}","{""ImportId"":""QID129_5""}","{""ImportId"":""QID129_7""}","{""ImportId"":""QID129_6""}","{""ImportId"":""QID130""}","{""ImportId"":""QID131_1""}","{""ImportId"":""QID131_2""}","{""ImportId"":""QID131_3""}","{""ImportId"":""QID131_4""}","{""ImportId"":""QID131_5""}","{""ImportId"":""QID131_6""}","{""ImportId"":""QID131_7""}","{""ImportId"":""QID131_8""}","{""ImportId"":""QID131_9""}","{""ImportId"":""QID131_10""}","{""ImportId"":""QID131_11""}","{""ImportId"":""QID131_12""}","{""ImportId"":""QID131_13""}","{""ImportId"":""QID131_14""}","{""ImportId"":""QID131_15""}","{""ImportId"":""QID131_16""}","{""ImportId"":""QID131_17""}","{""ImportId"":""QID131_18""}","{""ImportId"":""QID131_21""}","{""ImportId"":""QID131_19""}","{""ImportId"":""QID131_20""}","{""ImportId"":""QID51""}","{""ImportId"":""QID52_1""}","{""ImportId"":""QID53_1""}","{""ImportId"":""QID154_1""}","{""ImportId"":""QID54_1""}","{""ImportId"":""QID55_1""}","{""ImportId"":""QID56_1""}","{""ImportId"":""QID57""}","{""ImportId"":""QID60_TEXT""}","{""ImportId"":""QID61_TEXT""}","{""ImportId"":""QID62_TEXT""}","{""ImportId"":""QID63_TEXT""}","{""ImportId"":""QID64_TEXT""}","{""ImportId"":""QID65_TEXT""}","{""ImportId"":""QID66_TEXT""}","{""ImportId"":""QID67_TEXT""}","{""ImportId"":""QID68_TEXT""}","{""ImportId"":""QID69_TEXT""}","{""ImportId"":""QID70_TEXT""}","{""ImportId"":""QID71_TEXT""}","{""ImportId"":""QID72_TEXT""}","{""ImportId"":""QID73_TEXT""}","{""ImportId"":""QID74_TEXT""}","{""ImportId"":""QID76_TEXT""}","{""ImportId"":""QID77_TEXT""}","{""ImportId"":""QID156_TEXT""}","{""ImportId"":""QID78_TEXT""}","{""ImportId"":""QID79_TEXT""}","{""ImportId"":""QID80_TEXT""}","{""ImportId"":""QID81_TEXT""}","{""ImportId"":""QID82_TEXT""}","{""ImportId"":""QID83_TEXT""}","{""ImportId"":""QID84_TEXT""}","{""ImportId"":""QID85_TEXT""}","{""ImportId"":""QID86_TEXT""}","{""ImportId"":""QID87_TEXT""}","{""ImportId"":""QID88_TEXT""}","{""ImportId"":""QID89_TEXT""}","{""ImportId"":""QID90_TEXT""}","{""ImportId"":""QID92_TEXT""}","{""ImportId"":""QID93_TEXT""}","{""ImportId"":""QID94_TEXT""}","{""ImportId"":""QID95_TEXT""}","{""ImportId"":""QID96_TEXT""}","{""ImportId"":""QID97_TEXT""}","{""ImportId"":""QID98_TEXT""}","{""ImportId"":""QID99_TEXT""}","{""ImportId"":""QID100_TEXT""}","{""ImportId"":""QID101_TEXT""}","{""ImportId"":""QID102_TEXT""}","{""ImportId"":""QID103_TEXT""}","{""ImportId"":""QID104_TEXT""}","{""ImportId"":""QID105_TEXT""}","{""ImportId"":""QID106_TEXT""}","{""ImportId"":""QID108_TEXT""}","{""ImportId"":""QID109_TEXT""}","{""ImportId"":""QID110_TEXT""}","{""ImportId"":""QID111_TEXT""}","{""ImportId"":""QID112_TEXT""}","{""ImportId"":""QID113_TEXT""}","{""ImportId"":""QID114_TEXT""}","{""ImportId"":""QID115_TEXT""}","{""ImportId"":""QID116_TEXT""}","{""ImportId"":""QID117_TEXT""}","{""ImportId"":""QID118_TEXT""}","{""ImportId"":""QID119_TEXT""}","{""ImportId"":""QID120_TEXT""}","{""ImportId"":""QID121_TEXT""}","{""ImportId"":""QID122_TEXT""}"
1,395,2023-03-21 16:17,R_1P8mElUnSX13hvA,,,0,0,,Woman,,18,Chinese,High School Diploma,College Diploma,Student,Part time (less than 30 hours per week),Prefer not to disclose,0-15 hours per week,Yes,"Instagram,YouTube,Twitter",,"TikTok,Facebook",5-6 hours,Active,Somewhat well-balanced,Prefer not to disclose,Not Applicable,Not Applicable,Not Applicable,Medical Diagnosis,Not Applicable,Not Applicable,Not Applicable,Not Applicable,Not Applicable,Not Applicable,,Seven Times,Seven Times,Seven Times,Seven Times,Seven Times,,No,No,No,No,No,No,No,Yes,No,,Very Rarely,Rarely,Rarely,Sometimes,Rarely,Very Rarely,Very Rarely,,Sometimes,Almost Always,Always,Almost Never,Sometimes,Almost Never,Almost Always,Never,Almost Never,Never,Almost Never,Never,Never,Almost Never,Almost Never,Always,Sometimes,Never,Almost Always,Almost Never,Sometimes,,30,14,55,11,5,,,120,60,30,15,10,10,0,0,0,0,0,0,0,0,0,60,60,5,30,30,30,20,20,10,10,5,2,0,0,0,0,30,20,10,4,0,0,0,0,0,0,0,0,0,0,0,120,120,60,50,40,30,10,5,2,1,0,0,0,0,0
2,550,2023-03-21 16:18,R_pGhAKKCnqu3faKZ,,,0,0,,Woman,,19,Southeast Asian,Undergraduate Degree,Undergraduate Degree,Student,Student,"$0-$29,999/year",0-15 hours per week,No,"Instagram,YouTube,Reddit",,"TikTok,Facebook",5-6 hours,Moderate,Poor,,Not Applicable,Not Applicable,Not Applicable,Not Applicable,Not Applicable,Not Applicable,Not Applicable,Not Applicable,Not Applicable,Not Applicable,,Seven Times,Seven Times,Seven Times,Seven Times,Seven Times,,Yes,Yes,Yes,Yes,Yes,No,No,Yes,No,,Often,Often,Often,Often,Often,Very Rarely,Sometimes,,Almost Always,Almost Always,Almost Always,Sometimes,Almost Never,Almost Always,Almost Never,Almost Always,Almost Always,Almost Always,Almost Always,Almost Always,Sometimes,Almost Always,Almost Always,Almost Always,Almost Always,Almost Always,Almost Always,Almost Always,Almost Always,,84,21,55,17,55,236,,100,20,0,0,0,0,0,0,0,0,0,0,0,0,0,100,10,10,0,0,0,0,0,0,0,0,0,0,0,0,0,0,0,0,0,0,0,0,0,0,0,0,0,0,0,0,100,20,20,20,20,0,0,0,0,0,0,0,0,0,0
3,602,2023-03-21 16:21,R_1N5iUghEfWvi5lt,,,0,0,,Woman,,28,Not a visible minority,Graduate Degree,Graduate Degree,Start up project manager,Full time (30+ hours per week),"$100,000-$149,999/year",41+ hours per week,No,"Instagram,Snapchat,TikTok,LinkedIn",,"TikTok,Facebook",7-8 hours,Moderate,Poor,,Not Applicable,Not Applicable,Not Applicable,Not Applicable,Not Applicable,Not Applicable,Self-Diagnosis,Not Applicable,Not Applicable,Not Applicable,,Seven Times,Seven Times,Seven Times,Seven Times,Seven Times,,No,No,No,Yes,Yes,No,No,No,No,,Sometimes,Sometimes,Very Rarely,Sometimes,Very Rarely,Very Rarely,Rarely,,Sometimes,Almost Always,Almost Always,Sometimes,Sometimes,Sometimes,Almost Never,Never,Sometimes,Almost Always,Almost Never,Sometimes,Sometimes,Sometimes,Sometimes,Never,Sometimes,Sometimes,Almost Always,Sometimes,Sometimes,,60,39,55,35,10,0,,60,30,30,15,15,10,0,0,0,0,0,0,0,0,0,120,100,5,100,75,50,25,15,0,0,0,0,0,0,0,0,0,0,0,0,0,0,0,0,0,0,0,0,0,0,0,,,,,,,,,,,,,,,
4,717,2023-03-21 16:21,R_3JEInsvOG0Piyd6,,,0,0,,Woman,,24,Not a visible minority,Undergraduate Degree,Graduate Degree,Student,Student,"$0-$29,999/year",0-15 hours per week,No,"Instagram,Snapchat,TikTok",,"TikTok,Facebook",7-8 hours,Moderate,Mostly well-balanced,Prefer not to disclose,Medical Diagnosis,Not Applicable,Not Applicable,Medical Diagnosis,Not Applicable,Not Applicable,Not Applicable,Not Applicable,Not Applicable,Not Applicable,,Seven Times,Seven Times,Seven Times,Seven Times,Seven Times,,No,No,No,Yes,No,No,No,No,No,,Sometimes,Rarely,Rarely,Often,Very Rarely,Very Rarely,Sometimes,,Almost Always,Almost Always,Always,Almost Always,Sometimes,Sometimes,Almost Always,Almost Never,Sometimes,Sometimes,Almost Never,Almost Always,Almost Never,Sometimes,Almost Always,Never,Sometimes,Almost Always,Almost Always,Almost Never,Sometimes,,170,143,55,103,21,12,,200,150,130,100,80,60,20,20,10,5,0,0,0,0,0,40,40,100,30,20,15,10,5,0,0,0,0,0,0,0,0,0,0,0,0,0,0,0,0,0,0,0,0,0,0,0,400,375,350,325,250,200,150,75,20,10,5,0,0,0,0
5,368,2023-03-21 16:23,R_2Eje8TFgOiqBpSV,,,0,0,,Man,,19,South Asian,High School Diploma,Undergraduate Degree,Student,Student,"$50,000-$74.999/year",0-15 hours per week,No,"Instagram,Snapchat,YouTube",,"TikTok,Facebook",7-8 hours,Moderate,Mostly well-balanced,Prefer not to disclose,Not Applicable,Not Applicable,Not Applicable,Not Applicable,Not Applicable,Not Applicable,Not Applicable,Not Applicable,Not Applicable,Not Applicable,,Four Times,Five Times,Three Times,Five Times,Five Times,,No,Yes,No,No,No,No,Yes,No,No,,Often,Sometimes,Sometimes,Sometimes,Sometimes,Sometimes,Sometimes,,Sometimes,Sometimes,Sometimes,Sometimes,Sometimes,Almost Always,Always,Almost Always,Never,Sometimes,Sometimes,Sometimes,Almost Always,Almost Always,Always,Almost Always,Sometimes,Always,Sometimes,Almost Always,Always,,114,125,55,275,14,152,,100,50,50,60,40,10,5,2,0,0,0,0,0,0,0,100,60,0,0,0,60,0,0,0,0,0,0,0,0,0,0,0,0,0,0,0,0,,,0,0,0,0,0,0,0,0,0,0,0,0,,,,,,9,0,0,0,0
6,500,2023-03-21 16:23,R_2B9DfCRODILPTxg,,,0,0,,Man,,22,Chinese,Undergraduate Degree,Undergraduate Degree,Student,Student,"$0-$29,999/year",26-40 hours per week,No,"Instagram,Snapchat,YouTube,LinkedIn,Twitter,Reddit,Facebook",,"TikTok,Facebook",7-8 hours,Moderate,Mostly well-balanced,Prefer not to disclose,Not Applicable,Not Applicable,Not Applicable,Not Applicable,Not Applicable,Not Applicable,Not Applicable,Not Applicable,Not Applicable,Not Applicable,,Seven Times,Seven Times,Seven Times,Seven Times,Seven Times,,No,No,No,No,No,Yes,No,No,No,,Sometimes,Very Rarely,Very Rarely,Very Rarely,Very Rarely,Very Rarely,Sometimes,,Sometimes,Almost Always,Always,Always,Sometimes,Always,Never,Never,Never,Never,Sometimes,Always,Always,Almost Never,Almost Never,Never,Never,Always,Almost Always,Sometimes,Always,,299,220,55,260,523,488,,0,0,0,0,0,0,0,0,0,0,0,0,0,0,0,30,30,0,0,0,0,0,0,0,0,0,0,0,0,0,0,0,0,0,0,0,0,0,0,0,0,0,0,0,0,0,0,0,0,0,0,0,0,0,0,0,0,0,0,0,0
7,857,2023-03-21 16:24,R_3n5kWSusWgo7hD3,,,0,0,,Woman,,21,Chinese,High School Diploma,Undergraduate Degree,Student,Student,"$0-$29,999/year",0-15 hours per week,No,"Instagram,TikTok,YouTube,Twitter,Facebook",,"TikTok,Facebook",5-6 hours,Sedentary,Somewhat well-balanced,,Self-Diagnosis,Not Applicable,Not Applicable,Not Applicable,Not Applicable,Not Applicable,Self-Diagnosis,Not Applicable,Not Applicable,Not Applicable,,Seven Times,Seven Times,Seven Times,Seven Times,Seven Times,,No,Yes,No,Yes,Yes,No,No,No,No,,Rarely,Rarely,Very Rarely,Very Rarely,Very Rarely,Very Rarely,Rarely,,Always,Always,Always,Sometimes,Almost Always,Almost Always,Almost Always,Never,Never,Sometimes,Never,Always,Almost Always,Almost Never,Sometimes,Never,Almost Always,Never,Almost Always,Sometimes,Always,,22,101,55,300,405,502,,120,120,120,120,60,30,30,30,10,0,0,0,0,0,0,30,30,5,120,120,60,60,60,30,10,0,0,0,0,0,0,10,10,10,10,10,0,0,0,0,0,0,0,0,0,0,300,300,120,120,60,60,30,10,10,0,0,0,0,0,0
8,696,2023-03-21 16:25,R_1I620uAoA646gh5,,,0,0,,Woman,,20,"Chinese,Southeast Asian",Undergraduate Degree,Undergraduate Degree,Student,Student,"$0-$29,999/year",Prefer not to disclose,No,"Instagram,TikTok,YouTube,LinkedIn,Twitter,Reddit,Other",Discord,"TikTok,Facebook",5-6 hours,Sedentary,Somewhat well-balanced,Prefer not to disclose,Self-Diagnosis,Not Applicable,Not Applicable,Self-Diagnosis,Not Applicable,Not Applicable,Self-Diagnosis,Not Applicable,Not Applicable,Not Applicable,,Seven Times,Seven Times,Seven Times,Seven Times,Seven Times,,Yes,Yes,Yes,Yes,Yes,No,No,Yes,No,,Often,Often,Very Often,Often,Often,Very Rarely,Very Often,,Always,Always,Always,Always,Always,Almost Always,Almost Always,Almost Always,Almost Never,Almost Always,Almost Always,Always,Almost Never,Almost Always,Almost Always,Never,Always,Almost Always,Almost Always,Almost Always,Sometimes,,90,150,55,200,300,303,,30,50,75,85,95,100,30,10,10,5,1,1,1,0,0,100,90,50,20,50,50,30,20,10,10,5,1,0,0,0,0,100,90,85,65,65,50,30,10,10,1,0,0,0,0,0,200,100,90,85,75,0,10,10,0,0,0,0,0,0,0
9,517,2023-03-21 16:25,R_vruWLyxUslJWsrD,,,0,0,,Woman,,26,South Asian,Graduate Degree,PhD,student,Student,"$0-$29,999/year",16-25 hours per week,No,"Instagram,YouTube,LinkedIn",,Facebook,7-8 hours,Moderate,Mostly well-balanced,Prefer not to disclose,Medical Diagnosis,,,,,Medical Diagnosis,,,,,,Seven Times,Seven Times,Seven Times,Seven Times,Seven Times,,Yes,Yes,Yes,Yes,Yes,Yes,Yes,Yes,No,,Sometimes,Sometimes,Sometimes,Sometimes,Sometimes,Sometimes,Sometimes,,Almost Always,Almost Always,Almost Always,Almost Always,Almost Always,Almost Always,Almost Always,Almost Always,Almost Always,Almost Always,Almost Always,Almost Always,Sometimes,Almost Always,Sometimes,Sometimes,Almost Always,Sometimes,Almost Always,Sometimes,Almost Always,,34,36,55,50,61,67,,100,30,1,1,1,1,0,0,0,0,0,0,0,0,0,100,20,0,0,0,0,0,0,0,0,0,0,0,0,0,0,0,0,0,0,0,0,0,0,0,0,0,0,0,0,0,100,20,20,10,20,0,0,0,0,0,0,0,0,0,0
10,641,2023-03-21 16:26,R_vNaqIsxtOsl3cU9,,,0,5,,Woman,,21,Not a visible minority,Undergraduate Degree,Undergraduate Degree,Student,Student,Prefer not to disclose,Prefer not to disclose,No,"Instagram,Snapchat,TikTok,LinkedIn,Twitter,Pinterest",,"TikTok,Facebook",5-6 hours,Sedentary,Mostly well-balanced,Vision issues,Self-Diagnosis,Not Applicable,Self-Diagnosis,Self-Diagnosis,Not Applicable,Not Applicable,Not Applicable,Not Applicable,Not Applicable,Not Applicable,,Seven Times,Six Times,Seven Times,Seven Times,Seven Times,,No,No,No,No,Yes,No,No,Yes,No,,Very Often,Sometimes,Sometimes,Rarely,Sometimes,Very Rarely,Very Rarely,,Always,Always,Always,Always,Sometimes,Always,Sometimes,Almost Never,Sometimes,Sometimes,Almost Never,Always,Never,Almost Always,Almost Always,Sometimes,Sometimes,Almost Always,Almost Always,Sometimes,Almost Always,,253,74,55,385,38,185,,15,20,25,4,2,1,0,0,0,0,0,0,0,0,0,30,20,5,20,4,2,0,0,0,0,0,0,0,0,0,0,5,3,2,1,0,0,0,0,0,0,0,0,0,0,0,20,15,10,8,5,2,0,0,0,0,0,0,0,0,0
11,525,2023-03-21 16:26,R_20MX627ggEnSNwR,,,0,0,,Woman,,24,Not a visible minority,Graduate Degree,Graduate Degree,Student,Student,"$0-$29,999/year",0-15 hours per week,No,"Instagram,Snapchat,TikTok,YouTube,Reddit,Facebook",,"TikTok,Facebook",7-8 hours,Sedentary,Mostly well-balanced,Prefer not to disclose,Not Applicable,Not Applicable,Not Applicable,Not Applicable,Not Applicable,Not Applicable,Not Applicable,Not Applicable,Not Applicable,Not Applicable,,Seven Times,Seven Times,Four Times,Four Times,Five Times,,No,No,No,No,No,No,No,No,No,,Sometimes,Sometimes,Often,Often,Rarely,Very Rarely,Rarely,,Sometimes,Sometimes,Almost Always,Almost Always,Almost Always,Sometimes,Sometimes,Almost Never,Almost Never,Almost Always,Almost Always,Almost Always,Sometimes,Sometimes,Almost Always,Almost Always,Almost Always,Almost Always,Almost Always,Sometimes,Sometimes,,67,102,55,89,197,196,,1,1,5,5,2,5,5,1,0,0,0,0,0,0,0,60,30,5,10,5,5,5,2,0,0,0,0,0,0,0,0,0,0,0,0,0,0,0,0,0,0,0,0,0,0,0,240,180,60,30,15,10,5,0,0,0,0,0,0,0,0
12,888,2023-03-21 16:26,R_28P1tQV6PtFUNAT,,,0,0,,Man,,23,South Asian,Undergraduate Degree,Undergraduate Degree,Student,Student,"$0-$29,999/year",0-15 hours per week,No,"YouTube,LinkedIn",,,7-8 hours,Moderate,Somewhat well-balanced,Prefer not to disclose,Not Applicable,Self-Diagnosis,Not Applicable,Not Applicable,Self-Diagnosis,Self-Diagnosis,Self-Diagnosis,Not Applicable,Not Applicable,Not Applicable,,Never,Never,Never,Never,Never,,No,Yes,No,Yes,No,No,Yes,Yes,No,,Rarely,Often,Very Often,Often,Often,Very Rarely,Very Rarely,,Always,Always,Almost Always,Sometimes,Almost Always,Almost Never,Never,Never,Never,Always,Always,Sometimes,Never,Always,Almost Always,Never,Always,Almost Always,Almost Always,Sometimes,Almost Always,,100,70,55,30,20,10,,0,0,0,0,0,0,0,0,0,0,0,0,0,0,0,120,120,5,120,90,60,30,0,0,0,0,0,0,0,0,0,0,0,0,0,0,0,0,0,0,0,0,0,0,0,0,120,120,120,100,60,30,10,0,0,0,0,0,0,0,0
13,813,2023-03-21 16:28,R_2zVh8T6jUptkHG9,,,0,0,,Woman,,19,South Asian,Undergraduate Degree,Undergraduate Degree,Student ,Unemployed,"$0-$29,999/year",0-15 hours per week,No,"Instagram,Snapchat,YouTube,Reddit,Facebook,Pinterest",,"TikTok,Facebook",7-8 hours,Moderate,Always well-balanced,Vision issues,Self-Diagnosis,Not Applicable,Not Applicable,Not Applicable,Not Applicable,Not Applicable,Not Applicable,Not Applicable,Not Applicable,Not Applicable,,Five Times,Three Times,Three Times,Seven Times,Six Times,,No,No,No,Yes,Yes,No,No,Yes,No,,Sometimes,Often,Rarely,Often,Rarely,Very Rarely,Very Often,,Almost Always,Always,Always,Almost Always,Always,Almost Always,Always,Almost Never,Sometimes,Almost Always,Sometimes,Sometimes,Never,Almost Never,Sometimes,Never,Always,Almost Always,Almost Always,Always,Sometimes,,150,149,55,100,63,50,,120,60,50,30,20,5,0,0,0,0,0,0,0,0,0,0,50,2,30,20,5,0,0,0,0,0,0,0,0,0,0,120,60,30,20,5,0,0,0,0,0,0,0,0,0,0,0,60,20,0,0,0,0,0,0,0,0,0,0,0,0
14,1128,2023-03-21 16:28,R_2tD4Z4D1iGIfkao,,,0,0,,Woman,,19,Not a visible minority,High School Diploma,College Diploma,Bartender ,Student,"$0-$29,999/year",26-40 hours per week,No,"Instagram,Snapchat,TikTok,Twitter,Pinterest",,"TikTok,Facebook",7-8 hours,Sedentary,Somewhat well-balanced,Vision issues,Self-Diagnosis,Not Applicable,Not Applicable,Not Applicable,Not Applicable,Not Applicable,Not Applicable,Not Applicable,Not Applicable,Not Applicable,,Seven Times,Never,Four Times,Never,Four Times,,No,No,No,Yes,Yes,No,Yes,Yes,No,,Often,Sometimes,Very Often,Very Often,Rarely,Very Rarely,Often,,Always,Sometimes,Almost Always,Sometimes,Sometimes,Sometimes,Almost Never,Sometimes,Almost Never,Almost Always,Sometimes,Almost Never,Sometimes,Almost Always,Almost Always,Never,Almost Always,Almost Never,Almost Always,Almost Always,Sometimes,,15,33,55,60,62,62,,100,100,60,30,10,0,0,0,0,0,0,0,0,0,0,60,60,5,60,30,20,10,5,5,2,0,0,0,0,0,0,0,0,0,0,0,0,0,0,0,0,0,0,0,0,0,30,30,30,10,10,0,0,0,0,0,0,0,0,0,0
15,880,2023-03-21 16:28,R_1jO20Q356H8XhaT,,,0,0,,Woman,,20,Other,High School Diploma,Undergraduate Degree,Student,Student,"$0-$29,999/year",0-15 hours per week,No,"Instagram,YouTube,Other",Discord,"TikTok,Facebook",9-10 hours,Sedentary,Somewhat well-balanced,Sleep issues,Medical Diagnosis,Medical Diagnosis,Medical Diagnosis,Medical Diagnosis,Not Applicable,Not Applicable,Not Applicable,Not Applicable,Not Applicable,Not Applicable,,Seven Times,Seven Times,Seven Times,Seven Times,Seven Times,,No,No,No,No,No,No,No,No,No,,Very Rarely,Very Rarely,Very Rarely,Very Rarely,Very Rarely,Very Rarely,Very Rarely,,Sometimes,Sometimes,Almost Always,Almost Never,Sometimes,Never,Almost Never,Never,Almost Always,Almost Never,Never,Never,Never,Never,Never,Never,Never,Sometimes,Almost Always,Never,Never,,0,,,,,0,,10,20,10,10,5,5,0,0,0,0,0,0,0,0,0,0,0,0,0,0,0,0,0,0,0,0,0,0,0,0,0,0,0,0,0,0,0,0,0,0,0,0,0,0,0,0,0,0,0,0,0,0,0,0,0,0,0,0,0,0,0
16,903,2023-03-21 16:29,R_1reIRAOKg5GF17b,,,0,0,,Woman,,18,South Asian,High School Diploma,Undergraduate Degree,,Part time (less than 30 hours per week),"$0-$29,999/year",0-15 hours per week,No,"Instagram,Snapchat,TikTok",,"TikTok,Facebook",5-6 hours,Moderate,Somewhat well-balanced,Prefer not to disclose,Self-Diagnosis,Not Applicable,Self-Diagnosis,Not Applicable,Self-Diagnosis,Not Applicable,Not Applicable,Not Applicable,Not Applicable,Not Applicable,,Six Times,Five Times,Seven Times,Five Times,Five Times,,No,No,Yes,Yes,Yes,No,No,Yes,No,,Rarely,Sometimes,Often,Sometimes,Rarely,Very Rarely,Rarely,,Almost Always,Almost Always,Always,Sometimes,Almost Never,Almost Never,Sometimes,Never,Sometimes,Sometimes,Almost Never,Sometimes,Almost Never,Almost Always,Sometimes,Never,Almost Never,Almost Never,Almost Always,Almost Always,Sometimes,,120,100,55,76,43,0,,120,120,60,30,15,5,3,1,0,0,0,0,0,0,0,100,100,5,50,40,20,5,1,1,0,0,0,0,0,0,0,500,250,100,25,10,5,2,1,1,0,0,0,0,0,0,500,250,75,40,20,10,3,2,1,0,0,0,0,0,0
17,987,2023-03-21 16:29,R_1mQQ4PlzVVMoXs6,,,0,0,,Woman,,19,Southeast Asian,High School Diploma,Undergraduate Degree,student,Student,"$0-$29,999/year",16-25 hours per week,No,"Instagram,TikTok,YouTube",,"TikTok,Facebook",7-8 hours,Sedentary,Somewhat well-balanced,Prefer not to disclose,Self-Diagnosis,Not Applicable,Not Applicable,Self-Diagnosis,Not Applicable,Not Applicable,Not Applicable,Not Applicable,Not Applicable,Not Applicable,,Seven Times,Five Times,Seven Times,Five Times,Seven Times,,No,No,No,Yes,Yes,No,No,No,No,,Sometimes,Often,Rarely,Often,Rarely,Very Rarely,Sometimes,,Always,Almost Always,Always,Almost Always,Almost Always,Sometimes,Sometimes,Never,Almost Never,Sometimes,Almost Never,Almost Always,Sometimes,Sometimes,Sometimes,Never,Almost Always,Sometimes,Almost Always,Almost Never,Sometimes,,124,102,55,36,0,0,,500,300,100,40,5,10,3,1,0,0,0,0,0,0,0,500,300,10,100,50,10,10,0,0,0,0,0,0,0,0,0,100,50,10,10,10,10,0,0,0,0,0,0,0,0,0,100,100,50,20,10,10,0,0,0,0,0,0,0,0,0
18,723,2023-03-21 16:32,R_2ydx7nkFElqhr4t,,,0,0,,Woman,,22,Not a visible minority,Undergraduate Degree,Undergraduate Degree,student,Student,"$0-$29,999/year",0-15 hours per week,Yes,"Instagram,Snapchat,TikTok,YouTube,Twitter,Reddit,Facebook",,"TikTok,Facebook",7-8 hours,Moderate,Mostly well-balanced,,Not Applicable,Not Applicable,Not Applicable,Not Applicable,Not Applicable,Not Applicable,Not Applicable,Not Applicable,Not Applicable,Not Applicable,,Seven Times,Three Times,One Time,Seven Times,Four Times,,No,No,No,No,No,No,Yes,No,No,,Sometimes,Rarely,Rarely,Rarely,Very Rarely,Very Rarely,Very Rarely,,Almost Always,Almost Always,Sometimes,Almost Always,Almost Always,Always,Almost Never,Never,Sometimes,Almost Always,Almost Never,Sometimes,Never,Almost Always,Almost Never,Never,Sometimes,Sometimes,Almost Always,Almost Never,Almost Always,,99,70,55,30,10,0,,100,100,100,100,75,25,15,0,0,0,0,0,0,0,0,150,150,5,75,75,75,25,15,5,0,0,0,0,0,0,0,0,0,0,0,0,0,0,0,0,0,0,0,0,0,0,100,100,50,25,20,5,0,0,0,0,0,0,0,0,0
19,772,2023-03-21 16:32,R_1BSdNI1nAQCMWnf,,,0,0,,Woman,,21,Not a visible minority,High School Diploma,Undergraduate Degree,student/unemployed,Student,"$0-$29,999/year",Prefer not to disclose,No,"Instagram,Snapchat,TikTok,YouTube,Reddit,Facebook,Pinterest",,"TikTok,Facebook",7-8 hours,Moderate,Mostly well-balanced,Vision issues,Self-Diagnosis,Not Applicable,Not Applicable,Not Applicable,Not Applicable,Not Applicable,Self-Diagnosis,Not Applicable,Not Applicable,Not Applicable,,Seven Times,Six Times,Four Times,Seven Times,Six Times,,No,No,No,Yes,Yes,No,No,Yes,No,,Sometimes,Often,Often,Often,Sometimes,Very Rarely,Sometimes,,Always,Almost Always,Almost Always,Sometimes,Sometimes,Sometimes,Almost Never,Sometimes,Sometimes,Sometimes,Sometimes,Sometimes,Sometimes,Almost Always,Sometimes,Never,Almost Always,Sometimes,Almost Always,Sometimes,Sometimes,,198,200,55,203,202,201,,250,150,150,45,18,10,4,1,1,0,0,0,0,0,0,250,100,15,30,30,20,15,4,2,1,0,0,0,0,0,0,0,0,0,0,0,0,0,0,0,0,0,0,0,0,0,300,200,100,50,20,10,6,2,1,0,0,0,0,0,0
20,675,2023-03-21 16:32,R_2Tq37PJRNWnL5j9,,,0,10,,Man,,21,Chinese,High School Diploma,Undergraduate Degree,Student,Student,Prefer not to disclose,0-15 hours per week,No,"Instagram,TikTok,YouTube,Twitter,Reddit",,"TikTok,Facebook",7-8 hours,Sedentary,Somewhat well-balanced,Vision issues,Medical Diagnosis,Not Applicable,Not Applicable,Medical Diagnosis,Not Applicable,Not Applicable,Not Applicable,Not Applicable,Not Applicable,Not Applicable,,Seven Times,Never,Seven Times,Seven Times,Seven Times,,No,No,No,No,No,No,No,Yes,No,,Very Rarely,Rarely,Sometimes,Very Rarely,Often,Very Rarely,Very Rarely,,Always,Always,Sometimes,Always,Always,Always,Almost Never,Almost Never,Never,Never,Almost Always,Always,Almost Never,Always,Sometimes,Sometimes,Never,Almost Always,Almost Always,Never,Always,,14,0,55,0,0,0,,30,30,10,0,0,0,0,0,0,0,0,0,0,0,0,60,60,5,60,40,30,10,5,5,0,0,0,0,0,0,0,0,0,0,0,0,0,0,0,0,0,0,0,0,0,0,40,40,30,30,20,0,0,0,0,0,0,0,0,0,0
21,1074,2023-03-21 16:33,R_30q8CK4QqNrUJVH,,,0,0,,Woman,,20,"South Asian,West Asian",High School Diploma,Undergraduate Degree,N/A,Part time (less than 30 hours per week),"$0-$29,999/year",0-15 hours per week,No,"Instagram,Snapchat,YouTube,Twitter,Reddit,Facebook,Pinterest",,"TikTok,Facebook",5-6 hours,Active,Mostly well-balanced,Vision issues,Self-Diagnosis,Not Applicable,Self-Diagnosis,Self-Diagnosis,Not Applicable,Not Applicable,Not Applicable,Not Applicable,Not Applicable,Not Applicable,,Seven Times,Six Times,Two Times,Six Times,One Time,,No,No,No,Yes,Yes,No,No,Yes,No,,Often,Sometimes,Often,Very Often,Very Rarely,Very Rarely,Sometimes,,Always,Sometimes,Almost Always,Almost Never,Sometimes,Sometimes,Almost Never,Sometimes,Sometimes,Sometimes,Sometimes,Almost Never,Sometimes,Almost Always,Almost Never,Never,Sometimes,Sometimes,Almost Always,Almost Always,Sometimes,,30,40,55,45,20,60,,5,4,2,2,5,5,3,2,2,0,0,0,0,0,0,20,10,5,20,15,15,10,5,3,0,0,0,0,0,0,0,0,0,0,0,0,0,0,0,0,0,0,0,0,0,0,30,25,25,25,20,15,15,10,5,0,0,0,0,0,0
22,756,2023-03-21 16:34,R_1FrJVJ9LrxIWZpB,,,0,0,,Woman,,23,Arab,Undergraduate Degree,Graduate Degree,Masters Student,Student,"$0-$29,999/year",26-40 hours per week,No,"Instagram,Snapchat,TikTok,YouTube,LinkedIn,Twitter,Facebook",,"TikTok,Facebook",9-10 hours,Moderate,Somewhat well-balanced,Prefer not to disclose,Not Applicable,Not Applicable,Not Applicable,Not Applicable,Not Applicable,Not Applicable,Not Applicable,Not Applicable,Not Applicable,Not Applicable,,Seven Times,Seven Times,Seven Times,Seven Times,Seven Times,,No,No,No,Yes,Yes,No,No,Yes,No,,Often,Sometimes,Rarely,Sometimes,Rarely,Very Rarely,Sometimes,,Always,Always,Always,Always,Always,Sometimes,Sometimes,Never,Sometimes,Almost Never,Never,Sometimes,Almost Never,Sometimes,Always,Never,Almost Never,Sometimes,Almost Always,Never,Almost Always,,112,151,55,208,263,304,,6,6,6,6,6,50,540,300,10,0,0,0,0,0,0,300,250,5,5,50,50,10,10,10,0,0,0,0,0,0,0,0,0,0,0,0,0,0,0,0,0,0,0,0,0,0,500,500,500,250,100,100,50,0,0,0,0,0,0,0,0
23,803,2023-03-21 16:34,R_3HOcPU4djAxTsC8,,,0,0,,Man,,27,Not a visible minority,Undergraduate Degree,Graduate Degree,Student Teacher,Student,"$0-$29,999/year",0-15 hours per week,No,"Instagram,Snapchat,YouTube,Reddit",,"TikTok,Facebook",5-6 hours,Moderate,Mostly well-balanced,,Self-Diagnosis,,,Self-Diagnosis,,,,,,,,Seven Times,Five Times,Seven Times,Seven Times,Never,,No,No,No,Yes,Yes,No,No,Yes,No,,Very Rarely,Very Rarely,Often,Rarely,Very Rarely,Very Rarely,Sometimes,,Almost Always,Always,Almost Always,Always,Almost Never,Sometimes,Never,Never,Almost Never,Sometimes,Almost Always,Almost Never,Sometimes,Always,Almost Never,Never,Almost Always,Sometimes,Almost Always,Never,Sometimes,,180,140,55,30,5,0,,120,120,90,75,60,30,0,0,0,0,0,0,0,0,0,20,20,5,15,10,8,5,2,0,0,0,0,0,0,0,0,0,0,0,0,0,0,0,0,0,0,0,0,0,0,0,180,145,120,100,60,30,10,5,0,0,0,0,0,0,0
24,786,2023-03-21 16:35,R_1HdDNw2MYOXqJzL,,,0,0,,Woman,,20,"Chinese,Korean",High School Diploma,Undergraduate Degree,Student,Student,"$0-$29,999/year",0-15 hours per week,Yes,"Instagram,TikTok,YouTube",,"TikTok,Facebook",5-6 hours,Moderate,Somewhat well-balanced,Prefer not to disclose,Not Applicable,Not Applicable,Not Applicable,Self-Diagnosis,Not Applicable,Not Applicable,Not Applicable,Not Applicable,Not Applicable,Not Applicable,,Six Times,Two Times,Four Times,Four Times,Four Times,,No,No,Yes,Yes,No,No,No,Yes,No,,Often,Often,Sometimes,Sometimes,Rarely,Very Rarely,Very Rarely,,Almost Always,Almost Always,Sometimes,Sometimes,Sometimes,Sometimes,Sometimes,Almost Never,Almost Never,Sometimes,Sometimes,Sometimes,Almost Never,Sometimes,Almost Always,Sometimes,Sometimes,Sometimes,Almost Always,Sometimes,Almost Always,,31,31,55,60,60,14,,200,100,40,20,10,10,0,0,0,0,0,0,0,0,0,500,100,5,50,30,20,20,0,0,0,0,0,0,0,0,0,0,0,0,0,0,0,0,0,0,0,0,0,0,0,0,0,0,0,0,0,0,0,0,0,0,0,0,0,0,0
25,677,2023-03-21 16:36,R_ANBtWdTMGucuV8t,,,0,0,,Woman,,21,Not a visible minority,Undergraduate Degree,Undergraduate Degree,Student,Student,"$0-$29,999/year",0-15 hours per week,No,"Instagram,YouTube",,"TikTok,Facebook",5-6 hours,Active,Mostly well-balanced,Prefer not to disclose,Not Applicable,Not Applicable,Not Applicable,Not Applicable,Not Applicable,Not Applicable,Not Applicable,Not Applicable,Not Applicable,Not Applicable,,Seven Times,Seven Times,Never,Seven Times,Three Times,,No,No,No,Yes,No,No,No,Yes,No,,Rarely,Very Rarely,Often,Sometimes,Very Rarely,Very Rarely,Very Rarely,,Almost Always,Almost Always,Sometimes,Sometimes,Almost Never,Sometimes,Almost Never,Almost Never,Almost Never,Never,Almost Always,Almost Never,Never,Almost Always,Never,Never,Almost Never,Sometimes,Almost Always,Almost Never,Almost Always,,20,30,55,55,51,14,,500,400,350,200,200,40,10,5,2,2,1,1,1,1,1,400,200,5,150,100,80,30,10,5,2,1,1,1,1,1,1,20,17,15,12,11,10,3,2,1,1,1,1,1,1,1,600,500,450,300,200,100,25,15,5,2,1,1,1,1,1
26,1202,2023-03-21 16:36,R_xGjUgLttIeiios9,,,0,0,,Woman,,25,Not a visible minority,Undergraduate Degree,Undergraduate Degree,Occasional teacher,Part time (less than 30 hours per week),"$0-$29,999/year",16-25 hours per week,Yes,"Instagram,TikTok,YouTube,Facebook",,"TikTok,Facebook",7-8 hours,Moderate,Mostly well-balanced,Prefer not to disclose,Medical Diagnosis,Not Applicable,Not Applicable,Not Applicable,Not Applicable,Not Applicable,Not Applicable,Not Applicable,Not Applicable,Not Applicable,,Two Times,Four Times,Five Times,Three Times,Two Times,,No,No,No,No,Yes,No,No,Yes,No,,Rarely,Very Rarely,Sometimes,Very Rarely,Very Rarely,Very Rarely,Rarely,,Almost Always,Always,Always,Almost Always,Almost Always,Almost Always,Sometimes,Never,Almost Never,Almost Always,Sometimes,Sometimes,Almost Never,Sometimes,Sometimes,Almost Never,Sometimes,Almost Always,Almost Always,Almost Never,Sometimes,,33,17,55,112,340,361,,100,40,20,8,4,2,1,0,0,0,0,0,0,0,0,100,50,5,20,10,4,3,1,1,0,0,0,0,0,0,0,100,50,30,4,4,2,2,0,0,0,0,0,0,0,0,200,50,40,12,6,4,2,1,0,0,0,0,0,0,0
27,595,2023-03-21 16:37,R_2YDNsFKHSi6dskL,,,0,0,,Woman,,20,Jewish,High School Diploma,Undergraduate Degree,Student,Unemployed,"$0-$29,999/year",Prefer not to disclose,No,"Instagram,Snapchat,TikTok",,"TikTok,Facebook",7-8 hours,Active,Somewhat well-balanced,Prefer not to disclose,Not Applicable,Not Applicable,Not Applicable,Not Applicable,Not Applicable,Not Applicable,Not Applicable,Not Applicable,Not Applicable,Not Applicable,,Seven Times,Seven Times,Seven Times,Seven Times,Seven Times,,Yes,Yes,Yes,Yes,No,Yes,No,No,Yes,,Very Often,Very Often,Very Often,Very Often,Very Often,Very Often,Very Often,,Always,Always,Almost Always,Almost Always,Sometimes,Almost Always,Always,Always,Almost Always,Always,Almost Always,Almost Always,Almost Always,Always,Always,Almost Always,Almost Always,Sometimes,Sometimes,Almost Always,Always,,30,52,55,62,75,51,,10,20,30,50,100,100,200,250,300,350,400,300,500,600,1000,10,10,100,50,50,100,600,700,800,900,1000,1000,600,1000,1050,3000,10,20,30,50,100,1000,300,600,120,160,170,1400,2800,5600,11200,10,50,130,125,50,100,300,6000,1100,3500,700,1400,2800,5600,11200
28,754,2023-03-21 16:37,R_1rP3ePFQ3SLmidT,,,0,0,,Man,,20,Chinese,High School Diploma,Undergraduate Degree,Student,Student,"$0-$29,999/year",16-25 hours per week,No,"Instagram,YouTube",,"TikTok,Facebook",5-6 hours,Moderate,Poor,Sleep issues,Not Applicable,Not Applicable,Not Applicable,Not Applicable,Not Applicable,Not Applicable,Not Applicable,Not Applicable,Not Applicable,Not Applicable,,Three Times,Never,Seven Times,Three Times,Seven Times,,No,No,No,No,No,No,No,Yes,No,,Rarely,Very Rarely,Sometimes,Rarely,Very Rarely,Very Rarely,Rarely,,Almost Always,Sometimes,Always,Sometimes,Almost Always,Almost Always,Almost Never,Never,Always,Almost Always,Almost Always,Sometimes,Sometimes,Sometimes,Almost Never,Never,Sometimes,Sometimes,Almost Always,Never,Almost Always,,126,100,55,64,36,21,,1,2,5,5,10,10,20,30,30,30,30,30,30,30,33,30,20,5,30,33,34,35,40,40,41,45,45,46,47,47,47,1,2,3,4,5,5,5,5,5,0,0,0,0,0,0,1,2,3,4,5,5,5,5,5,0,0,0,0,0,0
29,352,2023-03-21 16:38,R_Z8luh2MB51YKLsd,,TRUE,98,0,2023-03-21 22:29,Woman,,19,South Asian,High School Diploma,Undergraduate Degree,Student,Part time (less than 30 hours per week),"$0-$29,999/year",0-15 hours per week,No,"Instagram,YouTube",,"TikTok,Facebook",9-10 hours,Moderate,Somewhat well-balanced,Prefer not to disclose,Not Applicable,Not Applicable,Not Applicable,Not Applicable,Not Applicable,Not Applicable,Not Applicable,Not Applicable,Not Applicable,Not Applicable,,Three Times,Three Times,Two Times,Two Times,Three Times,,Yes,No,No,No,No,No,No,No,No,,Sometimes,Sometimes,Sometimes,Sometimes,Sometimes,Sometimes,Sometimes,,Sometimes,Sometimes,Sometimes,Sometimes,Sometimes,Sometimes,Sometimes,Sometimes,Sometimes,Sometimes,Sometimes,Sometimes,Sometimes,Sometimes,Sometimes,Sometimes,Sometimes,Sometimes,Sometimes,Sometimes,Sometimes,,43,44,55,121,122,157,,30,20,10,10,10,5,2,1,0,0,0,0,0,0,0,30,10,10,10,10,10,10,10,10,5,5,0,0,0,0,0,15,15,15,10,10,5,5,5,5,0,0,0,0,0,0,15,15,15,15,15,15,0,0,0,0,0,9,0,0,0
30,991,2023-03-21 16:38,R_2fxtxpioFhtc5PF,,,0,0,,Woman,,21,Chinese,High School Diploma,Undergraduate Degree,Student,Part time (less than 30 hours per week),"$0-$29,999/year",0-15 hours per week,Yes,"Instagram,YouTube,LinkedIn,Facebook,Pinterest",,"TikTok,Facebook",7-8 hours,Moderate,Somewhat well-balanced,Prefer not to disclose,Not Applicable,Not Applicable,Not Applicable,Not Applicable,Not Applicable,Not Applicable,Not Applicable,Not Applicable,Not Applicable,Not Applicable,,Seven Times,Three Times,Seven Times,Six Times,Five Times,,No,No,No,Yes,Yes,No,No,Yes,No,,Sometimes,Rarely,Sometimes,Sometimes,Very Rarely,Very Rarely,Sometimes,,Almost Always,Almost Always,Always,Sometimes,Almost Always,Sometimes,Almost Never,Almost Never,Almost Never,Almost Never,Sometimes,Sometimes,Almost Never,Almost Never,Almost Never,Never,Sometimes,Sometimes,Almost Always,Sometimes,Almost Always,,20,20,55,20,30,30,,60,30,25,10,20,0,0,0,0,0,0,0,0,0,0,60,30,5,20,20,10,10,5,0,0,0,0,0,0,0,0,0,0,0,0,0,0,0,0,0,0,0,0,0,0,0,60,30,20,16,5,4,0,0,0,0,0,0,0,0,0
31,555,2023-03-21 16:38,R_0Gqm2KixGgVQ8ed,,,0,0,,Woman,,20,Chinese,Undergraduate Degree,Undergraduate Degree,Student,Student,"$0-$29,999/year",0-15 hours per week,No,"Instagram,Snapchat,TikTok,YouTube,LinkedIn,Facebook",,"TikTok,Facebook",5-6 hours,Sedentary,Somewhat well-balanced,Muscular/Skeletal issues,Medical Diagnosis,Not Applicable,Not Applicable,Medical Diagnosis,Not Applicable,Not Applicable,Not Applicable,Not Applicable,Not Applicable,Not Applicable,,Seven Times,Seven Times,Seven Times,Seven Times,Seven Times,,Yes,Yes,No,Yes,Yes,Yes,No,Yes,No,,Sometimes,Often,Often,Sometimes,Often,Very Rarely,Often,,Always,Always,Always,Almost Always,Always,Almost Always,Sometimes,Almost Always,Almost Always,Almost Always,Almost Never,Always,Sometimes,Almost Never,Almost Always,Never,Always,Almost Always,Almost Always,Almost Always,Sometimes,,70,60,55,20,11,5,,1000,100,75,50,25,20,15,10,8,5,1,0,0,0,0,250,200,175,150,125,120,110,100,80,75,50,20,15,10,0,0,0,0,0,0,50,25,20,15,10,0,0,0,0,0,0,100,80,75,65,50,40,30,25,15,10,0,0,0,0,0
32,685,2023-03-21 16:40,R_9GM3y5XS1pOgTg5,,,0,0,,Woman,,20,Black/African American,High School Diploma,Undergraduate Degree,Student ,Student,"$0-$29,999/year",0-15 hours per week,No,"Instagram,Snapchat,YouTube,Twitter,Reddit,Facebook,Pinterest",,"TikTok,Facebook",7-8 hours,Sedentary,Poor,Vision issues,Self-Diagnosis,Not Applicable,Not Applicable,Self-Diagnosis,Self-Diagnosis,Not Applicable,Not Applicable,Not Applicable,Not Applicable,Not Applicable,,Two Times,Four Times,Four Times,Three Times,Four Times,,No,Yes,No,No,Yes,Yes,No,No,Yes,,Often,Often,Sometimes,Sometimes,Often,Often,Often,,Always,Almost Always,Always,Always,Almost Always,Always,Always,Always,Always,Always,Always,Always,Always,Almost Always,Always,Always,Always,Always,Always,Almost Always,Almost Always,,394,448,41,407,364,482,,250,250,200,200,100,100,5,5,1,0,0,0,0,0,0,200,200,200,200,200,200,200,200,150,150,100,70,70,70,70,30,200,200,200,200,200,200,200,200,200,200,200,200,200,150,150,100,100,100,100,100,100,40,30,20,10,10,0,0,0,0
33,1275,2023-03-21 16:40,R_W1YCNispvSksn5f,,,0,30,,Man,,25,West Asian,Undergraduate Degree,Graduate Degree,Grad student,Student,"$0-$29,999/year",41+ hours per week,No,"Instagram,YouTube",,"TikTok,Facebook",5-6 hours,Sedentary,Poor,Prefer not to disclose,Self-Diagnosis,Not Applicable,Not Applicable,Self-Diagnosis,Not Applicable,Not Applicable,Not Applicable,Not Applicable,Not Applicable,Not Applicable,,Three Times,One Time,Three Times,Five Times,One Time,,No,Yes,No,No,Yes,No,No,No,No,,Rarely,Rarely,Sometimes,Sometimes,Very Rarely,Very Rarely,Rarely,,Sometimes,Almost Always,Almost Always,Never,Sometimes,Sometimes,Almost Never,Sometimes,Sometimes,Almost Never,Sometimes,Sometimes,Almost Never,Almost Never,Never,Never,Sometimes,Sometimes,Almost Always,Almost Never,Almost Always,,20,15,55,18,18,19,,120,20,0,0,0,0,0,0,0,0,0,0,0,0,0,120,60,90,10,10,5,2,0,0,0,0,0,0,0,0,0,0,0,0,0,0,0,0,0,0,0,0,0,0,0,0,120,30,10,5,0,0,0,0,0,0,0,0,0,0,0
34,631,2023-03-21 16:41,R_27HFK1THJsrkjzp,,,0,0,,Man,,18,Korean,High School Diploma,Undergraduate Degree,N/A,Other,Prefer not to disclose,0-15 hours per week,Yes,"Instagram,YouTube,Reddit,Other",Tumblr,"TikTok,Facebook",5-6 hours,Moderate,Somewhat well-balanced,Prefer not to disclose,Self-Diagnosis,Not Applicable,Not Applicable,Self-Diagnosis,Not Applicable,Not Applicable,Not Applicable,Not Applicable,Not Applicable,Not Applicable,,Seven Times,Six Times,Two Times,Seven Times,Seven Times,,No,No,No,Yes,No,No,No,No,No,,Rarely,Very Rarely,Very Rarely,Very Often,Rarely,Very Rarely,Rarely,,Almost Always,Always,Always,Sometimes,Almost Always,Always,Sometimes,Almost Never,Sometimes,Sometimes,Never,Sometimes,Sometimes,Almost Never,Almost Never,Almost Never,Almost Always,Sometimes,Almost Always,Never,Almost Always,,60,60,55,60,60,60,,0,0,0,0,0,0,0,0,0,0,0,0,0,0,0,0,0,0,0,0,0,0,0,0,0,0,0,0,0,0,0,0,0,0,0,0,0,0,0,0,0,0,0,0,0,0,0,0,0,0,0,0,0,0,0,0,0,0,0,0,0
35,979,2023-03-21 16:42,R_3JqO8oTDDSniU0g,,,0,0,,Woman,,25,Not a visible minority,Graduate Degree,Graduate Degree,Law student,Student,"$0-$29,999/year",0-15 hours per week,No,"Instagram,Facebook",,"TikTok,Facebook",7-8 hours,Moderate,Always well-balanced,Vision issues,Medical Diagnosis,Not Applicable,Not Applicable,Medical Diagnosis,Not Applicable,Not Applicable,Self-Diagnosis,Not Applicable,Not Applicable,Not Applicable,,Seven Times,Three Times,Never,Seven Times,Three Times,,No,No,No,Yes,Yes,Yes,No,Yes,No,,Sometimes,Sometimes,Very Often,Often,Rarely,Very Rarely,Rarely,,Sometimes,Always,Always,Always,Almost Always,Sometimes,Almost Never,Never,Sometimes,Almost Always,Sometimes,Never,Never,Almost Always,Almost Never,Never,Almost Always,Always,Almost Always,Sometimes,Almost Always,,30,40,55,51,9,1,,45,40,30,15,10,5,0,0,0,0,0,0,0,0,0,100,80,5,50,30,15,10,5,1,0,0,0,0,0,0,0,0,0,0,0,0,0,0,0,0,0,0,0,0,0,0,100,80,40,20,10,5,2,11,0,0,0,0,0,0,0
36,490,2023-03-21 16:42,R_2OT4uIwiLudCQug,,,0,0,,Woman,,18,South Asian,High School Diploma,Undergraduate Degree,hostess,Part time (less than 30 hours per week),"$0-$29,999/year",0-15 hours per week,No,"Instagram,Snapchat",,"TikTok,Facebook",7-8 hours,Active,Somewhat well-balanced,Prefer not to disclose,Not Applicable,Not Applicable,Not Applicable,Not Applicable,Not Applicable,Not Applicable,Not Applicable,Not Applicable,Not Applicable,Not Applicable,,Seven Times,Seven Times,Seven Times,Seven Times,Seven Times,,No,Yes,Yes,Yes,Yes,No,Yes,No,Yes,,Sometimes,Sometimes,Sometimes,Sometimes,Sometimes,Very Rarely,Sometimes,,Sometimes,Sometimes,Almost Always,Almost Always,Always,Sometimes,Sometimes,Sometimes,Almost Never,Never,Sometimes,Sometimes,Almost Never,Sometimes,Sometimes,Never,Almost Always,Almost Always,Almost Always,Sometimes,Sometimes,,95,179,55,226,109,97,,10,5,3,4,3,1,0,0,0,0,0,0,0,0,0,,,,,,,,,,,,,,,,,,,,,,,,,,,,,,,,,,,,,,,,,,,,,,
37,703,2023-03-21 16:42,R_23TNMaNOOj5wy1H,,,0,30,,Woman,,18,Not a visible minority,High School Diploma,Undergraduate Degree,Unemployed ,Unemployed,"$0-$29,999/year",0-15 hours per week,No,"Instagram,Snapchat",,,7-8 hours,Very Active,Always well-balanced,Vision issues,Not Applicable,Not Applicable,Not Applicable,Not Applicable,Not Applicable,Not Applicable,Not Applicable,Not Applicable,Not Applicable,Not Applicable,,Seven Times,Seven Times,Two Times,Five Times,Seven Times,,No,No,No,Yes,Yes,No,Yes,No,No,,Sometimes,Rarely,Rarely,Often,Very Rarely,Very Rarely,Very Rarely,,Almost Always,Almost Always,Always,Sometimes,Never,Almost Never,Sometimes,Never,Never,Almost Never,Never,Almost Never,Never,Never,Sometimes,Almost Never,Sometimes,Sometimes,Almost Always,Sometimes,Sometimes,,66,57,55,36,68,99,,20,20,20,1,1,0,0,0,0,0,0,0,0,0,0,20,30,0,10,1,1,0,0,0,0,0,0,0,0,0,0,0,0,0,0,0,0,0,0,0,0,0,0,0,0,0,0,0,0,0,0,0,0,0,0,0,0,0,0,0,0
38,1086,2023-03-21 16:42,R_2R7FSk6Fjxexn90,,,0,0,,Woman,,23,South Asian,Undergraduate Degree,Undergraduate Degree,Student ,Student,Prefer not to disclose,26-40 hours per week,No,"Instagram,TikTok,YouTube,Twitter",,"TikTok,Facebook",5-6 hours,Moderate,Somewhat well-balanced,Prefer not to disclose,Self-Diagnosis,Self-Diagnosis,Self-Diagnosis,Self-Diagnosis,Self-Diagnosis,Not Applicable,Not Applicable,Not Applicable,Not Applicable,Not Applicable,,Seven Times,Five Times,Three Times,Seven Times,Seven Times,,No,No,No,Yes,No,No,Yes,Yes,No,,Rarely,Rarely,Sometimes,Rarely,Very Rarely,Very Rarely,Rarely,,Sometimes,Always,Always,Almost Always,Almost Always,Sometimes,Almost Always,Almost Never,Sometimes,Almost Never,Sometimes,Sometimes,Never,Sometimes,Almost Always,Almost Never,Sometimes,Almost Always,Almost Always,Sometimes,Almost Always,,63,63,55,45,32,30,,200,200,10,10,15,10,10,0,0,0,0,0,0,0,0,200,200,5,15,15,15,15,13,6,6,5,4,2,0,0,0,60,60,15,10,10,5,3,2,0,0,0,0,0,0,0,200,200,3,30,10,10,10,5,4,5,0,0,0,0,0
39,413,2023-03-21 16:42,R_23Vk5SWbt0XHQNm,,,0,0,,Man,,20,Chinese,Undergraduate Degree,Undergraduate Degree,Barista,Part time (less than 30 hours per week),"$0-$29,999/year",0-15 hours per week,No,"Instagram,Snapchat,YouTube",,"TikTok,Facebook",7-8 hours,Active,Mostly well-balanced,Muscular/Skeletal issues,Self-Diagnosis,Not Applicable,Not Applicable,Self-Diagnosis,Not Applicable,Not Applicable,Self-Diagnosis,Not Applicable,Not Applicable,Not Applicable,,Seven Times,Seven Times,Seven Times,Seven Times,Seven Times,,Yes,Yes,Yes,Yes,Yes,Yes,Yes,Yes,Yes,,Very Rarely,Very Rarely,Very Rarely,Very Rarely,Very Rarely,Very Rarely,Very Rarely,,Never,Never,Never,Never,Never,Never,Never,Never,Never,Never,Never,Never,Never,Never,Never,Never,Never,Never,Almost Always,Never,Never,,109,109,55,225,161,247,,1,1,1,1,1,1,1,1,1,0,0,0,0,0,0,5,5,4,4,4,5,4,4,4,4,4,4,0,0,0,0,0,0,0,0,0,0,0,0,0,0,0,0,0,0,0,0,0,0,0,0,0,0,0,0,0,0,0,0,0,0
40,406,2023-03-21 16:45,R_3CQ7dk0Jn51n0Qa,,,0,0,,Man,,28,South Asian,Graduate Degree,Graduate Degree,student,Student,"$0-$29,999/year",0-15 hours per week,No,"Instagram,Snapchat,YouTube,LinkedIn",,"TikTok,Facebook",5-6 hours,Moderate,Somewhat well-balanced,Sleep issues,Not Applicable,Not Applicable,Not Applicable,Not Applicable,Not Applicable,Not Applicable,Not Applicable,Not Applicable,Not Applicable,Not Applicable,,Seven Times,Six Times,Six Times,Five Times,Six Times,,Yes,Yes,No,Yes,Yes,No,No,No,Yes,,Rarely,Very Rarely,Very Often,Rarely,Sometimes,Sometimes,Rarely,,Always,Almost Always,Sometimes,Almost Always,Almost Always,Sometimes,Sometimes,Almost Always,Almost Always,Always,Almost Always,Almost Always,Almost Always,Always,Always,Sometimes,Sometimes,Almost Always,Almost Always,Sometimes,Always,,354,325,53,298,352,458,,30,50,100,150,150,180,200,200,200,200,200,250,280,280,560,50,50,50,50,60,60,70,100,80,100,100,100,140,140,280,280,100,100,100,100,100,100,120,80,60,40,30,10,5,1,1,200,180,150,100,80,60,50,20,10,5,1,1,0,0,0
41,908,2023-03-21 16:45,R_pN3Km3wM5RE0R2h,,,0,10,,Woman,,23,Chinese,Undergraduate Degree,Undergraduate Degree,Student,Student,"$0-$29,999/year",0-15 hours per week,No,"Instagram,YouTube,Facebook",,"TikTok,Facebook",9-10 hours,Active,Mostly well-balanced,Prefer not to disclose,Not Applicable,Not Applicable,Not Applicable,Not Applicable,Not Applicable,Not Applicable,Not Applicable,Not Applicable,Not Applicable,Not Applicable,,Seven Times,Five Times,Seven Times,Seven Times,Five Times,,No,No,Yes,No,No,No,No,Yes,No,,Sometimes,Sometimes,Sometimes,Rarely,Rarely,Rarely,Rarely,,Almost Always,Always,Always,Sometimes,Always,Always,Almost Always,Almost Never,Sometimes,Sometimes,Sometimes,Almost Always,Sometimes,Sometimes,Almost Always,Never,Almost Never,Almost Always,Almost Always,Sometimes,Almost Always,,10,30,55,45,55,60,,120,100,60,10,10,5,5,3,1,0,0,0,0,0,0,120,100,5,60,45,30,10,5,3,1,0,0,0,0,0,0,120,100,5,5,2,2,0,0,0,0,0,0,0,0,0,120,100,60,60,30,10,5,3,1,0,0,0,0,0,0
42,944,2023-03-21 16:45,R_22zB5ntQBOvbTdx,,,0,0,,Woman,,25,Not a visible minority,Graduate Degree,Graduate Degree,Student,Student,"$0-$29,999/year",0-15 hours per week,No,"Instagram,TikTok,Facebook",,"TikTok,Facebook",7-8 hours,Active,Mostly well-balanced,Prefer not to disclose,Not Applicable,Not Applicable,Not Applicable,Not Applicable,Not Applicable,Not Applicable,Not Applicable,Not Applicable,Not Applicable,Not Applicable,,Seven Times,Seven Times,Seven Times,Five Times,Seven Times,,No,No,No,Yes,No,No,No,Yes,No,,Rarely,Rarely,Sometimes,Sometimes,Very Rarely,Very Rarely,Very Rarely,,Almost Always,Always,Almost Always,Almost Always,Almost Always,Sometimes,Almost Never,Never,Almost Never,Sometimes,Almost Never,Almost Never,Almost Never,Almost Always,Sometimes,Never,Sometimes,Almost Always,Almost Always,Sometimes,Sometimes,,100,100,55,74,5,0,,30,15,15,0,0,0,0,0,0,0,0,0,0,0,0,60,30,5,15,0,0,0,0,0,0,0,0,0,0,0,0,0,0,0,0,0,0,0,0,0,0,0,0,0,0,0,60,45,0,0,0,0,0,0,0,0,0,0,0,0,0
43,603,2023-03-21 16:45,R_PMUZEGnaqWYN7Nf,,,0,0,,Man,,30,Southeast Asian,Graduate Degree,Graduate Degree,Registered Nurse,Full time (30+ hours per week),"$100,000-$149,999/year",26-40 hours per week,No,"Instagram,YouTube,LinkedIn,Facebook",,"TikTok,Facebook",7-8 hours,Active,Mostly well-balanced,,Not Applicable,Not Applicable,Not Applicable,Not Applicable,Not Applicable,Not Applicable,Not Applicable,Not Applicable,Not Applicable,Not Applicable,,Seven Times,Seven Times,Seven Times,Seven Times,Seven Times,,Yes,No,No,No,No,No,No,No,No,,Sometimes,Rarely,Rarely,Rarely,Very Rarely,Very Rarely,Rarely,,Sometimes,Sometimes,Sometimes,Sometimes,Sometimes,Sometimes,Sometimes,Sometimes,Sometimes,Sometimes,Almost Never,Sometimes,Almost Always,Sometimes,Almost Never,Almost Never,Sometimes,Almost Always,Almost Always,Sometimes,Almost Never,,181,128,55,249,294,340,,10,5,3,2,1,0,0,0,0,0,0,0,0,0,0,20,10,0,5,3,2,1,0,0,0,0,0,0,0,0,0,30,20,15,10,5,3,1,0,0,0,0,0,0,0,0,30,20,15,10,5,3,2,0,0,0,0,0,0,0,0
44,271,2023-03-21 16:46,R_rltxGh1s9fXhB1D,,,0,0,,Man,,28,Chinese,Undergraduate Degree,Undergraduate Degree,Student,Part time (less than 30 hours per week),"$0-$29,999/year",0-15 hours per week,Yes,"Facebook,Other",Email,Facebook,7-8 hours,Moderate,Somewhat well-balanced,Muscular/Skeletal issues,Medical Diagnosis,Self-Diagnosis,Self-Diagnosis,Not Applicable,Not Applicable,Not Applicable,Self-Diagnosis,Not Applicable,Not Applicable,Not Applicable,,Two Times,Three Times,Four Times,Three Times,Three Times,,No,Yes,No,Yes,No,Yes,Yes,No,No,,Sometimes,Sometimes,Often,Sometimes,Sometimes,Rarely,Sometimes,,Sometimes,Almost Always,Sometimes,Sometimes,Sometimes,Sometimes,Almost Always,Almost Never,Sometimes,Sometimes,Almost Always,Almost Always,Almost Always,Almost Always,Sometimes,Sometimes,Sometimes,Sometimes,Sometimes,Sometimes,Almost Always,,96,181,15,187,152,144,,60,50,40,30,20,10,0,0,0,0,0,0,0,0,0,60,50,0,40,30,20,10,0,0,0,0,0,0,0,0,0,0,0,0,0,0,0,0,0,0,0,0,0,0,0,0,60,50,40,30,20,10,0,0,0,0,0,0,0,0,0
45,1777,2023-03-21 16:46,R_0VTHKGvb7fHOEXn,,,0,10,,Man,,33,Black/African American,Graduate Degree,PhD,Student,Student,"$30,000-$49,999/year",16-25 hours per week,No,"YouTube,Twitter,Facebook",,"TikTok,Facebook",5-6 hours,Active,Somewhat well-balanced,Prefer not to disclose,Not Applicable,Not Applicable,Not Applicable,Not Applicable,Not Applicable,Not Applicable,Not Applicable,Not Applicable,Not Applicable,Not Applicable,,Seven Times,Seven Times,Seven Times,Seven Times,Seven Times,,No,No,No,No,Yes,No,No,No,Yes,,Sometimes,Sometimes,Sometimes,Often,Often,Sometimes,Sometimes,,Always,Almost Always,Almost Always,Almost Always,Sometimes,Almost Always,Sometimes,Almost Always,Almost Always,Sometimes,Sometimes,Almost Always,Sometimes,Almost Always,Almost Always,Almost Always,Almost Always,Almost Always,Almost Always,Almost Always,Almost Always,,175,59,19,160,122,129,,100,100,100,100,50,50,0,0,0,0,0,0,0,0,0,100,100,100,100,100,50,50,50,0,0,0,0,0,0,0,0,0,0,0,0,0,0,0,0,0,0,0,0,0,0,0,0,0,0,0,0,0,0,0,0,0,0,0,0,0,0
46,935,2023-03-21 16:47,R_3IccgYyvNZTHFOT,,,0,0,,Woman,,25,Not a visible minority,Graduate Degree,Graduate Degree,student,Student,"$0-$29,999/year",0-15 hours per week,No,"Instagram,Snapchat,TikTok,YouTube,LinkedIn,Twitter,Facebook,Pinterest",,TikTok,5-6 hours,Moderate,Somewhat well-balanced,Vision issues,Medical Diagnosis,Not Applicable,Not Applicable,Medical Diagnosis,Medical Diagnosis,Not Applicable,Not Applicable,Not Applicable,Not Applicable,Not Applicable,,Seven Times,Two Times,Two Times,One Time,Four Times,,No,No,No,Yes,Yes,No,No,Yes,Yes,,Very Rarely,Rarely,Often,Sometimes,Very Rarely,Very Rarely,Sometimes,,Almost Always,Almost Always,Almost Always,Almost Always,Sometimes,Sometimes,Almost Never,Sometimes,Almost Never,Almost Never,Sometimes,Sometimes,Sometimes,Almost Always,Almost Never,Never,Almost Never,Sometimes,Almost Always,Almost Never,Almost Always,,313,314,55,257,172,75,,120,120,100,100,90,45,10,0,0,0,0,0,0,0,0,180,180,5,145,120,120,90,60,30,10,0,0,0,0,0,0,15,15,15,15,15,10,5,0,0,0,0,0,0,0,0,60,60,60,60,45,30,0,0,0,0,0,0,0,0,0
47,999,2023-03-21 16:47,R_3k0UQ1LUzNDua7Z,,,0,0,,Woman,,20,Not a visible minority,High School Diploma,Undergraduate Degree,Student,Part time (less than 30 hours per week),"$0-$29,999/year",0-15 hours per week,No,"Instagram,TikTok,YouTube,Twitter,Reddit,Facebook",,"TikTok,Facebook",9-10 hours,Moderate,Somewhat well-balanced,Prefer not to disclose,Medical Diagnosis,Not Applicable,Self-Diagnosis,Not Applicable,Not Applicable,Not Applicable,Medical Diagnosis,Not Applicable,Not Applicable,Not Applicable,,Seven Times,Seven Times,Two Times,Never,Five Times,,No,No,Yes,No,Yes,No,No,Yes,No,,Sometimes,Rarely,Very Rarely,Very Rarely,Rarely,Very Rarely,Rarely,,Sometimes,Always,Almost Always,Almost Never,Sometimes,Never,Almost Always,Never,Almost Never,Almost Always,Never,Almost Never,Sometimes,Sometimes,Always,Almost Never,Sometimes,Sometimes,Almost Always,Almost Always,Almost Always,,0,0,,,0,0,,100,60,30,30,10,0,0,0,0,0,0,0,0,0,0,60,60,5,40,30,15,15,15,5,0,0,0,0,0,0,0,500,300,100,100,60,60,20,5,1,0,0,0,0,0,0,100,0,0,0,0,0,0,0,0,0,0,0,0,0,0
48,1051,2023-03-21 16:47,R_2q9P0LqaORY4TOq,,,0,0,,Woman,,21,Not a visible minority,Undergraduate Degree,Undergraduate Degree,Student,Student,"$0-$29,999/year",0-15 hours per week,No,"Instagram,YouTube,LinkedIn,Reddit,Pinterest",,"TikTok,Facebook",7-8 hours,Moderate,Somewhat well-balanced,Prefer not to disclose,Self-Diagnosis,Not Applicable,Not Applicable,Medical Diagnosis,Not Applicable,Not Applicable,Not Applicable,Not Applicable,Not Applicable,Not Applicable,,Five Times,Three Times,Seven Times,Two Times,Three Times,,No,No,No,No,Yes,No,No,No,No,,Very Rarely,Very Rarely,Sometimes,Rarely,Very Rarely,Very Rarely,Very Rarely,,Always,Always,Almost Never,Sometimes,Almost Always,Always,Almost Never,Never,Sometimes,Never,Sometimes,Never,Sometimes,Almost Never,Always,Never,Sometimes,Sometimes,Almost Always,Never,Sometimes,,2,10,55,8,2,0,,0,0,0,0,0,0,0,0,0,0,0,0,0,0,0,20,10,5,10,5,0,0,0,0,0,0,0,0,0,0,0,0,0,0,0,0,0,0,0,0,0,0,0,0,0,0,30,20,10,0,0,0,0,0,0,0,0,0,0,0,0
49,1176,2023-03-21 16:48,R_1Pd4Z16T8cN05Ax,,,0,0,,Man,,18,Chinese,High School Diploma,Undergraduate Degree,none,Student,"$0-$29,999/year",0-15 hours per week,No,"Instagram,Snapchat,TikTok,YouTube,Reddit",,"TikTok,Facebook",5-6 hours,Active,Somewhat well-balanced,Prefer not to disclose,Not Applicable,Not Applicable,Not Applicable,Not Applicable,Not Applicable,Not Applicable,Not Applicable,Not Applicable,Not Applicable,Not Applicable,,Six Times,Four Times,Five Times,Five Times,Seven Times,,No,Yes,No,Yes,Yes,Yes,No,Yes,No,,Sometimes,Sometimes,Often,Often,Sometimes,Very Rarely,Often,,Almost Always,Almost Always,Almost Always,Almost Always,Almost Always,Always,Sometimes,Sometimes,Sometimes,Sometimes,Sometimes,Sometimes,Sometimes,Sometimes,Sometimes,Almost Never,Almost Always,Sometimes,Almost Always,Almost Never,Sometimes,,60,60,55,50,33,0,,20,10,10,30,40,20,30,0,0,0,0,0,0,0,0,200,300,5,300,500,500,200,300,500,500,500,500,0,0,0,0,0,0,0,0,0,0,0,0,0,0,0,0,0,0,0,0,0,0,0,0,0,0,0,0,0,0,0,0,0,0
50,731,2023-03-21 16:48,R_21p6fhdJoUB489w,,,0,0,,Woman,,23,Not a visible minority,Graduate Degree,Graduate Degree,student,Student,"$0-$29,999/year",0-15 hours per week,No,"Instagram,Reddit,Facebook",,"TikTok,Facebook",7-8 hours,Moderate,Somewhat well-balanced,Vision issues,Not Applicable,Not Applicable,Not Applicable,Not Applicable,Not Applicable,Not Applicable,Not Applicable,Not Applicable,Not Applicable,Not Applicable,,Four Times,Never,Never,Seven Times,Five Times,,No,No,No,Yes,No,No,No,Yes,No,,Sometimes,Sometimes,Sometimes,Often,Rarely,Very Rarely,Rarely,,Always,Always,Always,Almost Always,Always,Always,Sometimes,Almost Never,Almost Always,Always,Sometimes,Sometimes,Sometimes,Almost Always,Always,Never,Sometimes,Sometimes,Almost Always,Sometimes,Sometimes,,46,40,55,14,5,51,,60,30,20,15,10,5,0,0,0,0,0,0,0,0,0,100,70,50,50,35,25,20,15,10,5,0,0,0,0,0,0,10,0,0,0,0,0,0,0,0,0,0,0,0,0,0,150,100,90,80,70,60,30,20,10,5,0,0,0,0,0
51,777,2023-03-21 16:48,R_2aLkaagPZxYmjcO,,,0,0,,Woman,,18,Black/African American,Undergraduate Degree,Undergraduate Degree,Student,Unemployed,"$30,000-$49,999/year",0-15 hours per week,No,"Instagram,Snapchat,TikTok",,"TikTok,Facebook",7-8 hours,Moderate,Poor,Prefer not to disclose,Self-Diagnosis,Not Applicable,Not Applicable,Self-Diagnosis,Self-Diagnosis,Not Applicable,Self-Diagnosis,Not Applicable,Not Applicable,Not Applicable,,Three Times,One Time,Two Times,One Time,Never,,No,No,No,No,No,Yes,No,Yes,Yes,,Often,Very Rarely,Sometimes,Sometimes,Sometimes,Very Rarely,Rarely,,Sometimes,Sometimes,Sometimes,Sometimes,Almost Always,Sometimes,Sometimes,Sometimes,Almost Always,Sometimes,Sometimes,Almost Always,Almost Always,Almost Never,Sometimes,Almost Always,Almost Always,Almost Always,Almost Always,Sometimes,Almost Always,,297,257,55,341,209,171,,40,35,0,0,0,0,0,0,0,0,0,0,0,0,0,40,30,0,0,0,0,0,0,0,0,0,0,0,0,0,0,40,30,0,0,0,0,0,0,0,0,0,0,0,0,0,40,30,0,0,0,0,0,0,0,0,0,0,0,0,0
52,706,2023-03-21 16:48,R_1IN8Brc7MkppIQU,,TRUE,90,5,2023-03-21 22:32,Man,,20,Chinese,Undergraduate Degree,Undergraduate Degree,Student,Student,Prefer not to disclose,0-15 hours per week,No,"Instagram,YouTube,LinkedIn,Reddit",,"TikTok,Facebook",7-8 hours,Moderate,Somewhat well-balanced,,Not Applicable,Not Applicable,Not Applicable,Not Applicable,Not Applicable,Not Applicable,Not Applicable,Not Applicable,Not Applicable,Not Applicable,,Seven Times,Seven Times,Seven Times,Seven Times,Seven Times,,No,No,No,No,No,No,No,No,No,,Very Rarely,Rarely,Rarely,Very Rarely,Very Rarely,Very Rarely,Very Rarely,,Almost Always,Always,Always,Almost Always,Sometimes,Sometimes,Almost Never,Never,Never,Almost Never,Almost Never,Almost Never,Almost Never,Almost Always,Almost Never,Never,Sometimes,Sometimes,Almost Always,Almost Never,Always,,10,8,55,5,1,0,,100,45,30,10,5,2,0,0,0,0,0,0,0,0,0,500,200,5,60,60,10,5,2,0,0,0,0,0,0,0,0,1000,200,500,50,20,10,2,0,0,0,0,0,0,0,0,500,100,50,15,10,5,0,0,0,0,0,0,0,0,0
53,652,2023-03-21 16:48,R_110GTyAwvAVO0US,,,0,5,,Woman,,25,Not a visible minority,Undergraduate Degree,Graduate Degree,Student Occupational Therapist and content creator,Student,"$30,000-$49,999/year",0-15 hours per week,Yes,"Instagram,TikTok,Facebook",,"TikTok,Facebook",7-8 hours,Sedentary,Mostly well-balanced,Sleep issues,Medical Diagnosis,Not Applicable,Not Applicable,Self-Diagnosis,Not Applicable,Not Applicable,Not Applicable,Not Applicable,Not Applicable,Not Applicable,,Two Times,Seven Times,Seven Times,Seven Times,Seven Times,,No,Yes,Yes,No,No,No,No,Yes,No,,Very Often,Sometimes,Sometimes,Very Rarely,Often,Very Rarely,Rarely,,Always,Always,Always,Always,Almost Never,Always,Always,Never,Almost Never,Sometimes,Sometimes,Almost Always,Almost Never,Sometimes,Almost Always,Almost Always,Sometimes,Almost Always,Almost Always,Sometimes,Sometimes,,354,406,55,510,562,600,,300,250,200,50,20,10,10,5,2,0,0,0,0,0,0,100,50,5,25,10,5,5,5,2,2,0,0,0,0,0,0,0,200,100,75,50,45,15,3,3,0,0,0,0,0,0,500,350,200,100,17,15,10,5,3,1,0,0,0,0,0
54,658,2023-03-21 16:49,R_3hsRzF5WySXfODe,,,0,0,,Woman,,28,Not a visible minority,Graduate Degree,PhD,PhD student,Student,"$0-$29,999/year",0-15 hours per week,No,"Instagram,Snapchat",,"TikTok,Facebook",7-8 hours,Moderate,Mostly well-balanced,Prefer not to disclose,Medical Diagnosis,Not Applicable,Not Applicable,Not Applicable,Not Applicable,Not Applicable,Not Applicable,Not Applicable,Not Applicable,Not Applicable,,Three Times,Never,Never,Seven Times,Four Times,,No,No,No,Yes,No,No,No,No,No,,Very Rarely,Very Rarely,Sometimes,Rarely,Very Rarely,Very Rarely,Very Rarely,,Almost Always,Almost Always,Sometimes,Sometimes,Sometimes,Almost Always,Almost Never,Never,Never,Almost Always,Almost Never,Sometimes,Never,Sometimes,Sometimes,Never,Sometimes,Sometimes,Almost Always,Sometimes,Sometimes,,92,93,55,112,22,2,,5,5,5,4,2,3,0,0,0,0,0,0,0,0,0,10,10,5,10,5,5,5,0,0,0,0,0,0,0,0,0,0,5,5,5,0,0,0,0,0,0,0,0,0,0,0,0,0,0,0,0,0,0,0,0,0,0,0,0,0,0
55,521,2023-03-21 16:49,R_31hcY86KmuYMMQ9,,,0,0,,Woman,,19,South Asian,Undergraduate Degree,Undergraduate Degree,Student,Unemployed,Prefer not to disclose,Prefer not to disclose,No,TikTok,,"TikTok,Facebook",9-10 hours,Active,Somewhat well-balanced,Prefer not to disclose,Not Applicable,Not Applicable,Not Applicable,Not Applicable,Not Applicable,Not Applicable,Not Applicable,Not Applicable,Not Applicable,Not Applicable,,Seven Times,Seven Times,Seven Times,Seven Times,Seven Times,,Yes,Yes,Yes,Yes,Yes,Yes,Yes,Yes,Yes,,Rarely,Sometimes,Sometimes,Often,Sometimes,Often,Often,,Sometimes,Sometimes,Sometimes,Sometimes,Sometimes,Sometimes,Sometimes,Always,Sometimes,Sometimes,Sometimes,Sometimes,Never,Sometimes,Sometimes,Sometimes,Sometimes,Sometimes,Sometimes,Sometimes,Sometimes,,10,19,55,47,600,92,,100,20,20,4,2,1,0,0,0,0,0,0,0,0,0,100,25,100,0,2,1,0,0,0,0,0,0,0,0,0,0,0,0,0,0,0,0,0,0,0,0,0,0,0,0,0,0,0,0,4,2,1,0,0,0,0,0,0,0,0,0
56,367,2023-03-21 16:49,R_1GZGspXk63ayRrO,,,0,0,,Woman,,19,South Asian,Undergraduate Degree,Undergraduate Degree,unemployed,Unemployed,"$0-$29,999/year",0-15 hours per week,No,Instagram,,"TikTok,Facebook",7-8 hours,Sedentary,Poor,Muscular/Skeletal issues,Not Applicable,Medical Diagnosis,Medical Diagnosis,Not Applicable,Not Applicable,Not Applicable,Not Applicable,Not Applicable,Not Applicable,Not Applicable,,Seven Times,Three Times,One Time,Two Times,Three Times,,Yes,No,Yes,No,Yes,No,Yes,No,No,,Rarely,Sometimes,Often,Rarely,Sometimes,Very Rarely,Sometimes,,Always,Sometimes,Never,Sometimes,Almost Always,Almost Never,Almost Never,Sometimes,Sometimes,Sometimes,Sometimes,Sometimes,Sometimes,Almost Never,Almost Always,Almost Never,Almost Never,Almost Never,Always,Almost Never,Almost Never,,309,179,55,233,341,487,,100,60,20,48,79,0,0,0,0,0,0,0,0,0,0,0,0,0,0,0,0,6,56,78,56,87,45,0,0,0,0,0,56,45,35,23,20,10,0,0,0,0,0,0,0,0,67,56,45,34,23,12,10,0,0,0,0,0,0,0,0
57,1026,2023-03-21 16:49,R_3iU3pXTdAxbQzlS,,,0,0,,Woman,,28,Not a visible minority,Graduate Degree,PhD,Student (& Teaching Assistant),Student,Prefer not to disclose,26-40 hours per week,No,"Instagram,Snapchat,Facebook,Pinterest",,"TikTok,Facebook",7-8 hours,Sedentary,Somewhat well-balanced,Vision issues,Medical Diagnosis,Medical Diagnosis,Self-Diagnosis,Medical Diagnosis,Not Applicable,Not Applicable,Not Applicable,Not Applicable,Not Applicable,Not Applicable,,Never,Seven Times,Never,Seven Times,Never,,No,No,No,Yes,No,No,No,No,No,,Very Rarely,Rarely,Very Rarely,Sometimes,Very Rarely,Very Rarely,Very Rarely,,Almost Always,Almost Always,Sometimes,Never,Almost Always,Never,Almost Never,Never,Sometimes,Sometimes,Never,Sometimes,Sometimes,Never,Sometimes,Never,Never,Never,Almost Always,Almost Never,Never,,30,30,55,30,15,0,,1,60,40,15,0,0,0,0,0,0,0,0,0,0,0,120,120,5,75,0,0,0,0,0,0,0,0,0,0,0,0,120,120,30,15,0,0,0,0,0,0,0,0,0,0,0,120,120,75,15,15,0,0,0,0,0,0,0,0,0,0
58,747,2023-03-21 16:50,R_5Bc2WpBp2d4x3sl,,,0,0,,Man,,36,Jewish,Graduate Degree,PhD,Lecturer,Part time (less than 30 hours per week),"$30,000-$49,999/year",0-15 hours per week,No,"Instagram,TikTok,YouTube,Reddit,Facebook",,"TikTok,Facebook",7-8 hours,Moderate,Mostly well-balanced,Prefer not to disclose,Not Applicable,Medical Diagnosis,Not Applicable,Not Applicable,Not Applicable,Not Applicable,Not Applicable,Not Applicable,Not Applicable,Not Applicable,,Five Times,Seven Times,Two Times,Six Times,Seven Times,,No,No,Yes,Yes,Yes,Yes,No,Yes,No,,Sometimes,Often,Often,Sometimes,Sometimes,Very Rarely,Rarely,,Almost Always,Almost Always,Sometimes,Almost Always,Almost Always,Almost Always,Almost Never,Almost Never,Almost Never,Almost Always,Almost Never,Almost Never,Almost Never,Sometimes,Always,Never,Almost Never,Always,Almost Always,Almost Always,Always,,46,45,55,45,45,44,,100,20,10,10,10,5,0,0,0,0,0,0,0,0,0,300,250,5,120,100,80,40,0,0,0,0,0,0,0,0,0,200,100,20,0,0,0,0,0,0,0,0,0,0,0,0,1000,800,500,50,0,0,0,0,0,0,0,0,0,0,0
59,995,2023-03-21 16:51,R_ULNbRJhyPejHcmB,,,0,0,,Woman,,19,Other,High School Diploma,Undergraduate Degree,student,Student,"$0-$29,999/year",0-15 hours per week,No,"Instagram,Snapchat,TikTok",,"Instagram,TikTok",7-8 hours,Sedentary,Somewhat well-balanced,Prefer not to disclose,Medical Diagnosis,,,,,,,,,,,Seven Times,Seven Times,Seven Times,Seven Times,Seven Times,,No,No,Yes,Yes,No,No,No,Yes,No,,Sometimes,Sometimes,Rarely,Sometimes,Rarely,Very Rarely,Very Rarely,,Almost Always,Almost Always,Almost Always,Almost Always,Always,Sometimes,Sometimes,Almost Never,Sometimes,Sometimes,Almost Never,Sometimes,Never,Sometimes,Almost Never,Never,Almost Always,Sometimes,Almost Always,Almost Never,Almost Always,,15,10,55,10,5,1,,1000,500,150,50,20,10,3.5,2,0,0,0,0,0,0,0,50,25,5,15,5,4,0,0,0,0,0,0,0,0,0,0,0,0,0,0,0,0,0,0,0,0,0,0,0,0,0,1000,500,130,30,20,15,5,2,1,0,0,0,0,0,0
60,348,2023-03-21 16:51,R_27UtEetTtjhQoSk,,TRUE,100,0,2023-03-21 22:38,Man,,28,Southeast Asian,High School Diploma,High School Diploma,student,Student,Prefer not to disclose,0-15 hours per week,Yes,"Instagram,Snapchat",,"TikTok,Facebook",9-10 hours,Active,Mostly well-balanced,Prefer not to disclose,Self-Diagnosis,Self-Diagnosis,Self-Diagnosis,Not Applicable,Not Applicable,Not Applicable,Not Applicable,Not Applicable,Not Applicable,Not Applicable,,Seven Times,Six Times,Seven Times,Seven Times,Seven Times,,Yes,No,Yes,No,No,No,Yes,Yes,No,,Very Often,Very Often,Very Often,Very Often,Very Often,Very Often,Very Often,,Almost Always,Always,Sometimes,Almost Never,Sometimes,Almost Always,Always,Always,Almost Always,Always,Sometimes,Almost Always,Sometimes,Sometimes,Almost Always,Sometimes,Almost Always,Almost Always,Sometimes,Almost Always,Always,,409,216,55,245,153,374,,100,80,60,40,20,20,20,10,10,10,5,3,1,1,0,100,80,80,100,100,80,60,40,40,20,20,10,8,5,3,0,100,100,100,80,80,70,50,40,20,10,5,5,3,2,0,100,80,80,80,80,60,60,20,20,10,5,3,3,2,1
61,549,2023-03-21 16:51,R_2YgrtJbXKnpWyA7,,,0,0,,Woman,,19,Not a visible minority,High School Diploma,Undergraduate Degree,Coach,Student,Prefer not to disclose,16-25 hours per week,No,"Instagram,Snapchat,TikTok,YouTube",,"TikTok,Facebook",7-8 hours,Active,Somewhat well-balanced,,Medical Diagnosis,Not Applicable,Self-Diagnosis,Not Applicable,Not Applicable,Not Applicable,Self-Diagnosis,Not Applicable,Not Applicable,Not Applicable,,Three Times,Five Times,One Time,Two Times,One Time,,No,No,No,Yes,Yes,No,No,Yes,No,,Sometimes,Sometimes,Often,Very Often,Rarely,Very Rarely,Very Rarely,,Almost Always,Sometimes,Almost Always,Sometimes,Almost Always,Sometimes,Almost Never,Sometimes,Sometimes,Sometimes,Sometimes,Sometimes,Sometimes,Sometimes,Sometimes,Sometimes,Sometimes,Sometimes,Almost Always,Almost Never,Sometimes,,100,101,55,194,164,47,,200,100,50,50,25,10,0,0,0,0,0,0,0,0,0,200,100,10,50,50,20,10,0,0,0,0,0,0,0,0,0,0,0,0,0,0,0,0,0,0,0,0,0,0,0,0,200,100,50,25,10,20,0,0,0,0,0,0,0,0,0
62,705,2023-03-21 16:51,R_278Lhw6JKlSGl6g,,,0,0,,Man,,20,West Asian,High School Diploma,Undergraduate Degree,Student,Part time (less than 30 hours per week),Prefer not to disclose,0-15 hours per week,No,"Instagram,Snapchat,YouTube",,"TikTok,Facebook",7-8 hours,Active,Mostly well-balanced,Prefer not to disclose,Not Applicable,Not Applicable,Not Applicable,Not Applicable,Not Applicable,Not Applicable,Not Applicable,Not Applicable,Not Applicable,Not Applicable,,Six Times,Three Times,One Time,Four Times,Four Times,,No,No,No,Yes,No,No,No,No,No,,Very Rarely,Very Rarely,Very Rarely,Often,Very Rarely,Very Rarely,Very Rarely,,Sometimes,Almost Always,Sometimes,Sometimes,Always,Almost Always,Sometimes,Never,Almost Never,Sometimes,Almost Never,Never,Almost Never,Sometimes,Never,Never,Sometimes,Almost Never,Almost Always,Almost Never,Never,,21,24,55,0,0,0,,30,30,15,10,0,0,0,0,0,0,0,0,0,0,0,30,30,5,10,10,10,0,0,0,0,0,0,0,0,0,0,0,0,0,0,0,0,0,0,0,0,0,0,0,0,0,100,50,20,20,10,5,0,0,0,0,0,0,0,0,0
63,849,2023-03-21 16:52,R_1jvQULyUHuNxAIV,,,0,0,,Woman,,20,Southeast Asian,High School Diploma,Undergraduate Degree,Full-time student ,Student,"$0-$29,999/year",0-15 hours per week,No,Other,,"TikTok,Facebook",5-6 hours,Moderate,Mostly well-balanced,Vision issues,Self-Diagnosis,Not Applicable,Not Applicable,Not Applicable,Not Applicable,Not Applicable,Not Applicable,Not Applicable,Not Applicable,Not Applicable,,Seven Times,Seven Times,Two Times,Seven Times,Five Times,,No,No,No,Yes,Yes,No,No,Yes,No,,Rarely,Very Rarely,Very Often,Rarely,Often,Very Rarely,Sometimes,,Always,Almost Always,Sometimes,Almost Never,Almost Always,Sometimes,Sometimes,Always,Almost Never,Sometimes,Sometimes,Sometimes,Sometimes,Sometimes,Almost Always,Never,Almost Always,Sometimes,Almost Always,Always,Sometimes,,5,9,55,4,7,13,,190,245,120,110,60,35,10,1,1,0,0,0,0,0,0,25,10,5,5,3,2,2,1,0,0,0,0,0,0,0,0,30,30,25,15,10,4,1,0,0,0,0,0,0,0,0,120,60,30,32,15,10,3,1,0,0,0,0,0,0,0
64,555,2023-03-21 16:52,R_2aELuXaL8FDU45z,,,0,0,,Man,,19,Not a visible minority,High School Diploma,Undergraduate Degree,Student,Student,"$0-$29,999/year",0-15 hours per week,No,"Instagram,Snapchat,TikTok,YouTube",,"TikTok,Facebook",7-8 hours,Active,Somewhat well-balanced,,Self-Diagnosis,Not Applicable,Not Applicable,Not Applicable,Not Applicable,Not Applicable,Self-Diagnosis,Not Applicable,Not Applicable,Not Applicable,,Seven Times,Never,Two Times,Seven Times,Five Times,,No,No,No,No,No,No,No,Yes,No,,Rarely,Rarely,Sometimes,Rarely,Very Rarely,Very Rarely,Sometimes,,Always,Always,Always,Always,Almost Always,Always,Almost Never,Almost Always,Almost Never,Never,Almost Always,Almost Never,Almost Never,Almost Always,Almost Never,Never,Almost Always,Almost Always,Almost Always,Almost Never,Almost Always,,29,101,55,152,277,290,,100,50,25,10,5,1,0,0,0,0,0,0,0,0,0,0,0,5,0,0,0,0,0,0,0,0,0,0,0,0,0,0,0,0,0,0,0,0,0,0,0,0,0,0,0,0,100,50,25,10,5,1,0,0,0,0,0,0,0,0,0
65,395,2023-03-21 16:53,R_2tL0GH3I0mZJYG0,,,0,0,,Woman,,20,Prefer not to disclose,High School Diploma,Undergraduate Degree,Student,Full time (30+ hours per week),"$0-$29,999/year",41+ hours per week,Yes,Instagram,,Snapchat,7-8 hours,Moderate,Always well-balanced,Hearing issues,Self-Diagnosis,Self-Diagnosis,Not Applicable,Not Applicable,Not Applicable,Not Applicable,Not Applicable,Not Applicable,Not Applicable,Not Applicable,,One Time,Three Times,Four Times,Two Times,Four Times,,No,Yes,Yes,No,Yes,No,Yes,Yes,Yes,,Rarely,Sometimes,Sometimes,Often,Sometimes,Very Rarely,Sometimes,,Almost Never,Sometimes,Almost Always,Almost Always,Almost Always,Sometimes,Almost Always,Sometimes,Sometimes,Sometimes,Almost Always,Almost Always,Almost Always,Almost Always,Almost Never,Almost Never,Almost Always,Sometimes,Almost Always,Sometimes,Almost Never,,261,238,55,188,258,215,,20,3,49,30,10,10,1,45,49,60,100,130,12,20,134,145,123,35,13,12,34,34,23,77,46,3,4,35,43,24,1,60,37,34,34,49,38,4,5,56,45,46,34,45,7,4,56,46,67,56,45,23,34,34,24,23,78,78,46,68,34
66,387,2023-03-21 16:54,R_3DpvfkcotXXuqD8,,,0,0,,Perfer not to disclose,,26,Prefer not to disclose,Prefer not to disclose,Prefer not to disclose,Student,Full time (30+ hours per week),Prefer not to disclose,Prefer not to disclose,Yes,Reddit,,"TikTok,Facebook",7-8 hours,Moderate,Mostly well-balanced,Vision issues,Not Applicable,Not Applicable,Not Applicable,Not Applicable,Not Applicable,Not Applicable,Not Applicable,Not Applicable,Not Applicable,Not Applicable,,Never,One Time,One Time,One Time,One Time,,Yes,No,No,No,No,No,No,No,No,,Very Rarely,Very Rarely,Very Rarely,Very Rarely,Very Rarely,Very Rarely,Very Rarely,,Never,Never,Never,Never,Never,Never,Never,Never,Never,Never,Never,Never,Never,Never,Never,Never,Never,Almost Never,Never,Almost Never,Almost Never,,35,33,55,188,224,352,,1,2,3,1,5,0,4,0,0,0,0,0,0,0,0,0,0,5,0,0,0,0,0,0,0,o,o,o,0,0,0,0,0,0,0,0,0,0,0,0,0,0,0,0,0,0,0,0,0,0,0,0,0,0,0,0,0,0,0,0,0
67,612,2023-03-21 16:55,R_1gOsGpAWovmazbb,,,0,5,,Woman,,24,Chinese,Undergraduate Degree,Graduate Degree,Graduate student,Student,"$0-$29,999/year",26-40 hours per week,No,"Instagram,YouTube,Reddit,Other",tumblr,"TikTok,Facebook",5-6 hours,Moderate,Somewhat well-balanced,Muscular/Skeletal issues,Medical Diagnosis,Medical Diagnosis,Not Applicable,Medical Diagnosis,Not Applicable,Not Applicable,Not Applicable,Not Applicable,Not Applicable,Not Applicable,,Seven Times,Seven Times,Seven Times,Never,Seven Times,,No,No,No,No,No,No,No,No,No,,Very Rarely,Rarely,Very Rarely,Very Rarely,Very Rarely,Very Rarely,Very Rarely,,Sometimes,Almost Always,Sometimes,Almost Always,Sometimes,Never,Never,Sometimes,Almost Never,Never,Never,Never,Never,Never,Never,Never,Almost Never,Sometimes,Almost Always,Never,Never,,65,60,54,33,23,0,,100,50,10,5,0,0,0,0,0,0,0,0,0,0,0,10,5,5,2,1,0,0,0,0,0,0,0,0,0,0,0,0,0,0,0,0,0,0,0,0,0,0,0,0,0,0,100,25,10,5,0,0,0,0,0,0,0,0,0,0,0
68,1187,2023-03-21 16:55,R_UmaSYPnMC1wqhb3,,,0,0,,Man,,25,Not a visible minority,Graduate Degree,Prefer not to disclose,part-time student/grocery clerk,Full time (30+ hours per week),"$0-$29,999/year",41+ hours per week,No,"YouTube,LinkedIn,Reddit",,"TikTok,Facebook",7-8 hours,Active,Somewhat well-balanced,Vision issues,Not Applicable,Not Applicable,Not Applicable,Not Applicable,Not Applicable,Not Applicable,Not Applicable,Not Applicable,Not Applicable,Not Applicable,,Five Times,Six Times,Five Times,Six Times,Six Times,,No,No,No,Yes,Yes,No,No,No,No,,Sometimes,Often,Sometimes,Sometimes,Rarely,Very Rarely,Often,,Sometimes,Almost Always,Sometimes,Sometimes,Sometimes,Almost Always,Never,Almost Never,Almost Never,Almost Never,Almost Never,Sometimes,Sometimes,Almost Never,Sometimes,Never,Almost Always,Sometimes,Almost Always,Almost Never,Sometimes,,30,31,55,30,10,4,,15,30,45,60,120,240,480,600,1000,1500,2000,3000,4000,5000,6000,10,5,0,2,1,0,0,0,0,0,0,0,0,0,0,0,0,0,0,0,1,0,0,0,0,0,0,0,0,0,0,2,1,0,0,0,0,0,0,0,0,1,0,0,0,0
69,688,2023-03-21 16:55,R_1dbkW3FIbnOKdvi,,,0,0,,Man,,26,"Not a visible minority,Other",High School Diploma,Undergraduate Degree,Student,Student,"$0-$29,999/year",16-25 hours per week,No,"Instagram,YouTube,Pinterest",,"TikTok,Facebook",5-6 hours,Very Active,Mostly well-balanced,,Not Applicable,Not Applicable,Not Applicable,Not Applicable,Not Applicable,Not Applicable,Not Applicable,Not Applicable,Not Applicable,Not Applicable,,Five Times,Seven Times,Two Times,Four Times,Five Times,,No,No,No,Yes,No,No,No,Yes,No,,Sometimes,Rarely,Sometimes,Sometimes,Rarely,Very Rarely,Sometimes,,Sometimes,Almost Always,Almost Always,Almost Always,Almost Always,Almost Always,Never,Almost Never,Almost Never,Never,Sometimes,Sometimes,Sometimes,Almost Never,Never,Almost Never,Sometimes,Almost Always,Almost Always,Never,Almost Always,,10,10,55,5,0,0,,0,0,0,0,0,0,0,0,0,0,0,0,0,0,0,0,0,0,0,0,0,0,0,0,0,0,0,0,0,0,0,0,0,0,0,0,0,0,0,0,0,0,0,0,0,0,0,0,0,0,0,0,0,0,0,0,0,0,0,0,0
70,583,2023-03-21 16:56,R_1M71UAy9DrJPxfa,,,0,0,,Man,,27,South Asian,Undergraduate Degree,Undergraduate Degree,stuydent,Student,"$0-$29,999/year",0-15 hours per week,No,"Instagram,YouTube,LinkedIn,Twitter,Reddit,Facebook",,"TikTok,Facebook",7-8 hours,Moderate,Always well-balanced,Prefer not to disclose,Not Applicable,Not Applicable,Not Applicable,Not Applicable,Not Applicable,Not Applicable,Not Applicable,Not Applicable,Not Applicable,Not Applicable,,Two Times,Three Times,Two Times,Two Times,Two Times,,No,No,No,No,No,No,No,No,No,,Very Rarely,Very Rarely,Very Rarely,Very Rarely,Very Rarely,Very Rarely,Very Rarely,,Sometimes,Sometimes,Sometimes,Sometimes,Sometimes,Almost Always,Sometimes,Almost Always,Sometimes,Almost Always,Almost Always,Almost Always,Almost Always,Almost Always,Sometimes,Sometimes,Sometimes,Sometimes,Sometimes,Sometimes,Sometimes,,17,50,55,20,45,29,,10,5,0,0,0,0,0,0,0,0,0,0,0,0,0,20,20,10,10,20,20,24,0,0,0,0,0,0,0,0,0,0,0,0,0,0,0,0,0,0,0,0,0,0,0,0,0,0,0,0,0,0,0,0,0,0,0,0,0,0,0
71,312,2023-03-21 16:56,R_tM435M8Pdfi8EWl,,,0,10,,Man,,21,Other,Prefer not to disclose,Undergraduate Degree,Student at this moment,Student,"$50,000-$74.999/year",0-15 hours per week,No,"TikTok,Twitter",,LinkedIn,More than 10 hours,Moderate,Always well-balanced,Prefer not to disclose,Not Applicable,Not Applicable,Not Applicable,Not Applicable,Not Applicable,Not Applicable,Not Applicable,Not Applicable,Not Applicable,Not Applicable,,One Time,Two Times,Six Times,Five Times,Three Times,,No,Yes,No,No,Yes,No,No,Yes,Yes,,Often,Sometimes,Often,Sometimes,Sometimes,Often,Often,,Almost Always,Sometimes,Sometimes,Almost Always,Sometimes,Almost Always,Almost Always,Almost Always,Sometimes,Sometimes,Never,Sometimes,Always,Always,Sometimes,Sometimes,Sometimes,Sometimes,Almost Always,Almost Always,Always,,273,260,55,318,245,326,,102,111,321,321,424,214,4214,421421,421412421,3.25E+13,3.12E+29,213,1.24E+18,1.00E+95,1.00E+95,1.00E+95,1.00E+95,1.00E+95,1.00E+95,1.00E+95,1.00E+95,1.00E+95,1.00E+95,1.00E+95,1.00E+95,32,66666,66666,66666,66666,66666,66666,66666,66666,66666,66666,66666,66666,66666,66666,66666,66666,66666,66666,66666,66666,66666,66666,66666,66666,66666,66666,66666,66666,66666,66666,66666,66666,66666,66666,66666
72,182,2023-03-21 16:56,R_22r9qwh0V1Wpl58,,,0,10,,Man,,18,South Asian,Graduate Degree,College Diploma,Student,Retired,"$75,000-$99,999/year",16-25 hours per week,Yes,TikTok,,,7-8 hours,Active,Mostly well-balanced,Hearing issues,Medical Diagnosis,Medical Diagnosis,Medical Diagnosis,Medical Diagnosis,Medical Diagnosis,Medical Diagnosis,Medical Diagnosis,Medical Diagnosis,Medical Diagnosis,Medical Diagnosis,,Two Times,,Six Times,Six Times,Five Times,,No,,,,,,,,,,Often,,,,,,,,Almost Always,Almost Never,,,,,,,,,,,,,Almost Never,Almost Never,,Almost Always,Always,Almost Always,Sometimes,,97,,16,456,159,,,1,1,1,1,,,,,,,,,1,1,1,1,1,,,,,,,,,1,1,,,,,,,,,,,,,,,,,,,,,,,,,,,,,,,,,,
73,317,2023-03-21 16:56,R_1DuHsRVRb5I0Zub,,TRUE,90,5,2023-03-21 22:41,Man,,19,South Asian,Undergraduate Degree,Undergraduate Degree,Student,Student,"$0-$29,999/year",0-15 hours per week,No,Reddit,,"TikTok,Facebook",Less than 4 hours,Moderate,Mostly well-balanced,Prefer not to disclose,Self-Diagnosis,Not Applicable,Not Applicable,Not Applicable,Not Applicable,Not Applicable,Not Applicable,Not Applicable,Not Applicable,Not Applicable,,Three Times,Five Times,Three Times,Five Times,Four Times,,No,Yes,No,No,Yes,Yes,No,Yes,No,,Sometimes,Often,Often,Often,Sometimes,Rarely,Often,,Sometimes,Almost Always,Almost Always,Almost Never,Sometimes,Almost Always,Sometimes,Almost Never,Sometimes,Almost Always,Sometimes,Almost Never,Always,Sometimes,Almost Never,Almost Always,Sometimes,Almost Always,Sometimes,Almost Always,Almost Always,,14,185,55,376,331,11,,1900,100,50,50,50,0,0,0,0,0,0,0,0,0,0,0,0,50,30,30,50,20,0,0,0,0,0,0,0,0,0,500,400,300,200,100,10,20,0,0,0,0,0,0,0,0,1000,400,200,100,50,10,0,0,0,0,0,0,0,0,0
74,522,2023-03-21 16:56,R_em7jGgUvYPmiIZr,,,0,0,,Woman,,26,Chinese,Undergraduate Degree,Graduate Degree,student,Student,"$0-$29,999/year",0-15 hours per week,No,"YouTube,Reddit",,,5-6 hours,Sedentary,Somewhat well-balanced,Prefer not to disclose,Medical Diagnosis,Not Applicable,Not Applicable,Medical Diagnosis,Not Applicable,Not Applicable,Not Applicable,Not Applicable,Not Applicable,Not Applicable,,Seven Times,Seven Times,Seven Times,Seven Times,Seven Times,,No,Yes,Yes,Yes,No,No,No,Yes,No,,Very Rarely,Very Rarely,Very Rarely,Very Rarely,Rarely,Very Rarely,Rarely,,Almost Always,Almost Always,Almost Always,Almost Never,Sometimes,Sometimes,Sometimes,Sometimes,Sometimes,Sometimes,Sometimes,Sometimes,Almost Always,Almost Always,Almost Always,Never,Always,Sometimes,Almost Always,Never,Almost Always,,54,23,55,81,90,6,,200,150,100,20,5,0,0,0,0,0,0,0,0,0,0,300,250,0,200,20,10,0,0,0,0,0,0,0,0,0,0,o,0,0,0,0,0,0,0,0,0,0,0,0,0,0,300,250,200,200,5,0,0,0,0,0,0,0,0,0,0
75,520,2023-03-21 16:56,R_26ax1MgiBPr4rD2,,,0,0,,Woman,,28,Arab,Undergraduate Degree,Graduate Degree,Nurse,Student,"$0-$29,999/year",0-15 hours per week,No,"Instagram,YouTube,LinkedIn,Facebook",,"TikTok,Facebook",5-6 hours,Sedentary,Poor,Sleep issues,Self-Diagnosis,Not Applicable,Not Applicable,Not Applicable,Not Applicable,Not Applicable,Not Applicable,Not Applicable,Self-Diagnosis,Not Applicable,,Six Times,Five Times,Three Times,Two Times,Four Times,,Yes,Yes,Yes,Yes,Yes,Yes,Yes,Yes,Yes,,Sometimes,Sometimes,Rarely,Very Rarely,Very Rarely,Very Rarely,Rarely,,Almost Never,Sometimes,Sometimes,Almost Never,Never,Almost Always,Almost Always,Almost Never,Almost Never,Almost Never,Almost Always,Almost Always,Almost Never,Never,Always,Almost Always,Almost Never,Almost Never,Almost Always,Almost Always,Sometimes,,346,204,55,50,90,100,,100,20,30,80,40,2,30,100,100,100,200,140,460,300,200,10,10,20,10,10,30,10,30,40,80,76,100,500,400,1560,408,45,4,35,50,10,100,180,200,80,70,800,500,1000,2000,4500,10,10,10,40,10,50,90,1800,1100,500,600,890,1000,5000,7600
76,1418,2023-03-21 16:56,R_1DYZhwJcWRIUEPI,,,0,0,,Man,,26,Not a visible minority,Undergraduate Degree,PhD,Graduate Research Fellow (PhD Student),Full time (30+ hours per week),"$30,000-$49,999/year",26-40 hours per week,No,"Instagram,TikTok,YouTube,Twitter",,"TikTok,Facebook",7-8 hours,Moderate,Always well-balanced,Prefer not to disclose,Not Applicable,Not Applicable,Not Applicable,Not Applicable,Not Applicable,Not Applicable,Not Applicable,Not Applicable,Not Applicable,Not Applicable,,Seven Times,Five Times,Seven Times,Five Times,Two Times,,No,No,Yes,No,No,No,No,No,No,,Rarely,Sometimes,Rarely,Very Rarely,Rarely,Very Rarely,Sometimes,,Almost Always,Almost Always,Almost Always,Almost Always,Sometimes,Sometimes,Almost Never,Never,Almost Always,Almost Always,Almost Never,Sometimes,Sometimes,Sometimes,Sometimes,Never,Sometimes,Almost Always,Almost Always,Almost Never,Almost Always,,60,80,55,60,15,5,,120,100,90,30,30,20,20,0,0,0,0,0,0,0,0,120,100,5,90,30,20,10,5,0,0,0,0,0,0,0,0,100,50,15,10,0,1,0,0,0,0,0,0,0,0,0,200,100,90,30,20,5,0,0,0,0,0,0,0,0,0
77,902,2023-03-21 16:56,R_2sWJ2zrYxWmXICC,,,0,0,,Man,,23,Korean,High School Diploma,Undergraduate Degree,Student,Student,"$0-$29,999/year",16-25 hours per week,No,"Instagram,YouTube",,"TikTok,Facebook",5-6 hours,Moderate,Somewhat well-balanced,,Not Applicable,Not Applicable,Not Applicable,Not Applicable,Not Applicable,Not Applicable,Not Applicable,Not Applicable,Not Applicable,Not Applicable,,Five Times,Two Times,Never,Seven Times,Five Times,,No,No,No,No,No,No,No,No,No,,Very Rarely,Very Rarely,Very Rarely,Very Rarely,Very Rarely,Very Rarely,Very Rarely,,Sometimes,Sometimes,Almost Always,Almost Never,Sometimes,Sometimes,Never,Almost Never,Sometimes,Never,Almost Never,Almost Never,Almost Never,Almost Never,Never,Almost Never,Almost Never,Almost Never,Almost Never,Never,Sometimes,,29,21,55,10,0,0,,90,90,90,60,30,0,0,0,0,0,0,0,0,0,0,360,360,0,300,240,150,60,60,45,0,0,0,0,0,0,0,0,0,0,0,0,0,0,0,0,0,0,0,0,0,0,240,240,240,120,60,20,10,0,0,0,0,0,0,0,0
78,1146,2023-03-21 16:57,R_3MEvqUFnWwjxk95,,,0,0,,Man,,18,Not a visible minority,High School Diploma,PhD,Shopppers drug mart cashier,Part time (less than 30 hours per week),"$0-$29,999/year",0-15 hours per week,No,"Instagram,Snapchat,TikTok,YouTube",,"TikTok,Facebook",7-8 hours,Active,Mostly well-balanced,Prefer not to disclose,Self-Diagnosis,Not Applicable,Not Applicable,Not Applicable,Not Applicable,Not Applicable,Not Applicable,Not Applicable,Not Applicable,Not Applicable,,Seven Times,Three Times,Never,Five Times,Five Times,,No,Yes,No,Yes,No,No,No,Yes,No,,Sometimes,Sometimes,Often,Often,Very Rarely,Very Rarely,Often,,Sometimes,Sometimes,Always,Sometimes,Almost Always,Sometimes,Almost Never,Never,Sometimes,Never,Sometimes,Almost Never,Never,Almost Always,Never,Never,Almost Always,Sometimes,Almost Always,Almost Never,Sometimes,,120,120,55,120,120,150,,0,0,0,0,0,0,0,0,0,0,0,0,0,0,0,0,0,5,0,0,0,0,0,0,0,0,0,0,0,0,0,0,0,0,0,0,0,0,0,0,0,0,0,0,0,0,0,0,0,0,0,0,0,0,0,0,0,0,0,0,0
79,1003,2023-03-21 16:57,R_2dNr0cBORyOJluh,,,0,5,,Woman,,24,Chinese,Graduate Degree,Graduate Degree,Student,Student,"$0-$29,999/year",0-15 hours per week,No,"Instagram,Snapchat,TikTok,YouTube,Facebook,Pinterest",,"TikTok,Facebook",7-8 hours,Moderate,Somewhat well-balanced,Prefer not to disclose,Not Applicable,Self-Diagnosis,Not Applicable,Not Applicable,Not Applicable,Not Applicable,Not Applicable,Not Applicable,Not Applicable,Not Applicable,,Seven Times,Six Times,Four Times,Seven Times,Six Times,,No,No,No,Yes,No,No,No,No,No,,Rarely,Very Rarely,Rarely,Sometimes,Rarely,Very Rarely,Rarely,,Almost Always,Always,Sometimes,Sometimes,Almost Always,Almost Always,Almost Never,Almost Never,Sometimes,Sometimes,Almost Never,Almost Never,Almost Never,Sometimes,Sometimes,Almost Never,Sometimes,Almost Always,Almost Always,Almost Never,Almost Always,,44,50,55,50,50,30,,120,100,45,30,30,15,0,0,0,0,0,0,0,0,0,200,120,5,60,30,30,15,5,0,0,0,0,0,0,0,0,30,20,20,10,5,5,2,0,0,0,0,0,0,0,0,120,100,60,30,30,5,0,0,0,0,0,0,0,0,0
80,889,2023-03-21 16:57,R_1KuOCqUtHj1GCIt,,,0,0,,Man,,19,Not a visible minority,High School Diploma,Undergraduate Degree,Unemployed/Student ,Student,"$0-$29,999/year",0-15 hours per week,No,"Instagram,YouTube,Twitter",,"TikTok,Facebook",5-6 hours,Active,Somewhat well-balanced,,Not Applicable,Not Applicable,Not Applicable,Not Applicable,Not Applicable,Not Applicable,Not Applicable,Not Applicable,Not Applicable,Not Applicable,,Seven Times,Seven Times,Seven Times,Seven Times,Seven Times,,No,No,No,No,Yes,No,No,No,No,,Very Rarely,Very Rarely,Rarely,Rarely,Very Rarely,Very Rarely,Very Rarely,,Almost Always,Sometimes,Almost Always,Sometimes,Almost Always,Almost Always,Almost Never,Never,Sometimes,Sometimes,Never,Sometimes,Sometimes,Sometimes,Never,Never,Never,Sometimes,Almost Always,Never,Sometimes,,120,120,55,120,30,0,,500,200,200,170,120,30,0,0,0,0,0,0,0,0,0,60,60,5,60,60,30,0,0,0,0,0,0,0,0,0,0,0,0,0,0,0,0,0,0,0,0,0,0,0,0,0,90,90,90,45,45,30,15,5,0,0,0,0,0,0,0
81,392,2023-03-21 16:58,R_2bQyR8I2QqJ9L1v,,,0,10,,Man,,19,Chinese,Undergraduate Degree,College Diploma,student,Student,Prefer not to disclose,0-15 hours per week,No,"Instagram,YouTube",,"Instagram,Snapchat",5-6 hours,Moderate,Somewhat well-balanced,Vision issues,Self-Diagnosis,Not Applicable,Not Applicable,Self-Diagnosis,Not Applicable,Not Applicable,Not Applicable,Not Applicable,Self-Diagnosis,Not Applicable,,Six Times,Two Times,Four Times,One Time,Two Times,,Yes,Yes,No,Yes,No,Yes,No,Yes,Yes,,Rarely,Very Rarely,Sometimes,Sometimes,Often,Sometimes,Often,,Sometimes,Almost Never,Almost Never,Almost Never,Sometimes,Almost Always,Sometimes,Sometimes,Sometimes,Almost Always,Always,Sometimes,Almost Always,Almost Never,Sometimes,Sometimes,Almost Never,Almost Always,Always,Almost Never,Almost Always,,322,167,37,233,243,268,,30,30,2,30,30,30,30,10,1,1,0,0,0,0,0,1000000,10,40,40,40,40,40,40,40,30,10,0,0,0,0,0,1000,300,50,30,20,10,10,10,10,0,0,0,0,0,0,40,30,30,30,20,10,10,10,0,0,0,0,0,0,0
82,413,2023-03-21 16:58,R_1C3XLTZN1nXvjh4,,,0,0,,Man,,28,Southeast Asian,Graduate Degree,Graduate Degree,student,Student,"$0-$29,999/year",0-15 hours per week,Yes,Instagram,,"Instagram,Snapchat,TikTok",Less than 4 hours,Sedentary,Somewhat well-balanced,Hearing issues,Self-Diagnosis,Not Applicable,Not Applicable,Not Applicable,Not Applicable,Not Applicable,Not Applicable,Not Applicable,Not Applicable,Not Applicable,,Four Times,Four Times,Four Times,Four Times,Four Times,,Yes,Yes,Yes,Yes,Yes,Yes,Yes,Yes,Yes,,Sometimes,Sometimes,Sometimes,Sometimes,Sometimes,Sometimes,Sometimes,,Sometimes,Sometimes,Sometimes,Sometimes,Sometimes,Sometimes,Sometimes,Sometimes,Sometimes,Sometimes,Sometimes,Sometimes,Sometimes,Sometimes,Sometimes,Sometimes,Sometimes,Sometimes,Sometimes,Sometimes,Sometimes,,70,23,11,50,170,191,,67,60,3,24,42,2,4,4,4,4,4,2,2,2,2,244,24,42,42,42,24,22,22,22,22,22,44,56,11,22,34,44,3,23,33,333,33,33,4,44,5,6,7,77,77,77,77,77,77,77,77,77,77,77,77,77,7,1,1,1,1
83,1144,2023-03-21 16:58,R_BFlLQ8hAtkxDA5z,,,0,0,,Man,,19,Chinese,High School Diploma,Undergraduate Degree,Student,Student,"$0-$29,999/year",0-15 hours per week,No,"Instagram,YouTube,LinkedIn,Reddit,Facebook",,"TikTok,Facebook",7-8 hours,Sedentary,Somewhat well-balanced,,Not Applicable,Not Applicable,Not Applicable,Self-Diagnosis,Not Applicable,Not Applicable,Self-Diagnosis,Not Applicable,Not Applicable,Not Applicable,,Seven Times,Seven Times,Seven Times,Seven Times,Seven Times,,No,No,No,Yes,Yes,No,No,No,No,,Very Rarely,Very Rarely,Sometimes,Sometimes,Rarely,Very Rarely,Sometimes,,Always,Always,Always,Always,Almost Always,Almost Always,Sometimes,Sometimes,Almost Never,Sometimes,Sometimes,Almost Never,Almost Never,Sometimes,Always,Never,Sometimes,Sometimes,Almost Always,Sometimes,Almost Always,,180,179,55,120,60,0,,1,3,3,3,5,5,0,0,0,0,0,0,0,0,0,60,30,5,15,10,6,3,0,0,0,0,0,0,0,0,0,100,20,20,12,6,3,0,0,0,0,0,0,0,0,0,300,60,30,15,6,5,0,0,0,0,0,0,0,0,0
84,976,2023-03-21 16:59,R_Z8dXMDbd31JlfFf,,,0,0,,Woman,,20,South Asian,High School Diploma,Undergraduate Degree,Tutor,Part time (less than 30 hours per week),"$0-$29,999/year",0-15 hours per week,No,"Instagram,TikTok,LinkedIn,Twitter,Reddit,Facebook,Pinterest",,"TikTok,Facebook",7-8 hours,Sedentary,Poor,Prefer not to disclose,Medical Diagnosis,Not Applicable,Not Applicable,Self-Diagnosis,Self-Diagnosis,Self-Diagnosis,Self-Diagnosis,Not Applicable,Not Applicable,Not Applicable,,Seven Times,Seven Times,Seven Times,Seven Times,Seven Times,,Yes,Yes,Yes,Yes,Yes,No,Yes,Yes,No,,Often,Very Often,Very Often,Very Often,Very Often,Very Rarely,Often,,Almost Always,Almost Always,Always,Almost Always,Almost Always,Always,Never,Almost Always,Almost Always,Always,Almost Always,Sometimes,Almost Always,Almost Always,Almost Always,Sometimes,Almost Always,Almost Always,Almost Always,Always,Always,,100,99,55,72,6,0,,100,100,60,5,5,5,5,1,0,0,0,0,0,0,0,300,250,5,200,20,20,10,10,5,5,5,5,0,0,0,0,0,0,0,0,0,0,0,0,0,0,0,0,0,0,0,500,250,200,100,100,100,50,50,25,10,5,5,0,0,0
85,673,2023-03-21 16:59,R_bpgzPNkWLeaLYL7,,,0,0,,Man,,23,South Asian,Undergraduate Degree,Graduate Degree,student,Student,Prefer not to disclose,Prefer not to disclose,No,"Instagram,Snapchat,YouTube,Twitter",,"TikTok,Facebook",7-8 hours,Sedentary,Somewhat well-balanced,Prefer not to disclose,Self-Diagnosis,Not Applicable,Not Applicable,Not Applicable,Not Applicable,Not Applicable,Self-Diagnosis,Not Applicable,Not Applicable,Not Applicable,,One Time,Five Times,Never,Four Times,Three Times,,No,No,No,No,No,No,No,Yes,No,,Sometimes,Rarely,Often,Very Rarely,Very Rarely,Very Rarely,Very Rarely,,Always,Almost Always,Sometimes,Almost Never,Always,Always,Never,Almost Never,Never,Almost Always,Always,Never,Sometimes,Almost Never,Almost Always,Never,Always,Sometimes,Almost Always,Almost Always,Always,,92,226,55,77,13,7,,30,50,20,30,20,10,30,60,0,0,0,0,0,0,0,5000,100,0,60,50,30,20,0,0,0,0,0,0,0,0,0,0,0,0,0,0,0,0,0,0,0,0,0,0,0,0,1000000,1000,100,85,100,20,0,0,0,0,0,0,0,0,0
86,923,2023-03-21 16:59,R_1jfvuh0OR4Afwsc,,,0,0,,Non-binary / third gender,,23,Prefer not to disclose,Undergraduate Degree,Graduate Degree,student,Student,"$30,000-$49,999/year",Prefer not to disclose,No,"Instagram,Snapchat,YouTube,Twitter,Facebook,Other",Tumblr,"TikTok,Facebook",9-10 hours,Moderate,Mostly well-balanced,,Medical Diagnosis,,,,,,,,,,,Six Times,Three Times,Three Times,Seven Times,Never,,No,No,No,No,No,No,No,Yes,No,,Sometimes,Very Rarely,Sometimes,Very Rarely,Very Rarely,Very Rarely,Very Rarely,,Almost Always,Almost Always,Almost Always,Sometimes,Almost Always,Almost Always,Almost Never,Almost Never,Sometimes,Sometimes,Almost Never,Almost Never,Almost Never,Almost Always,Sometimes,Never,Sometimes,Sometimes,Almost Always,Sometimes,Almost Never,,,,55,,,,,PER WHAT,,,,,,,,,I DIDN'T ANSWER THIS BECAUSE I DON'T KNOW HOW LONG; AM I BUYING USE FOR THE REST OF MY LIFE?,,,0,0,0,,,5,,,,,,,0,0,0,0,0,0,0,0,0,0,0,0,0,0,0,0,0,0,0,0,0,0,,,,,,,,,,0,0,0,0,0,0
87,697,2023-03-21 16:59,R_3fAT21POs0OZ5p7,,,0,75,,Woman,,19,Chinese,High School Diploma,Undergraduate Degree,Student,Student,"$0-$29,999/year",0-15 hours per week,No,"Instagram,TikTok,YouTube,Twitter",,"TikTok,Facebook",5-6 hours,Sedentary,Poor,Prefer not to disclose,Self-Diagnosis,Self-Diagnosis,Not Applicable,Not Applicable,Not Applicable,Not Applicable,Not Applicable,Not Applicable,Not Applicable,Not Applicable,,Seven Times,Six Times,Seven Times,Seven Times,Seven Times,,Yes,No,Yes,Yes,Yes,No,No,Yes,No,,Often,Often,Often,Very Often,Sometimes,Very Rarely,Very Often,,Almost Always,Almost Always,Almost Always,Almost Always,Always,Almost Always,Almost Never,Almost Always,Almost Never,Almost Always,Almost Always,Sometimes,Sometimes,Almost Always,Almost Always,Never,Almost Always,Sometimes,Almost Always,Almost Always,Almost Always,,407,484,55,550,586,600,,60,20,8,8,4,0,0,0,0,0,0,0,0,0,0,120,60,5,56,10,5,5,1,1,0,0,0,0,0,0,0,0,0,0,0,0,0,0,0,0,0,0,0,0,0,0,30,20,10,4,2,1,i’m ,0,0,0,0,0,0,0,0
88,649,2023-03-21 16:59,R_1EaFKdiz2E9g1t4,,,0,0,,Man,,26,Not a visible minority,Graduate Degree,PhD,Student,Student,"$30,000-$49,999/year",41+ hours per week,No,Instagram,,"TikTok,Facebook",7-8 hours,Moderate,Somewhat well-balanced,Prefer not to disclose,Self-Diagnosis,Not Applicable,Not Applicable,Not Applicable,Not Applicable,Not Applicable,Not Applicable,Not Applicable,Not Applicable,Not Applicable,,Five Times,Two Times,Three Times,Four Times,Five Times,,No,No,No,Yes,No,No,No,No,No,,Very Rarely,Rarely,Very Rarely,Sometimes,Rarely,Very Rarely,Very Rarely,,Sometimes,Sometimes,Almost Always,Almost Always,Almost Always,Almost Never,Almost Never,Never,Almost Never,Almost Never,Never,Never,Never,Never,Sometimes,Never,Sometimes,Sometimes,Almost Always,Sometimes,Sometimes,,60,30,55,30,5,0,,1000,200,100,40,20,10,3,2,1,0,0,0,0,0,0,100,20,0,10,5,5,5,2,2,1,0,0,0,0,0,0,0,0,0,0,0,0,0,0,0,0,0,0,0,0,0,1000,200,100,20,20,10,3,2,1,0,0,0,0,0,0
89,660,2023-03-21 16:59,R_3PIaNu4QvlPFSEQ,,,0,0,,Man,,18,South Asian,Undergraduate Degree,Undergraduate Degree,Student,Full time (30+ hours per week),"$30,000-$49,999/year",0-15 hours per week,No,"Instagram,YouTube,LinkedIn",,"TikTok,Facebook",7-8 hours,Very Active,Mostly well-balanced,Muscular/Skeletal issues,Not Applicable,Not Applicable,Not Applicable,Not Applicable,Not Applicable,Not Applicable,Not Applicable,Not Applicable,Not Applicable,Not Applicable,,Five Times,Three Times,Four Times,Seven Times,Six Times,,No,No,No,No,Yes,No,Yes,Yes,No,,Sometimes,Sometimes,Sometimes,Sometimes,Sometimes,Sometimes,Sometimes,,Sometimes,Almost Always,Almost Always,Sometimes,Almost Always,Sometimes,Always,Sometimes,Almost Always,Almost Never,Sometimes,Sometimes,Sometimes,Sometimes,Sometimes,Sometimes,Sometimes,Sometimes,Almost Always,Sometimes,Sometimes,,152,175,55,100,208,83,,105,50,25,15,15,10,5,2,1,0,0,0,0,0,0,100,100,100,30,25,20,20,10,10,10,5,5,5,5,1,0,30,30,30,25,20,10,8,5,1,1,0,0,0,0,0,5,5,5,5,5,5,5,2,2,1,1,0,0,0,0
90,577,2023-03-21 16:59,R_2QRr5wMV58EfhRj,,,0,0,,Woman,,25,Southeast Asian,Graduate Degree,Graduate Degree,Student,Part time (less than 30 hours per week),"$30,000-$49,999/year",16-25 hours per week,Yes,Instagram,,"TikTok,Facebook",7-8 hours,Active,Mostly well-balanced,Prefer not to disclose,Not Applicable,Not Applicable,Not Applicable,Not Applicable,Not Applicable,Not Applicable,Not Applicable,Not Applicable,Not Applicable,Not Applicable,,Five Times,Four Times,Two Times,One Time,One Time,,Yes,Yes,Yes,Yes,Yes,Yes,Yes,Yes,No,,Sometimes,Sometimes,Sometimes,Rarely,Rarely,Very Rarely,Sometimes,,Sometimes,Sometimes,Almost Always,Sometimes,Almost Always,Almost Never,Sometimes,Sometimes,Almost Never,Sometimes,Sometimes,Sometimes,Sometimes,Sometimes,Sometimes,Sometimes,Sometimes,Sometimes,Almost Always,Sometimes,Almost Always,,247,199,49,303,313,344,,2,5,5,7,7,6,10,12,30,2,0,0,0,0,0,10,9,2,1,1,2,1,0,0,0,0,0,0,0,0,0,0,0,0,0,0,0,0,0,0,0,0,0,0,0,0,0,0,0,0,0,0,0,0,0,0,0,0,0,0,0
91,664,2023-03-21 17:00,R_2w17XqE166FcUpI,,,0,0,,Woman,,20,"Chinese,Southeast Asian,Multiple visible minorities",Undergraduate Degree,Undergraduate Degree,"Cashier, research assistant, writer",Part time (less than 30 hours per week),"$0-$29,999/year",0-15 hours per week,No,"Instagram,Snapchat,TikTok,YouTube,LinkedIn,Facebook",,"TikTok,Facebook",7-8 hours,Sedentary,Poor,Vision issues,Self-Diagnosis,Self-Diagnosis,Self-Diagnosis,Not Applicable,Not Applicable,Not Applicable,Self-Diagnosis,Not Applicable,Not Applicable,Not Applicable,,Seven Times,Seven Times,Seven Times,Seven Times,Seven Times,,Yes,Yes,Yes,Yes,Yes,No,No,No,No,,Very Often,Very Often,Sometimes,Very Often,Rarely,Very Rarely,Often,,Always,Always,Always,Always,Always,Almost Never,Almost Never,Almost Always,Sometimes,Sometimes,Never,Never,Almost Never,Always,Always,Never,Always,Always,Almost Always,Almost Always,Almost Never,,180,121,55,80,30,6,,6,20,20,20,20,0,1,1,1,1,1,1,1,1,1,20,20,10,40,30,20,15,7,5,4,1,1,1,1,1,1,20,20,20,20,20,10,3,2,1,1,1,1,1,1,1,300,300,200,150,150,50,20,10,5,4,1,1,1,1,1
92,596,2023-03-21 17:00,R_3DqJFttV2Qe9csD,,,0,0,,Woman,,22,Not a visible minority,Undergraduate Degree,Undergraduate Degree,Student,Student,"$0-$29,999/year",Prefer not to disclose,Yes,"Instagram,Snapchat,TikTok,YouTube,LinkedIn,Facebook,Pinterest",,"TikTok,Facebook",7-8 hours,Moderate,Mostly well-balanced,Prefer not to disclose,Not Applicable,Not Applicable,Not Applicable,Not Applicable,Not Applicable,Not Applicable,Not Applicable,Not Applicable,Not Applicable,Not Applicable,,Seven Times,Seven Times,Seven Times,Four Times,Six Times,,No,No,No,Yes,Yes,No,No,No,No,,Sometimes,Sometimes,Rarely,Sometimes,Very Rarely,Very Rarely,Very Rarely,,Almost Always,Almost Always,Always,Sometimes,Sometimes,Sometimes,Almost Always,Never,Sometimes,Almost Never,Never,Never,Almost Never,Almost Never,Almost Always,Never,Sometimes,Almost Always,Almost Always,Never,Almost Never,,5,5,55,10,15,15,,10,5,1,0,0,0,0,0,0,0,0,0,0,0,0,50,15,5,3,2,1,0,0,0,0,0,0,0,0,0,0,2,1,0,0,0,0,0,0,0,0,0,0,0,0,0,10,5,3,2,0,0,0,0,0,0,0,0,0,0,0
93,960,2023-03-21 17:00,R_DkSQosZIEzicjjX,,,0,5,,Man,,21,Not a visible minority,High School Diploma,Undergraduate Degree,student,Student,"$0-$29,999/year",41+ hours per week,No,"Instagram,Snapchat,YouTube,LinkedIn,Twitter",,"TikTok,Facebook",5-6 hours,Sedentary,Mostly well-balanced,,Not Applicable,Not Applicable,Not Applicable,Not Applicable,Not Applicable,Not Applicable,Not Applicable,Not Applicable,Not Applicable,Not Applicable,,Seven Times,Seven Times,Seven Times,Seven Times,Seven Times,,No,No,No,Yes,No,No,No,Yes,No,,Very Rarely,Sometimes,Very Often,Rarely,Very Rarely,Very Rarely,Very Rarely,,Never,Sometimes,Always,Always,Never,Almost Never,Never,Never,Always,Never,Never,Never,Sometimes,Never,Never,Never,Sometimes,Sometimes,Always,Never,Almost Never,,0,0,55,0,0,0,,0,0,0,0,0,0,0,0,0,0,0,0,0,0,0,30,30,0,30,30,20,10,2,0,0,0,0,0,0,0,0,0,0,0,0,0,0,0,0,0,0,0,0,0,0,0,0,0,0,0,0,0,0,0,0,0,0,0,0,0,0
94,926,2023-03-21 17:01,R_1gG9eInjEbIybI7,,,0,0,,Woman,,21,Not a visible minority,High School Diploma,Undergraduate Degree,Student Residence Staff Member/Sales Representative ,Part time (less than 30 hours per week),"$0-$29,999/year",16-25 hours per week,Yes,"Instagram,Snapchat,TikTok,YouTube,Twitter,Reddit",,"TikTok,Facebook",5-6 hours,Moderate,Poor,Vision issues,Not Applicable,Not Applicable,Self-Diagnosis,Not Applicable,Not Applicable,Not Applicable,Not Applicable,Not Applicable,Not Applicable,Not Applicable,,Four Times,Four Times,Six Times,Four Times,Six Times,,No,No,No,Yes,No,No,No,No,No,,Sometimes,Sometimes,Rarely,Often,Rarely,Very Rarely,Rarely,,Sometimes,Sometimes,Always,Almost Never,Almost Always,Sometimes,Almost Always,Never,Never,Almost Never,Never,Almost Never,Never,Almost Never,Sometimes,Almost Never,Sometimes,Sometimes,Almost Always,Never,Almost Always,,16,14,55,10,6,0,,100,100,100,100,60,15,10,0,0,0,0,0,0,0,0,100,100,5,100,100,30,25,10,5,1,0,0,0,0,0,0,20,15,15,10,5,1,0,0,0,0,0,0,0,0,0,60,40,40,20,10,10,3,1,0,0,0,0,0,0,0
95,645,2023-03-21 17:01,R_1GUNgtYtc1LDRb4,,,0,0,,Woman,,20,Chinese,Undergraduate Degree,Undergraduate Degree,student,Student,"$0-$29,999/year",0-15 hours per week,Yes,"Instagram,Snapchat,TikTok,YouTube,LinkedIn,Facebook",,"TikTok,Facebook",7-8 hours,Active,Mostly well-balanced,Prefer not to disclose,Self-Diagnosis,Not Applicable,Not Applicable,Not Applicable,Not Applicable,Not Applicable,Not Applicable,Not Applicable,Not Applicable,Not Applicable,,Six Times,Seven Times,Never,Six Times,Seven Times,,Yes,Yes,Yes,Yes,Yes,No,No,Yes,No,,Sometimes,Very Often,Very Often,Often,Sometimes,Rarely,Often,,Always,Always,Always,Always,Sometimes,Sometimes,Almost Never,Sometimes,Sometimes,Almost Never,Always,Always,Sometimes,Always,Almost Always,Never,Almost Always,Almost Always,Almost Always,Almost Always,Almost Always,,5,7,55,10,18,25,,0.2,20,20,20,20,20,20,20,20,20,20,20,20,20,100,100,100,5,100,100,100,100,100,100,100,100,1000,100,100,100,10000,100,100,100,100,100,100,100,1000,100,100,100,100,100,100,100,100,100,100,100,100,100,100,100,100,100,100,100,100,100,100
96,647,2023-03-21 17:01,R_3iQo1uFvBzJP0Yn,,,0,5,,Woman,,20,South Asian,Undergraduate Degree,Undergraduate Degree,Student,Student,"$0-$29,999/year",0-15 hours per week,No,"Instagram,TikTok,YouTube,LinkedIn,Reddit,Facebook,Pinterest",,"TikTok,Facebook",5-6 hours,Sedentary,Poor,Prefer not to disclose,Not Applicable,Not Applicable,Not Applicable,Not Applicable,Not Applicable,Not Applicable,Not Applicable,Not Applicable,Not Applicable,Not Applicable,,Four Times,Five Times,Three Times,Five Times,Six Times,,Yes,Yes,No,Yes,No,No,No,Yes,No,,Rarely,Rarely,Rarely,Often,Rarely,Very Rarely,Sometimes,,Always,Always,Always,Always,Always,Always,Always,Always,Always,Almost Always,Always,Always,Sometimes,Always,Always,Almost Never,Sometimes,Almost Always,Almost Always,Sometimes,Always,,140,268,55,302,384,458,,60,60,60,60,30,15,10,5,5,2,0,0,0,0,0,60,60,5,60,60,60,30,20,15,10,5,0,0,0,0,0,60,60,10,10,10,10,10,0,0,0,0,0,0,0,0,120,100,80,30,30,25,15,5,2,0,0,0,0,0,0
97,1273,2023-03-21 17:02,R_xFUyCEeOnEdA8Vz,,,0,0,,Woman,,19,Not a visible minority,High School Diploma,Undergraduate Degree,Student ,Student,"$0-$29,999/year",0-15 hours per week,No,"Instagram,Snapchat,TikTok,LinkedIn,Pinterest",,"TikTok,Facebook",7-8 hours,Moderate,Somewhat well-balanced,,Not Applicable,Not Applicable,Not Applicable,Not Applicable,Not Applicable,Not Applicable,Not Applicable,Not Applicable,Not Applicable,Not Applicable,,Seven Times,Seven Times,Two Times,Seven Times,Two Times,,No,No,No,No,Yes,No,No,No,No,,Rarely,Sometimes,Very Rarely,Rarely,Very Rarely,Very Rarely,Rarely,,Almost Always,Almost Always,Always,Almost Always,Sometimes,Almost Always,Almost Never,Never,Almost Never,Almost Never,Never,Sometimes,Almost Never,Almost Never,Sometimes,Never,Sometimes,Sometimes,Almost Always,Sometimes,Almost Always,,4,2,55,2,2,0,,120,120,100,100,60,30,15,10,5,0,0,0,0,0,0,180,170,5$,100,75,60,30,10,5,0,0,0,0,0,0,0,20,20,20,20,10,10,3,1,0,0,0,0,0,0,0,120,120,110,100,60,30,10,5,3,0,0,0,0,0,0
98,1054,2023-03-21 17:02,R_x9GziyVxN3gkNZT,,,0,0,,Man,,25,Chinese,Graduate Degree,PhD,Graduate Student,Student,"$30,000-$49,999/year",41+ hours per week,No,"Instagram,YouTube,LinkedIn,Facebook",,"TikTok,Facebook",7-8 hours,Moderate,Mostly well-balanced,Vision issues,Not Applicable,Not Applicable,Not Applicable,Not Applicable,Not Applicable,Not Applicable,Not Applicable,Not Applicable,Not Applicable,Not Applicable,,Seven Times,Seven Times,Seven Times,Seven Times,Seven Times,,No,No,No,No,No,No,No,No,No,,Very Rarely,Very Rarely,Very Rarely,Very Rarely,Sometimes,Very Rarely,Sometimes,,Always,Always,Always,Always,Always,Sometimes,Never,Almost Never,Sometimes,Sometimes,Never,Never,Never,Never,Almost Always,Never,Sometimes,Almost Never,Almost Always,Almost Never,Almost Always,,10,10,55,10,0,0,,60,12,4,2,1,0,0,0,0,0,0,0,0,0,0,120,24,5,9,5,3,1,1,0,0,0,0,0,0,0,0,0,0,0,0,0,0,0,0,0,0,0,0,0,0,0,10,2,1,0,0,0,0,0,0,0,0,0,0,0,0
99,1110,2023-03-21 17:02,R_2rN4U7wOtXmWtvA,,,0,0,,Man,,18,South Asian,High School Diploma,Undergraduate Degree,Student,Student,"$0-$29,999/year",0-15 hours per week,No,"Instagram,TikTok,YouTube",,"TikTok,Facebook",7-8 hours,Sedentary,Poor,Prefer not to disclose,Self-Diagnosis,Not Applicable,Not Applicable,Not Applicable,Not Applicable,Not Applicable,Self-Diagnosis,Not Applicable,Not Applicable,Not Applicable,,Seven Times,Three Times,Six Times,Four Times,Six Times,,Yes,Yes,No,Yes,Yes,No,Yes,No,No,,Rarely,Sometimes,Rarely,Often,Sometimes,Rarely,Sometimes,,Almost Always,Almost Always,Almost Always,Sometimes,Sometimes,Sometimes,Sometimes,Almost Never,Sometimes,Almost Never,Almost Never,Sometimes,Almost Never,Almost Never,Sometimes,Never,Sometimes,Sometimes,Almost Always,Almost Never,Sometimes,,23,15,55,10,4,0,,120,70,20,10,5,2,0,0,0,0,0,0,0,0,0,30,20,5,4,3,1,0,0,0,0,0,0,0,0,0,0,100,50,10,4,1,1,0,0,0,0,0,0,0,0,0,150,100,50,20,10,2,0,0,0,0,0,0,0,0,0
100,780,2023-03-21 17:03,R_2947OnFZUm2TFqf,,,0,0,,Man,,29,South Asian,PhD,PhD,Mostly Part Time,Student,"$0-$29,999/year",0-15 hours per week,No,"Instagram,YouTube,LinkedIn,Twitter,Facebook",,"TikTok,Facebook",7-8 hours,Moderate,Somewhat well-balanced,,Not Applicable,Not Applicable,Not Applicable,Not Applicable,Not Applicable,Not Applicable,Not Applicable,Not Applicable,Not Applicable,Not Applicable,,Seven Times,Seven Times,Seven Times,Seven Times,Seven Times,,No,No,No,Yes,No,No,No,No,No,,Sometimes,Rarely,Rarely,Rarely,Sometimes,Very Rarely,Very Rarely,,Sometimes,Always,Almost Always,Always,Sometimes,Always,Sometimes,Almost Never,Sometimes,Sometimes,Almost Never,Never,Almost Never,Almost Never,Sometimes,Sometimes,Almost Never,Almost Always,Almost Always,Sometimes,Always,,470,60,55,50,60,15,,10,10,8,0,0,0,0,0,0,0,0,0,0,0,0,60,30,5,20,0,0,0,0,0,0,0,0,0,0,0,0,60,40,30,10,10,10,0,0,0,0,0,0,0,0,0,10,10,10,0,0,0,0,0,0,0,0,0,0,0,0
101,1112,2023-03-21 17:03,R_20U0VvHvtupqNol,,,0,0,,Woman,,54,Not a visible minority,Undergraduate Degree,Graduate Degree,Principal ,Full time (30+ hours per week),Prefer not to disclose,41+ hours per week,Yes,"Instagram,Snapchat,YouTube,Twitter,Facebook,Pinterest",,"Instagram,Snapchat,YouTube,LinkedIn,Twitter,Facebook,Pinterest",7-8 hours,Active,Somewhat well-balanced,Vision issues,Not Applicable,Not Applicable,Not Applicable,Not Applicable,Not Applicable,Not Applicable,Not Applicable,Not Applicable,Not Applicable,Not Applicable,,One Time,Never,One Time,Never,One Time,,No,No,No,No,No,No,No,No,No,,Very Rarely,Very Rarely,Very Rarely,Very Rarely,Very Rarely,Very Rarely,Very Rarely,,Never,Sometimes,Sometimes,Almost Never,Sometimes,Sometimes,Sometimes,Never,Sometimes,Almost Never,Never,Sometimes,Never,Never,Sometimes,Never,Never,Sometimes,Almost Always,Never,Sometimes,,38,22,55,40,29,10,,5,5,5,4,5,5,3,2,1,0,0,0,0,0,0,10,10,10,10,10,5,10,10,5,3,1,0,0,0,0,0,10,10,10,10,10,10,10,5,2,0,0,0,0,0,0,10,10,10,10,10,10,10,5,0,0,0,0,0,0,0
102,692,2023-03-21 17:03,R_1H6kiLK3uFCEWfp,,,0,0,,Woman,,23,Chinese,Undergraduate Degree,Graduate Degree,Student,Part time (less than 30 hours per week),"$0-$29,999/year",0-15 hours per week,No,"Instagram,Snapchat,YouTube,Twitter,Facebook",,"TikTok,Facebook",7-8 hours,Moderate,Somewhat well-balanced,Vision issues,Not Applicable,Not Applicable,Not Applicable,Not Applicable,Not Applicable,Not Applicable,Not Applicable,Not Applicable,Not Applicable,Not Applicable,,Seven Times,Four Times,Six Times,Seven Times,Two Times,,No,No,No,No,No,No,No,No,No,,Rarely,Rarely,Very Rarely,Very Rarely,Very Rarely,Very Rarely,Very Rarely,,Almost Always,Sometimes,Always,Almost Never,Almost Always,Almost Never,Never,Sometimes,Almost Always,Never,Never,Almost Always,Almost Never,Almost Never,Almost Always,Never,Almost Always,Sometimes,Almost Always,Never,Sometimes,,25,17,55,10,4,0,,45,45,40,30,30,20,15,10,10,5,0,0,0,0,0,120,120,5,100,100,100,100,90,75,30,30,15,10,0,0,0,0,0,0,0,0,0,0,0,0,0,0,0,0,0,0,150,120,120,120,120,100,75,60,30,15,10,5,5,0,0
103,515,2023-03-21 17:04,R_1rJQlq8s57DcGiC,,,0,10,,Woman,,18,Chinese,High School Diploma,Undergraduate Degree,student,Student,"$0-$29,999/year",0-15 hours per week,No,"Instagram,TikTok,YouTube,Twitter,Other",Wechat,"TikTok,Facebook",7-8 hours,Sedentary,Poor,Sleep issues,Self-Diagnosis,Not Applicable,Not Applicable,Self-Diagnosis,Self-Diagnosis,Not Applicable,Not Applicable,Not Applicable,Not Applicable,Not Applicable,,Seven Times,Seven Times,Seven Times,Seven Times,Seven Times,,Yes,Yes,Yes,Yes,Yes,Yes,Yes,Yes,Yes,,Very Often,Very Often,Very Often,Very Often,Very Often,Very Rarely,Often,,Always,Always,Always,Always,Always,Always,Always,Always,Almost Always,Sometimes,Almost Always,Always,Almost Always,Almost Always,Always,Almost Always,Almost Always,Always,Almost Always,Always,Sometimes,,360,200,55,600,600,600,,20,20,10,15,0,0,0,0,0,0,0,0,0,0,0,50,20,15,10,10,0,0,0,0,0,0,0,0,0,0,0,0,0,0,0,0,0,0,0,0,0,0,0,0,0,0,50,50,50,50,50,50,50,50,0,0,0,0,0,0,0
104,834,2023-03-21 17:04,R_1FwuDgXuMOxsy0P,,,0,0,,Woman,,21,Not a visible minority,Undergraduate Degree,Undergraduate Degree,student,Student,"$0-$29,999/year",Prefer not to disclose,No,"Instagram,Snapchat,YouTube,Pinterest",,"TikTok,Facebook",9-10 hours,Moderate,Mostly well-balanced,Prefer not to disclose,Medical Diagnosis,Not Applicable,Not Applicable,Not Applicable,Not Applicable,Not Applicable,Medical Diagnosis,Not Applicable,Not Applicable,Not Applicable,,Five Times,One Time,One Time,Seven Times,Two Times,,No,No,No,Yes,No,No,No,Yes,No,,Rarely,Sometimes,Sometimes,Sometimes,Rarely,Very Rarely,Very Rarely,,Almost Always,Almost Always,Almost Always,Sometimes,Sometimes,Sometimes,Almost Never,Never,Almost Never,Sometimes,Sometimes,Almost Never,Sometimes,Sometimes,Almost Always,Never,Sometimes,Sometimes,Almost Always,Sometimes,Sometimes,,30,30,55,16,0,0,,30,15,15,15,10,5,0,0,0,0,0,0,0,0,0,50,30,5,30,20,20,5,0,0,0,0,0,0,0,0,0,0,0,0,0,0,0,0,0,0,0,0,0,0,0,0,50,40,30,20,10,5,0,0,0,0,0,0,0,0,0
105,776,2023-03-21 17:04,R_2Qgjs630TZMCdGx,,,0,0,,Man,,27,Not a visible minority,Graduate Degree,PhD,Graduate student,Full time (30+ hours per week),"$0-$29,999/year",41+ hours per week,No,"YouTube,LinkedIn,Twitter,Facebook",,"TikTok,Facebook",7-8 hours,Very Active,Mostly well-balanced,Prefer not to disclose,Not Applicable,Not Applicable,Not Applicable,Not Applicable,Not Applicable,Not Applicable,Not Applicable,Not Applicable,Not Applicable,Not Applicable,,Seven Times,Seven Times,Never,Seven Times,Seven Times,,No,No,No,No,No,No,No,No,No,,Very Rarely,Very Rarely,Very Rarely,Very Rarely,Very Rarely,Very Rarely,Very Rarely,,Sometimes,Sometimes,Sometimes,Almost Never,Almost Never,Almost Never,Never,Never,Never,Almost Always,Never,Sometimes,Never,Almost Never,Sometimes,Never,Sometimes,Never,Almost Always,Sometimes,Almost Always,,21,24,55,21,21,21,,0,0,0,0,0,0,0,0,0,0,0,0,0,0,0,0,0,0,0,0,0,0,0,0,0,0,0,0,0,0,0,0,0,0,0,0,0,0,0,0,0,0,0,0,0,0,0,0,0,0,0,0,0,0,0,0,0,0,0,0,0
106,768,2023-03-21 17:04,R_3FQzPZHPPKk27hI,,,0,0,,Woman,,26,Not a visible minority,Undergraduate Degree,Graduate Degree,Student,Student,"$0-$29,999/year",41+ hours per week,No,"Instagram,Snapchat,LinkedIn,Facebook",,"TikTok,Facebook",7-8 hours,Active,Mostly well-balanced,Muscular/Skeletal issues,Not Applicable,Not Applicable,Not Applicable,Not Applicable,Not Applicable,Not Applicable,Not Applicable,Not Applicable,Not Applicable,Not Applicable,,Seven Times,Four Times,Four Times,Six Times,Four Times,,Yes,No,No,Yes,No,No,No,No,No,,Sometimes,Often,Sometimes,Often,Very Rarely,Very Rarely,Very Rarely,,Almost Always,Almost Always,Sometimes,Always,Almost Always,Sometimes,Almost Never,Almost Never,Sometimes,Sometimes,Almost Never,Sometimes,Sometimes,Sometimes,Almost Always,Never,Sometimes,Sometimes,Almost Always,Sometimes,Sometimes,,0,5,55,30,50,60,,60,60,60,45,20,10,0,0,0,0,0,0,0,0,0,100,20,5,10,4,0,0,0,0,0,0,0,0,0,0,0,0,0,0,0,0,0,0,0,0,0,0,0,0,0,0,100,20,10,0,0,0,0,0,0,0,0,0,0,0,0
107,721,2023-03-21 17:05,R_393KMdaOSMJWTxD,,,0,0,,Woman,,21,Chinese,Undergraduate Degree,Undergraduate Degree,Student ,Student,"$0-$29,999/year",0-15 hours per week,No,"Instagram,Snapchat,TikTok,YouTube,LinkedIn",,"TikTok,Facebook",5-6 hours,Active,Mostly well-balanced,Vision issues,Self-Diagnosis,Not Applicable,Not Applicable,Not Applicable,Not Applicable,Not Applicable,Not Applicable,Not Applicable,Not Applicable,Not Applicable,,Seven Times,Never,Seven Times,Never,Seven Times,,No,No,No,No,Yes,No,No,Yes,No,,Sometimes,Sometimes,Rarely,Very Rarely,Very Rarely,Very Rarely,Rarely,,Almost Always,Always,Always,Always,Almost Always,Almost Always,Almost Never,Never,Almost Never,Sometimes,Sometimes,Almost Always,Almost Always,Sometimes,Almost Never,Never,Almost Never,Never,Almost Always,Always,Sometimes,,5,10,55,30,2,0,,120,120,110,100,90,60,30,20,10,0,0,0,0,0,0,120,120,5,120,120,100,60,20,10,5,0,0,0,0,0,0,120,120,120,120,100,90,60,20,10,2,1,0,0,0,0,200,200,200,200,150,90,60,20,10,0,0,0,0,0,0
108,1080,2023-03-21 17:05,R_1nTlLbvnPyx0XPY,,,0,0,,Woman,,45,Not a visible minority,Graduate Degree,Graduate Degree,Archivist and student,Full time (30+ hours per week),"$75,000-$99,999/year",26-40 hours per week,No,"Twitter,Reddit,Facebook,Other","Telegram, Messenger, Discord, ","TikTok,Facebook",7-8 hours,Moderate,Mostly well-balanced,Sleep issues,Medical Diagnosis,Not Applicable,Not Applicable,Medical Diagnosis,Not Applicable,Self-Diagnosis,Self-Diagnosis,Medical Diagnosis,Not Applicable,Not Applicable,,Seven Times,Seven Times,Seven Times,Seven Times,Seven Times,,No,No,No,Yes,Yes,No,No,Yes,No,,Sometimes,Sometimes,Often,Often,Rarely,Very Rarely,Very Often,,Always,Always,Always,Almost Always,Almost Always,Almost Always,Almost Always,Almost Never,Sometimes,Sometimes,Sometimes,Almost Never,Sometimes,Almost Always,Almost Never,Never,Almost Always,Sometimes,Almost Always,Almost Always,Almost Always,,23,25,55,34,14,36,,500,400,400,300,300,200,100,50,50,30,20,20,5,0,0,1000,500,5,500,300,300,200,300,300,250,100,250,100,100,50,25,0,0,0,0,0,0,0,0,0,0,0,0,0,0,0,0,0,0,0,0,0,0,0,0,0,0,0,0,0,0
109,533,2023-03-21 17:05,R_1ISC0NDQmDs9WMQ,,,0,0,,Man,,22,Not a visible minority,High School Diploma,Undergraduate Degree,Student,Student,"$0-$29,999/year",0-15 hours per week,No,"Instagram,Snapchat,YouTube,Reddit",,"TikTok,Facebook",7-8 hours,Active,Mostly well-balanced,,Self-Diagnosis,Not Applicable,Not Applicable,Self-Diagnosis,Not Applicable,Not Applicable,Not Applicable,Not Applicable,Not Applicable,Not Applicable,,Seven Times,Seven Times,Seven Times,Seven Times,Seven Times,,No,No,No,Yes,Yes,No,No,Yes,No,,Very Rarely,Very Rarely,Often,Very Often,Very Rarely,Very Rarely,Rarely,,Almost Always,Almost Always,Sometimes,Sometimes,Sometimes,Sometimes,Almost Never,Never,Almost Never,Almost Always,Almost Never,Almost Never,Sometimes,Sometimes,Sometimes,Never,Almost Always,Almost Always,Almost Always,Sometimes,Never,,120,100,55,60,45,10,,60,12,0,0,0,0,0,0,0,0,0,0,0,0,0,60,12,5,0,0,0,0,0,0,0,0,0,0,0,0,0,120,30,15,0,0,0,0,0,0,0,0,0,0,0,0,360,60,30,15,0,0,0,0,0,0,0,0,0,0,0
110,788,2023-03-21 17:05,R_3gXy7aTeZvUbelv,,,0,0,,Woman,,36,Not a visible minority,Graduate Degree,Graduate Degree,Physician,Full time (30+ hours per week),"$200,000+/year",41+ hours per week,No,"Instagram,TikTok,Twitter,Facebook",,"TikTok,Facebook",7-8 hours,Moderate,Somewhat well-balanced,Prefer not to disclose,Self-Diagnosis,Not Applicable,Not Applicable,Medical Diagnosis,Not Applicable,Not Applicable,Not Applicable,Not Applicable,Not Applicable,Not Applicable,,Six Times,Six Times,One Time,Three Times,Five Times,,No,No,No,No,No,No,No,No,No,,Rarely,Very Rarely,Very Rarely,Very Rarely,Very Rarely,Very Rarely,Very Rarely,,Always,Almost Always,Almost Always,Sometimes,Sometimes,Sometimes,Sometimes,Never,Almost Never,Almost Always,Never,Sometimes,Almost Never,Sometimes,Sometimes,Never,Sometimes,Sometimes,Almost Always,Sometimes,Sometimes,,27,31,55,27,21,14,,15,15,15,5,5,0,0,0,0,0,0,0,0,0,0,10,10,5,10,10,5,0,0,0,0,0,0,0,0,0,0,0,0,0,0,0,0,0,0,0,0,0,0,0,0,0,0,0,0,0,0,0,0,0,0,0,0,0,0,0,0
111,785,2023-03-21 17:05,R_3DpeqXgrpkJ4g3Q,,,0,0,,Man,,22,Black/African American,High School Diploma,Undergraduate Degree,Student,Full time (30+ hours per week),"$30,000-$49,999/year",26-40 hours per week,No,"Instagram,Snapchat,YouTube",,"TikTok,Facebook",7-8 hours,Moderate,Somewhat well-balanced,Prefer not to disclose,Not Applicable,Not Applicable,Not Applicable,Not Applicable,Not Applicable,Not Applicable,Not Applicable,Not Applicable,Not Applicable,Not Applicable,,Seven Times,Seven Times,Seven Times,Seven Times,Seven Times,,No,Yes,No,No,No,No,No,No,No,,Sometimes,Often,Often,Rarely,Rarely,Rarely,Rarely,,Almost Always,Almost Always,Almost Always,Almost Always,Almost Always,Almost Always,Almost Always,Almost Always,Almost Always,Almost Always,Almost Always,Almost Always,Almost Always,Almost Never,Almost Always,Almost Always,Almost Always,Almost Always,Almost Always,Almost Always,Almost Always,,120,162,55,191,199,214,,0,0,0,0,0,0,0,0,1,0,0,0,0,0,0,0,0,0,0,0,0,0,0,0,0,0,0,0,0,0,0,1,2,3,1,2,2,3,1,2,3,1,2,3,1,2,3,1,2,3,1,4,2,196,8,7,5,2,1,0,0
112,967,2023-03-21 17:06,R_24qPlTz3ugfW7XB,,,0,0,,Woman,,18,Not a visible minority,High School Diploma,Undergraduate Degree,Student and part time worker,Part time (less than 30 hours per week),"$0-$29,999/year",0-15 hours per week,No,"Instagram,Snapchat,TikTok,YouTube,Pinterest",,"TikTok,Facebook",7-8 hours,Sedentary,Somewhat well-balanced,Sleep issues,Medical Diagnosis,Medical Diagnosis,Not Applicable,Medical Diagnosis,Medical Diagnosis,Not Applicable,Medical Diagnosis,Not Applicable,Medical Diagnosis,Not Applicable,,Seven Times,Three Times,Three Times,Four Times,Four Times,,No,No,No,Yes,Yes,No,No,Yes,Yes,,Rarely,Rarely,Often,Sometimes,Very Rarely,Very Rarely,Sometimes,,Almost Always,Almost Always,Always,Always,Almost Always,Almost Always,Almost Always,Almost Never,Sometimes,Sometimes,Almost Never,Almost Always,Never,Sometimes,Always,Sometimes,Almost Always,Almost Always,Almost Always,Sometimes,Sometimes,,31,41,55,23,14,0,,100,50,30,20,0,0,0,0,0,0,0,0,0,0,0,100,50,5,20,10,10,0,0,0,0,0,0,0,0,0,0,10,5,2,4,2,1,0,0,0,0,0,0,0,0,0,100,80,60,40,20,10,5,0,0,0,0,0,0,0,0
113,703,2023-03-21 17:07,R_1prMJaLOfTTOXda,,,0,0,,Woman,,19,Arab,High School Diploma,Undergraduate Degree,student,Student,"$0-$29,999/year",0-15 hours per week,Yes,"Instagram,Snapchat,TikTok,YouTube,Reddit,Facebook",,"TikTok,Facebook",5-6 hours,Moderate,Mostly well-balanced,Prefer not to disclose,Self-Diagnosis,Not Applicable,Not Applicable,Not Applicable,Not Applicable,Not Applicable,Not Applicable,Not Applicable,Not Applicable,Not Applicable,,Four Times,One Time,Never,Two Times,Two Times,,Yes,Yes,No,Yes,Yes,No,No,Yes,No,,Sometimes,Sometimes,Sometimes,Often,Often,Very Rarely,Sometimes,,Almost Always,Almost Always,Almost Always,Almost Always,Almost Always,Almost Always,Almost Never,Almost Never,Almost Never,Almost Never,Almost Never,Never,Sometimes,Almost Always,Almost Always,Almost Always,Almost Always,Almost Always,Almost Always,Almost Always,Sometimes,,35,122,55,210,263,168,,160,124,200,300,800,1000,2000,2100,1223,5000,100000,150000,20000,100000,0,20,123,5,123,100,20,122,0,0,0,0,0,0,0,0,0,20,20,20,20,30,0,0,0,0,0,0,0,0,0,0,0,0,0,34,0,0,0,0,0,0,0,0,0,0,0
114,442,2023-03-21 17:08,R_3e53grLpCzwunvt,,,0,0,,Man,,24,Prefer not to disclose,Graduate Degree,Graduate Degree,Student,Student,"$0-$29,999/year",41+ hours per week,No,"Instagram,Snapchat,TikTok,YouTube,Twitter,Reddit,Facebook",,"TikTok,Facebook",7-8 hours,Moderate,Mostly well-balanced,Prefer not to disclose,Not Applicable,Not Applicable,Not Applicable,Not Applicable,Not Applicable,Not Applicable,Not Applicable,Not Applicable,Not Applicable,Not Applicable,,Five Times,Three Times,Two Times,Three Times,Three Times,,No,No,Yes,Yes,Yes,Yes,Yes,No,Yes,,Sometimes,Rarely,Rarely,Sometimes,Rarely,Sometimes,Very Often,,Sometimes,Sometimes,Sometimes,Almost Never,Never,Always,Sometimes,Almost Never,Almost Always,Almost Always,Almost Always,Almost Always,Almost Never,Almost Always,Sometimes,Almost Always,Sometimes,Almost Always,Sometimes,Almost Always,Almost Always,,251,187,39,212,210,125,,12,2,3,12,9,20,10,3,6,8,10,2,10,5,0,100,100,10,100,25,40,0,0,0,0,0,0,0,0,0,,100,10,0,0,0,0,0,0,0,0,0,I’m ,0,0,0,0,0,0,0,0,0,0,0,0,0,0,0,0,0,0
115,1131,2023-03-21 17:08,R_1IiLlOk7ZEX3tU5,,,0,0,,Man,,38,Black/African American,PhD,PhD,Studies,Student,"$0-$29,999/year",0-15 hours per week,No,"YouTube,LinkedIn,Facebook,Other",Whatsaap,Facebook,5-6 hours,Sedentary,Somewhat well-balanced,Vision issues,Not Applicable,Not Applicable,Not Applicable,Not Applicable,Not Applicable,Not Applicable,Not Applicable,Not Applicable,Not Applicable,Not Applicable,,Two Times,Two Times,Two Times,Two Times,Two Times,,No,Yes,Yes,Yes,No,No,No,No,No,,Very Rarely,Very Rarely,Very Rarely,Very Rarely,Very Rarely,Very Rarely,Very Rarely,,Never,Never,Never,Never,Never,Never,Never,Never,Never,Never,Never,Never,Never,Never,Never,Never,Never,Never,Never,Never,Never,,463,300,50,404,41,271,,100,100,60,50,50,40,20,5,5,1,0,0,0,0,0,1000,1000,100,100,100,50,100,40,20,10,3,2,0,0,0,0,0,0,0,0,0,0,0,0,0,0,0,0,0,0,0,0,0,0,0,0,0,0,0,0,0,0,0,0,0,0
116,616,2023-03-21 17:08,R_BJtVi8PxdDrDXtT,,,0,0,,Woman,,21,Jewish,Undergraduate Degree,Undergraduate Degree,Student ,Part time (less than 30 hours per week),"$0-$29,999/year",0-15 hours per week,Yes,LinkedIn,,"TikTok,Facebook",7-8 hours,Moderate,Somewhat well-balanced,,Medical Diagnosis,Not Applicable,Not Applicable,Not Applicable,Not Applicable,Not Applicable,Not Applicable,Not Applicable,Not Applicable,Not Applicable,,Seven Times,Seven Times,Six Times,Seven Times,Six Times,,No,No,No,Yes,Yes,No,Yes,Yes,No,,Very Often,Often,Sometimes,Sometimes,Sometimes,Rarely,Sometimes,,Almost Always,Almost Always,Almost Always,Almost Never,Always,Always,Sometimes,Sometimes,Almost Always,Almost Always,Sometimes,Sometimes,Almost Never,Sometimes,Almost Never,Sometimes,Sometimes,Sometimes,Almost Always,Sometimes,Almost Always,,129,262,55,411,448,438,,30,20,25,15,10,5,3,3,1,0,0,0,0,0,0,15,10,5,8,5,3,3,2,1,0,0,0,0,0,0,0,10,10,10,8,4,3,2,1,0,0,0,0,0,0,0,200,100,75,20,15,10,3,2,1,0,0,0,0,0,0
117,815,2023-03-21 17:08,R_3Jaywl5qHfng0Hm,,,0,0,,Non-binary / third gender,,21,Not a visible minority,High School Diploma,Undergraduate Degree,unemployed/student,Student,"$0-$29,999/year",0-15 hours per week,No,"Instagram,Snapchat,TikTok,YouTube",,"TikTok,Facebook",7-8 hours,Sedentary,Poor,,Medical Diagnosis,Self-Diagnosis,Not Applicable,Medical Diagnosis,Not Applicable,Self-Diagnosis,Self-Diagnosis,Not Applicable,Not Applicable,Not Applicable,,Six Times,Six Times,Four Times,Seven Times,Six Times,,No,No,No,Yes,Yes,No,No,Yes,Yes,,Often,Sometimes,Very Often,Often,Rarely,Very Rarely,Very Rarely,,Almost Always,Almost Always,Almost Always,Sometimes,Always,Sometimes,Sometimes,Sometimes,Never,Never,Almost Never,Sometimes,Sometimes,Almost Never,Almost Always,Never,Almost Never,Never,Almost Always,Almost Never,Never,,23,20,55,24,29,20,,60,60,60,45,45,30,30,0,0,0,0,0,0,0,0,60,60,5$,60,60,60,60,60,60,60,30,0,0,0,0,0,0,0,0,0,0,0,0,0,0,0,0,0,0,0,0,75,75,75,75,45,45,30,30,0,0,0,0,0,0,0
118,436,2023-03-21 17:08,R_2xWXRhvELw4XfyI,,,0,5,,Man,,19,Chinese,Undergraduate Degree,Undergraduate Degree,Student,Student,"$0-$29,999/year",0-15 hours per week,No,Instagram,,"TikTok,Facebook",7-8 hours,Sedentary,Mostly well-balanced,Prefer not to disclose,Not Applicable,Not Applicable,Not Applicable,Not Applicable,Not Applicable,Not Applicable,Not Applicable,Not Applicable,Not Applicable,Not Applicable,,Seven Times,Never,Never,Seven Times,Six Times,,Yes,Yes,Yes,Yes,Yes,No,No,Yes,No,,Sometimes,Sometimes,Sometimes,Sometimes,Sometimes,Very Rarely,Sometimes,,Sometimes,Sometimes,Always,Sometimes,Sometimes,Sometimes,Sometimes,Sometimes,Sometimes,Sometimes,Sometimes,Sometimes,Almost Never,Sometimes,Sometimes,Sometimes,Sometimes,Sometimes,Almost Always,Almost Always,Sometimes,,33,28,55,21,0,5,,0,0,0,0,0,0,0,0,0,0,0,0,0,0,0,0,0,5,1,0,0,0,0,0,0,0,0,0,0,0,0,10,10,10,10,10,0,0,0,0,-100,0,0,0,0,0,1000,10,10,0,0,0,1,0,0,0,0,0,0,0,0
119,1192,2023-03-21 17:09,R_8jIrkTDAdATB5mh,,,0,0,,Woman,,20,South Asian,High School Diploma,Undergraduate Degree,Student,Student,Prefer not to disclose,26-40 hours per week,Yes,"Instagram,Snapchat,TikTok,YouTube,LinkedIn,Twitter,Reddit",,"TikTok,Facebook",9-10 hours,Active,Mostly well-balanced,Prefer not to disclose,Not Applicable,Not Applicable,Not Applicable,Not Applicable,Not Applicable,Not Applicable,Not Applicable,Not Applicable,Not Applicable,Not Applicable,,Seven Times,Seven Times,Seven Times,Seven Times,Seven Times,,No,Yes,No,No,Yes,No,No,Yes,No,,Sometimes,Sometimes,Often,Rarely,Rarely,Rarely,Sometimes,,Almost Always,Always,Always,Always,Almost Always,Almost Always,Almost Never,Sometimes,Sometimes,Sometimes,Almost Always,Sometimes,Almost Never,Almost Never,Sometimes,Sometimes,Sometimes,Almost Always,Almost Always,Almost Never,Sometimes,,30,30,55,30,20,,,120,120,120,60,30,15,0,0,0,0,0,0,0,0,0,240,120,0,120,60,30,15,1,1,1,0,0,0,0,0,0,120,120,60,30,15,5,1,0,0,0,0,0,0,0,0,240,120,120,60,30,5,1,1,1,0,0,0,0,0,0
120,740,2023-03-21 17:10,R_xbYVQBqrz6ZKcil,,,0,0,,Woman,,25,Not a visible minority,Graduate Degree,PhD,Teaching Assistant,Student,"$30,000-$49,999/year",Prefer not to disclose,Yes,"Instagram,TikTok,YouTube,Twitter,Facebook,Pinterest",,"TikTok,Facebook",7-8 hours,Moderate,Mostly well-balanced,Vision issues,Medical Diagnosis,Self-Diagnosis,Medical Diagnosis,Not Applicable,Not Applicable,Not Applicable,Not Applicable,Not Applicable,Not Applicable,Not Applicable,,Seven Times,Seven Times,Never,Seven Times,Never,,No,No,No,No,No,No,No,Yes,No,,Rarely,Very Rarely,Sometimes,Rarely,Very Rarely,Very Rarely,Very Rarely,,Always,Always,Always,Always,Always,Always,Almost Never,Almost Never,Almost Never,Never,Almost Never,Almost Always,Never,Always,Never,Almost Never,Almost Always,Sometimes,Almost Always,Never,Sometimes,,143,185,55,151,95,63,,120,120,120,100,100,100,25,15,8,2,1,0,0,0,0,120,120,5,120,120,120,100,70,50,50,5,1,0,0,0,0,0,0,0,0,0,0,0,0,0,0,0,0,0,0,0,5,5,5,5,5,5,5,2,1,0,0,0,0,0,0
121,790,2023-03-21 17:10,R_3iW5iRFWKRh3MA0,,,0,0,,Woman,,24,Not a visible minority,Graduate Degree,Undergraduate Degree,Student,Student,"$0-$29,999/year",0-15 hours per week,No,"Instagram,TikTok,YouTube,Reddit,Facebook",,"TikTok,Facebook",7-8 hours,Sedentary,Somewhat well-balanced,Sleep issues,Medical Diagnosis,Not Applicable,Not Applicable,Medical Diagnosis,Not Applicable,Not Applicable,Not Applicable,Not Applicable,Not Applicable,Not Applicable,,Five Times,Six Times,Five Times,Six Times,Three Times,,No,No,No,No,No,No,No,No,No,,Sometimes,Often,Often,Rarely,Sometimes,Very Rarely,Rarely,,Almost Always,Sometimes,Sometimes,Sometimes,Almost Always,Almost Never,Sometimes,Never,Sometimes,Almost Never,Never,Never,Sometimes,Almost Always,Almost Never,Never,Sometimes,Almost Always,Almost Always,Almost Never,Sometimes,,62,23,55,12,6,0,,300,200,200,150,100,60,30,30,5,0,0,0,0,0,0,100,100,5,60,60,30,20,5,0,0,0,0,0,0,0,0,10,10,10,10,10,5,0,0,0,0,0,0,0,0,0,500,300,200,100,50,10,5,0,0,0,0,0,0,0,0
122,525,2023-03-21 17:10,R_2X4KlXoVgcQY6vZ,,,0,0,,Woman,,20,Not a visible minority,High School Diploma,Undergraduate Degree,student,Student,"$0-$29,999/year",0-15 hours per week,No,"Instagram,Snapchat,TikTok,YouTube,Facebook",,"TikTok,Facebook",7-8 hours,Active,Somewhat well-balanced,Prefer not to disclose,Medical Diagnosis,Not Applicable,Not Applicable,Medical Diagnosis,Not Applicable,Not Applicable,Medical Diagnosis,Not Applicable,Not Applicable,Not Applicable,,Seven Times,Seven Times,Seven Times,Seven Times,Seven Times,,No,No,No,No,No,No,No,No,No,,Sometimes,Rarely,Very Rarely,Rarely,Very Rarely,Very Rarely,Very Rarely,,Almost Always,Almost Always,Almost Always,Almost Always,Always,Almost Always,Always,Sometimes,Sometimes,Almost Always,Never,Almost Always,Almost Never,Never,Almost Always,Sometimes,Sometimes,Sometimes,Almost Always,Always,Sometimes,,19,21,55,27,21,12,,100,70,30,10,5,5,1,0,0,0,0,0,0,0,0,100,100,10,100,5,2,1,0,0,0,0,0,0,0,0,0,100,0,0,0,0,0,0,0,0,0,0,0,0,0,0,100,0,0,0,0,0,0,0,0,0,0,0,0,0,0
123,3140,2023-03-21 17:10,R_2rNjhhJl07aIH0n,,,0,0,,Woman,,18,Hispanic/Latin American,High School Diploma,Undergraduate Degree,Shoe store worker ,Part time (less than 30 hours per week),"$0-$29,999/year",16-25 hours per week,No,"Instagram,Snapchat,TikTok,Reddit,Facebook",,"TikTok,Facebook",7-8 hours,Sedentary,Poor,Sleep issues,Self-Diagnosis,Not Applicable,Not Applicable,Self-Diagnosis,Not Applicable,Self-Diagnosis,Not Applicable,Not Applicable,Not Applicable,Not Applicable,,Seven Times,Seven Times,Seven Times,Seven Times,Seven Times,,Yes,Yes,Yes,Yes,Yes,Yes,Yes,Yes,No,,Sometimes,Often,Sometimes,Sometimes,Very Often,Often,Often,,Always,Always,Almost Always,Always,Almost Always,Always,Always,Almost Always,Almost Always,Always,Almost Always,Almost Never,Almost Never,Always,Always,Never,Sometimes,Almost Always,Almost Always,Sometimes,Almost Never,,39,64,55,30,9,,,100,20,30,30,20,20,5,1,1,0,0,0,0,0,0,109,20,25,30,5,2,2,1,1,I ,0,0,0,0,0,0,100,20,30,4,2,0,1,1,0,0,0,0,0,0,0,0,0,0,0,0,0,0,0,0,0,0,0,0,0,0
124,709,2023-03-21 17:10,R_10T2EARJRrzhzO3,,,0,0,,Man,,29,Not a visible minority,Undergraduate Degree,Undergraduate Degree,Supervisor,Part time (less than 30 hours per week),"$0-$29,999/year",16-25 hours per week,No,"Instagram,YouTube,Reddit,Facebook",,"TikTok,Facebook",5-6 hours,Sedentary,Poor,Vision issues,Medical Diagnosis,Medical Diagnosis,Not Applicable,Medical Diagnosis,Medical Diagnosis,Not Applicable,Self-Diagnosis,Self-Diagnosis,Not Applicable,Not Applicable,,Four Times,Four Times,Four Times,Four Times,Four Times,,No,No,No,Yes,No,No,No,Yes,No,,Sometimes,Rarely,Rarely,Very Rarely,Rarely,Very Rarely,Very Rarely,,Sometimes,Always,Almost Always,Sometimes,Almost Always,Almost Always,Never,Almost Never,Sometimes,Almost Never,Almost Never,Never,Never,Almost Never,Never,Never,Never,Almost Never,Almost Always,Never,Almost Always,,20,25,55,27,33,35,,3,2,2,1,1,0,0,0,0,0,0,0,0,0,0,7,100,5,60,40,30,10,5,0,0,0,0,0,0,0,0,0,0,0,0,0,0,0,0,0,0,0,0,0,0,0,0,0,0,0,0,0,0,0,0,0,0,0,0,0,0
125,1034,2023-03-21 17:10,R_BtynOQJlhwHTLRT,,,0,0,,Woman,,24,Not a visible minority,Undergraduate Degree,Graduate Degree,Graduate Teaching Assistant & Master’s Student,Student,"$0-$29,999/year",16-25 hours per week,No,"Instagram,Snapchat,TikTok,Reddit,Facebook",,"TikTok,Facebook",7-8 hours,Sedentary,Mostly well-balanced,,Medical Diagnosis,Not Applicable,Not Applicable,Not Applicable,Not Applicable,Not Applicable,Not Applicable,Not Applicable,Not Applicable,Not Applicable,,Six Times,Five Times,Two Times,Seven Times,Never,,No,Yes,No,Yes,Yes,No,No,No,No,,Sometimes,Rarely,Sometimes,Sometimes,Very Rarely,Very Rarely,Often,,Always,Always,Sometimes,Sometimes,Almost Always,Sometimes,Sometimes,Almost Never,Never,Always,Almost Never,Sometimes,Almost Never,Sometimes,Always,Never,Sometimes,Almost Always,Almost Always,Sometimes,Almost Always,,11,11,55,20,30,30,,120,120,45,20,10,5,0,0,0,0,0,0,0,0,0,60,60,5,30,10,5,0,0,0,0,0,0,0,0,0,0,20,10,5,0,0,0,0,0,0,0,0,0,0,0,0,60,30,20,20,5,5,1,1,0,0,0,0,0,0,0
126,936,2023-03-21 17:11,R_2widPhS5MdE6Khg,,,0,0,,Woman,,22,Not a visible minority,Undergraduate Degree,Undergraduate Degree,Student,Student,"$0-$29,999/year",0-15 hours per week,No,"Instagram,TikTok,LinkedIn,Facebook",,"TikTok,Facebook",5-6 hours,Moderate,Somewhat well-balanced,Prefer not to disclose,Not Applicable,Not Applicable,Not Applicable,Not Applicable,Not Applicable,Not Applicable,Not Applicable,Not Applicable,Not Applicable,Not Applicable,,Seven Times,Seven Times,Four Times,Seven Times,Four Times,,No,No,No,Yes,Yes,No,No,Yes,No,,Sometimes,Rarely,Often,Often,Rarely,Very Rarely,Rarely,,Always,Always,Always,Always,Almost Always,Always,Always,Never,Almost Always,Almost Always,Almost Always,Always,Sometimes,Always,Always,Never,Sometimes,Almost Always,Almost Always,Sometimes,Always,,100,100,55,25,30,2,,1,1,1,5,10,100,100,300,300,300,350,500,500,500,500,1,1,5,1,5,5,10,10,10,20,25,100,100,100,100,100,1,1,1,2,3,5,5,5,5,10,10,20,20,20,20,10,10,10,25,25,50,50,50,50,50,100,100,350,500,500
127,1176,2023-03-21 17:11,R_2YfRGYbzZJjvSZo,,,0,0,,Woman,,20,Not a visible minority,High School Diploma,Undergraduate Degree,PSW,Full time (30+ hours per week),Prefer not to disclose,41+ hours per week,No,"Instagram,Snapchat,TikTok,YouTube,Pinterest",,"TikTok,Facebook",5-6 hours,Sedentary,Somewhat well-balanced,Prefer not to disclose,Medical Diagnosis,Not Applicable,Not Applicable,Medical Diagnosis,Not Applicable,Not Applicable,Medical Diagnosis,Not Applicable,Not Applicable,Not Applicable,,Seven Times,Seven Times,Seven Times,Seven Times,Seven Times,,No,No,No,Yes,Yes,No,No,Yes,No,,Sometimes,Often,Often,Very Often,Very Often,Very Rarely,Often,,Almost Always,Always,Almost Always,Sometimes,Almost Always,Sometimes,Never,Sometimes,Sometimes,Almost Always,Almost Always,Sometimes,Almost Never,Sometimes,Almost Always,Never,Sometimes,Almost Always,Almost Always,Almost Always,Almost Always,,60,181,55,179,201,181,,1440,720,720,360,360,180,60,0,0,0,1,0,0,0,0,1440,1440,720,1440,720,720,180,0,0,0,0,0,0,0,0,0,0,0,0,0,0,0,0,0,0,0,0,0,0,0,0,1440,1440,1440,720,720,180,180,0,0,0,0,0,0,0,0
128,934,2023-03-21 17:11,R_2ByOLPvN7Mqbbaf,,,0,0,,Woman,,23,South Asian,Graduate Degree,Graduate Degree,None,Student,"$0-$29,999/year",0-15 hours per week,No,"Instagram,Snapchat",,"TikTok,Facebook",7-8 hours,Moderate,Mostly well-balanced,,Self-Diagnosis,Not Applicable,Not Applicable,Not Applicable,Not Applicable,Not Applicable,Not Applicable,Not Applicable,Not Applicable,Not Applicable,,Seven Times,Two Times,Three Times,Seven Times,One Time,,No,No,Yes,Yes,Yes,No,No,Yes,No,,Rarely,Sometimes,Often,Sometimes,Often,Very Rarely,Rarely,,Almost Always,Sometimes,Almost Always,Sometimes,Always,Sometimes,Almost Never,Sometimes,Sometimes,Always,Almost Always,Almost Never,Sometimes,Always,Sometimes,Never,Sometimes,Almost Always,Almost Always,Almost Always,Sometimes,,79,136,55,88,29,17,,40,30,30,20,20,10,5,2,0,0,0,0,0,0,0,60,60,5,40,30,30,10,3,1,1,0,0,0,0,0,0,120,120,60,60,30,15,3,1,1,0,0,0,0,0,0,300,120,120,120,45,15,5,2,1,1,0,0,0,0,0
129,1301,2023-03-21 17:11,R_33rMFEWYx3EzYh2,,,0,0,,Woman,,21,South Asian,High School Diploma,Undergraduate Degree,Postal Office Clerk and Student,Part time (less than 30 hours per week),"$0-$29,999/year",0-15 hours per week,No,"Instagram,TikTok,YouTube",,"TikTok,Facebook",7-8 hours,Sedentary,Somewhat well-balanced,Prefer not to disclose,Not Applicable,Not Applicable,Not Applicable,Not Applicable,Not Applicable,Not Applicable,Not Applicable,Not Applicable,Not Applicable,Not Applicable,,Seven Times,Never,One Time,One Time,Never,,No,No,No,Yes,Yes,No,No,No,No,,Sometimes,Often,Very Rarely,Rarely,Very Rarely,Very Rarely,Sometimes,,Sometimes,Always,Sometimes,Almost Never,Almost Never,Never,Almost Never,Never,Almost Always,Never,Almost Never,Never,Sometimes,Sometimes,Always,Never,Always,Always,Almost Always,Sometimes,Never,,10,31,55,102,201,69,,60,45,30,15,5,0,0,0,0,0,0,0,0,0,0,200,100,5,45,30,15,5,3,0,0,0,0,0,0,0,0,0,0,0,0,0,0,0,0,0,0,0,0,0,0,0,240,120,60,45,25,10,0,0,0,0,0,0,0,0,0
130,1033,2023-03-21 17:11,R_3lsODgiZvKsPsSk,,,0,0,,Woman,,20,Not a visible minority,High School Diploma,Undergraduate Degree,Student,Student,"$0-$29,999/year",0-15 hours per week,No,"Instagram,Snapchat,YouTube,Facebook,Pinterest",,"TikTok,Facebook",7-8 hours,Sedentary,Mostly well-balanced,Vision issues,Not Applicable,Not Applicable,Not Applicable,Not Applicable,Not Applicable,Not Applicable,Not Applicable,Not Applicable,Not Applicable,Not Applicable,,Five Times,Four Times,Five Times,Four Times,Two Times,,No,Yes,Yes,Yes,Yes,No,No,No,No,,Sometimes,Sometimes,Rarely,Often,Rarely,Very Rarely,Rarely,,Almost Always,Almost Never,Almost Always,Almost Always,Always,Almost Never,Sometimes,Almost Never,Almost Always,Sometimes,Never,Almost Never,Almost Never,Sometimes,Sometimes,Never,Sometimes,Sometimes,Almost Always,Almost Never,Never,,90,90,55,90,90,0,,60,60,30,0,0,0,0,0,0,0,0,0,0,0,0,30,30,5,10,10,0,0,0,0,0,0,0,0,0,0,0,0,0,0,0,0,0,0,0,0,0,0,0,0,0,0,60,30,10,10,0,0,0,0,0,0,0,0,0,0,0
131,990,2023-03-21 17:11,R_2X6d7xiiDSud4ai,,,0,0,,Woman,,18,"South Asian,Black/African American",High School Diploma,Undergraduate Degree,Student ,Student,"$75,000-$99,999/year",0-15 hours per week,No,"Instagram,TikTok,YouTube,Pinterest",,"TikTok,Facebook",7-8 hours,Active,Mostly well-balanced,Prefer not to disclose,Not Applicable,Not Applicable,Not Applicable,Not Applicable,Not Applicable,Not Applicable,Not Applicable,Not Applicable,Not Applicable,Not Applicable,,Six Times,Four Times,Four Times,Three Times,Three Times,,No,No,No,Yes,No,No,No,Yes,No,,Sometimes,Rarely,Rarely,Sometimes,Very Rarely,Very Rarely,Rarely,,Sometimes,Sometimes,Sometimes,Sometimes,Sometimes,Sometimes,Sometimes,Sometimes,Sometimes,Sometimes,Sometimes,Sometimes,Almost Never,Sometimes,Sometimes,Sometimes,Sometimes,Sometimes,Almost Always,Never,Sometimes,,23,48,55,29,29,35,,60,"1, 6,9, 12","1, 1.56, 2.34, 3.12","15, 30, 45, 60","30, 60, 90, 120","60, 120, 180, 240","180, 360, 540, 720","360, 720, 1080","660, 1320, 1980","2100, 4200, 6300","4200, 8400, 12600",,,,,,,,,,,,,,,,,,,,,,,0,0,0,0,0,0,0,0,0,0,0,0,0,0,0,0,0,0,0,0,0,0,0,0,0,0,,0
132,1081,2023-03-21 17:12,R_26lhBdgkXOdlOhB,,,0,0,,Man,,18,Chinese,High School Diploma,Undergraduate Degree,Student,Student,"$0-$29,999/year",0-15 hours per week,No,"YouTube,LinkedIn,Twitter,Reddit",,"TikTok,Facebook",7-8 hours,Active,Somewhat well-balanced,Prefer not to disclose,Not Applicable,Not Applicable,Not Applicable,Not Applicable,Not Applicable,Not Applicable,Not Applicable,Not Applicable,Not Applicable,Not Applicable,,Seven Times,Seven Times,Seven Times,Seven Times,Seven Times,,No,No,No,No,No,No,No,No,No,,Rarely,Rarely,Rarely,Rarely,Rarely,Very Rarely,Rarely,,Almost Always,Almost Always,Almost Always,Almost Never,Sometimes,Almost Never,Almost Never,Almost Never,Almost Never,Almost Never,Almost Never,Almost Never,Almost Never,Sometimes,Almost Never,Almost Never,Sometimes,Almost Never,Almost Always,Sometimes,Sometimes,,100,60,55,46,0,0,,0,0,0,0,0,0,0,0,0,0,0,0,0,0,0,0,0,0,0,0,0,0,0,0,0,0,0,0,0,0,0,0,0,0,0,0,0,0,0,0,0,0,0,0,0,0,0,0,0,0,0,0,0,0,0,0,0,0,0,0,0
133,1026,2023-03-21 17:12,R_2tE8EO54vPReex3,,,0,0,,Woman,,28,Not a visible minority,PhD,,Lectuere/Reasearch Assistant,Part time (less than 30 hours per week),"$0-$29,999/year",16-25 hours per week,No,"Instagram,TikTok,YouTube,Facebook",,"TikTok,Facebook",7-8 hours,Sedentary,Poor,,Self-Diagnosis,Not Applicable,Not Applicable,Not Applicable,Not Applicable,Not Applicable,Not Applicable,Not Applicable,Not Applicable,Not Applicable,,Seven Times,Seven Times,Five Times,Seven Times,Six Times,,Yes,Yes,Yes,Yes,Yes,No,No,Yes,No,,Often,Often,Often,Sometimes,Rarely,Very Rarely,Rarely,,Almost Always,Sometimes,Almost Always,Almost Always,Almost Never,Sometimes,Never,Almost Never,Almost Never,Sometimes,Sometimes,Sometimes,Never,Sometimes,Sometimes,Almost Never,Almost Always,Almost Always,Almost Always,Sometimes,Almost Always,,29,29,55,38,14,49,,240,200,200,60,30,10,2,0,0,0,0,0,0,0,0,40,20,5,10,10,0,0,0,0,0,0,0,0,0,0,0,5,5,5,0,0,0,0,0,0,0,0,0,0,0,0,240,240,200,60,5,0,0,0,0,0,0,0,0,0,0
134,1257,2023-03-21 17:13,R_Q9Bv7m9nvOnOrlv,,,0,0,,Woman,,20,South Asian,High School Diploma,Undergraduate Degree,Student,Unemployed,"$0-$29,999/year",0-15 hours per week,No,"Instagram,YouTube,Pinterest",,"TikTok,Facebook",7-8 hours,Active,Mostly well-balanced,Prefer not to disclose,Self-Diagnosis,Not Applicable,Not Applicable,Self-Diagnosis,Not Applicable,Not Applicable,Not Applicable,Not Applicable,Not Applicable,Not Applicable,,Three Times,One Time,Never,Two Times,Four Times,,No,No,No,Yes,Yes,No,No,No,No,,Often,Sometimes,Sometimes,Sometimes,Rarely,Very Rarely,Sometimes,,Sometimes,Almost Always,Almost Always,Sometimes,Sometimes,Almost Never,Almost Always,Sometimes,Sometimes,Almost Never,Almost Never,Almost Never,Almost Never,Sometimes,Almost Always,Never,Sometimes,Almost Always,Almost Never,Almost Always,Almost Always,,10,23,55,19,21,27,,60,12,10,10,2,2,2,1,0,0,0,0,0,0,0,80,30,5,20,10,2,2,1,0,0,0,0,0,0,0,0,10,10,5,4,2,1,1,0,0,0,0,0,0,0,0,60,40,10,4,2,1,1,2,0,0,0,0,0,0,0
135,793,2023-03-21 17:13,R_3iFikjnrXgwGrIi,,,0,0,,Woman,,27,Not a visible minority,College Diploma,Undergraduate Degree,Student,Student,"$0-$29,999/year",16-25 hours per week,No,"Instagram,Snapchat,Facebook,Pinterest",,"TikTok,Facebook",7-8 hours,Very Active,Always well-balanced,Prefer not to disclose,Not Applicable,Not Applicable,Not Applicable,Not Applicable,Not Applicable,Not Applicable,Not Applicable,Not Applicable,Not Applicable,Not Applicable,,Two Times,Five Times,One Time,Three Times,Three Times,,No,No,No,Yes,Yes,No,No,Yes,No,,Rarely,Rarely,Sometimes,Very Often,Very Rarely,Very Rarely,Rarely,,Almost Always,Almost Always,Always,Sometimes,Sometimes,Always,Almost Never,Sometimes,Sometimes,Sometimes,Sometimes,Almost Never,Sometimes,Almost Always,Almost Always,Never,Sometimes,Sometimes,Almost Always,Sometimes,Sometimes,,30,29,55,18,20,5,,5,5,5,5,5,0,0,0,0,0,0,0,0,0,0,20,15,5,15,10,5,5,0,0,0,0,0,0,0,0,0,10,10,5,0,0,0,0,0,0,0,0,0,0,0,0,10,10,5,0,0,0,0,0,0,0,0,0,0,0,0
136,718,2023-03-21 17:13,R_1rv0hdQ625t9Tx6,,,0,0,,Woman,,19,South Asian,High School Diploma,Undergraduate Degree,Student,Student,"$0-$29,999/year",0-15 hours per week,Yes,Instagram,,"TikTok,Facebook",7-8 hours,Sedentary,Poor,Hearing issues,Self-Diagnosis,Not Applicable,Not Applicable,Not Applicable,Not Applicable,Not Applicable,Not Applicable,Not Applicable,Not Applicable,Not Applicable,,Seven Times,Six Times,Three Times,Five Times,Five Times,,Yes,Yes,Yes,Yes,Yes,No,No,Yes,No,,Sometimes,Sometimes,Often,Sometimes,Often,Very Rarely,Very Rarely,,Almost Always,Almost Always,Always,Almost Always,Almost Always,Always,Almost Never,Sometimes,Almost Never,Almost Always,Almost Always,Almost Always,Sometimes,Always,Always,Almost Never,Sometimes,Almost Always,Almost Always,Always,Always,,39,0,55,0,17,0,,500,100,40,20,10,5,2,1,0,0,0,0,0,0,0,500,50,10,50,25,10,5,2,1,1,0,0,0,0,0,0,50,20,20,10,10,5,2,1,0,0,0,0,0,0,0,10,10,10,10,10,5,1,0,0,0,0,0,0,0,0
137,745,2023-03-21 17:13,R_25XjhP5OCp18NEE,,,0,0,,Man,,19,Korean,High School Diploma,Undergraduate Degree,Student,Student,"$0-$29,999/year",26-40 hours per week,No,"Instagram,TikTok,Twitter,Reddit",,"TikTok,Facebook",9-10 hours,Moderate,Somewhat well-balanced,Prefer not to disclose,Not Applicable,Not Applicable,Not Applicable,Not Applicable,Not Applicable,Not Applicable,Not Applicable,Not Applicable,Not Applicable,Not Applicable,,Four Times,Never,Never,Four Times,Never,,No,No,No,No,No,No,No,No,No,,Very Rarely,Very Rarely,Very Rarely,Very Rarely,Very Rarely,Very Rarely,Very Rarely,,Sometimes,Almost Always,Always,Always,Sometimes,Sometimes,Never,Almost Always,Always,Never,Almost Never,Never,Sometimes,Almost Never,Almost Never,Never,Almost Always,Sometimes,Almost Always,Never,Always,,15,23,55,37,23,46,,0,0,0,0,0,0,0,0,0,0,0,0,0,0,0,15,15,5,0,0,0,0,0,0,0,0,0,0,0,0,0,0,0,0,0,0,0,0,0,0,0,0,0,0,0,0,0,0,0,0,0,0,0,0,0,0,0,0,0,0,0
138,2913,2023-03-21 17:13,R_C39DwGjRXgiO3M5,,,0,0,,Man,,19,South Asian,Undergraduate Degree,Undergraduate Degree,Student (unemployed),Student,"$0-$29,999/year",0-15 hours per week,No,"Instagram,YouTube,LinkedIn,Twitter,Reddit",,"TikTok,Facebook",7-8 hours,Moderate,Somewhat well-balanced,Prefer not to disclose,Not Applicable,Not Applicable,Not Applicable,Not Applicable,Not Applicable,Not Applicable,Not Applicable,Not Applicable,Not Applicable,Not Applicable,,Seven Times,One Time,Five Times,Five Times,Five Times,,Yes,No,No,Yes,No,No,No,Yes,No,,Often,Often,Often,Often,Often,Often,Often,,Almost Always,Almost Always,Almost Always,Almost Always,Almost Always,Almost Always,Almost Always,Almost Always,Almost Always,Almost Always,Almost Always,Almost Always,Almost Always,Almost Always,Almost Always,Almost Always,Almost Always,Almost Always,Almost Always,Almost Always,Almost Always,,60,55,55,20,10,0,,60,55,40,30,30,10,10,0,0,0,0,0,0,0,0,90,60,0,15,15,15,10,10,0,0,0,0,0,0,0,0,90,60,40,30,30,20,10,10,0,0,0,0,0,0,0,60,60,40,40,40,20,10,0,0,0,0,0,0,0,0
139,1102,2023-03-21 17:14,R_3Rpw30RPKl9BsX8,,,0,0,,Woman,,31,Not a visible minority,Graduate Degree,PhD,Student,Student,"$30,000-$49,999/year",41+ hours per week,No,"Instagram,TikTok,YouTube,LinkedIn,Reddit,Facebook",,"TikTok,Facebook",9-10 hours,Moderate,Somewhat well-balanced,Prefer not to disclose,Not Applicable,Not Applicable,Not Applicable,Not Applicable,Not Applicable,Not Applicable,Not Applicable,Not Applicable,Not Applicable,Not Applicable,,Five Times,Three Times,Four Times,Seven Times,Three Times,,No,No,No,No,No,No,No,Yes,No,,Very Rarely,Rarely,Sometimes,Very Rarely,Rarely,Very Rarely,Very Rarely,,Almost Always,Almost Always,Almost Never,Sometimes,Sometimes,Almost Always,Almost Never,Never,Sometimes,Sometimes,Sometimes,Almost Always,Sometimes,Sometimes,Almost Never,Never,Almost Always,Sometimes,Almost Always,Almost Never,Sometimes,,60,60,55,60,60,60,,120,30,0,0,0,0,0,0,0,0,0,0,0,0,0,60,30,5,30,10,0,0,0,0,0,0,0,0,0,0,0,0,0,0,0,0,0,0,0,0,0,0,0,0,0,0,60,30,0,0,0,0,0,0,0,0,0,0,0,0,0
140,1078,2023-03-21 17:14,R_Av3WYxrvXh94NBT,,,0,0,,Man,,27,"Chinese,Japanese",Graduate Degree,Graduate Degree,TA,Part time (less than 30 hours per week),"$0-$29,999/year",0-15 hours per week,No,"Instagram,YouTube,Facebook",,"Instagram,YouTube,Facebook",7-8 hours,Moderate,Somewhat well-balanced,Muscular/Skeletal issues,Self-Diagnosis,Not Applicable,Not Applicable,Not Applicable,Self-Diagnosis,Not Applicable,Not Applicable,Not Applicable,Not Applicable,Not Applicable,,Seven Times,Seven Times,Seven Times,Seven Times,Seven Times,,No,No,Yes,No,No,No,Yes,Yes,No,,Often,Sometimes,Very Rarely,Very Rarely,Sometimes,Rarely,Very Rarely,,Almost Never,Always,Always,Almost Always,Sometimes,Always,Almost Always,Almost Never,Sometimes,Almost Always,Sometimes,Always,Sometimes,Almost Always,Almost Always,Sometimes,Sometimes,Sometimes,Sometimes,Sometimes,Always,,136,340,55,316,337,146,,200,180,100,100,90,60,40,30,20,10,3,0,0,0,0,600,400,0,200,200,100,30,20,10,2,1,0,0,0,0,0,600,300,200,150,100,100,50,30,10,8,4,1,0,0,0,600,500,400,300,200,100,70,50,30,9,2,0,0,0,0
141,1083,2023-03-21 17:14,R_dj3EW6wqEMRRYsx,,,0,0,,Woman,,22,Chinese,Graduate Degree,Graduate Degree,student,Part time (less than 30 hours per week),"$0-$29,999/year",0-15 hours per week,No,"Instagram,TikTok",,TikTok,5-6 hours,Active,Somewhat well-balanced,Prefer not to disclose,Not Applicable,Not Applicable,Not Applicable,Not Applicable,Not Applicable,Not Applicable,Not Applicable,Not Applicable,Not Applicable,Not Applicable,,Seven Times,Five Times,Five Times,Seven Times,Five Times,,No,Yes,No,No,Yes,No,No,No,No,,Sometimes,Sometimes,Often,Sometimes,Rarely,Very Rarely,Rarely,,Almost Always,Almost Always,Almost Always,Almost Always,Always,Almost Always,Almost Always,Sometimes,Sometimes,Sometimes,Sometimes,Sometimes,Sometimes,Almost Always,Sometimes,Almost Never,Sometimes,Almost Always,Almost Always,Sometimes,Almost Always,,100,60,55,60,30,26,,100,100,100,100,100,100,45,20,10,10,1,1,1,1,1,150,100,100,100,100,100,100,45,45,30,20,1,1,1,1,1,1,1,1,1,1,1,1,1,1,1,1,1,1,1,1,100,100,100,100,100,50,45,40,25,20,10,1,1,1,1
142,1402,2023-03-21 17:14,R_PM4Gs8DUobQhMml,,,0,0,,Man,,32,West Asian,Graduate Degree,PhD,Student,Student,"$0-$29,999/year",41+ hours per week,No,"Instagram,TikTok,YouTube",,"TikTok,Facebook",5-6 hours,Active,Poor,Prefer not to disclose,,Medical Diagnosis,,,Self-Diagnosis,,,,,,,Seven Times,Never,Three Times,Seven Times,Four Times,,No,No,No,Yes,No,No,No,Yes,No,,Rarely,Very Rarely,Sometimes,Sometimes,Very Rarely,Very Rarely,Very Rarely,,Sometimes,Almost Always,Sometimes,Never,Almost Never,Sometimes,Sometimes,Never,Sometimes,Almost Never,Sometimes,Almost Never,Always,Sometimes,Almost Never,Never,Never,Sometimes,Almost Always,Never,Almost Always,,0,10,55,3,2,3,,100,20,10,4,2,1,0,0,0,0,0,0,0,0,0,1000,500,10,100,500,600,10,5,0,0,0,0,0,0,0,0,0,0,0,0,0,0,0,0,0,0,0,0,0,0,0,100,20,20,4,2,1,0,0,0,0,0,0,0,0,0
143,1112,2023-03-21 17:15,R_3D55wdTJwJ2xFj1,,,0,0,,Man,,22,Chinese,High School Diploma,Undergraduate Degree,Student/Intern,Full time (30+ hours per week),"$30,000-$49,999/year",26-40 hours per week,No,"YouTube,LinkedIn,Twitter,Reddit,Facebook",,"TikTok,Facebook",9-10 hours,Sedentary,Somewhat well-balanced,,Not Applicable,Not Applicable,Not Applicable,Not Applicable,Not Applicable,Not Applicable,Not Applicable,Not Applicable,Not Applicable,Not Applicable,,Seven Times,Six Times,Seven Times,Five Times,Six Times,,No,No,No,Yes,Yes,No,No,No,No,,Very Rarely,Sometimes,Often,Often,Very Rarely,Very Rarely,Often,,Always,Always,Sometimes,Never,Always,Always,Never,Almost Never,Almost Always,Never,Sometimes,Almost Never,Always,Almost Always,Never,Never,Always,Always,Almost Always,Never,Sometimes,,501,389,55,312,305,63,,3,60,10,10,10,6,5,1,1,0,0,0,0,0,0,600,300,5,200,200,200,200,200,200,200,100,60,60,30,30,0,100,100,50,10,5,0,0,0,0,0,0,0,0,0,0,500,300,200,200,100,100,60,50,20,5,0,0,0,0,0
144,1595,2023-03-21 17:15,R_27rob4TK6EG52ws,,,0,0,,Woman,,22,Not a visible minority,Undergraduate Degree,,Research assistant,Part time (less than 30 hours per week),"$0-$29,999/year",16-25 hours per week,No,"Instagram,Snapchat,TikTok,YouTube,LinkedIn,Reddit",,"TikTok,Facebook",7-8 hours,Sedentary,Always well-balanced,Vision issues,Medical Diagnosis,Not Applicable,Self-Diagnosis,Not Applicable,Not Applicable,Not Applicable,Not Applicable,Not Applicable,Not Applicable,Not Applicable,,Six Times,Seven Times,Never,Seven Times,Six Times,,No,No,No,Yes,Yes,No,No,Yes,No,,Very Often,Rarely,Sometimes,Often,Rarely,Very Rarely,Very Rarely,,Almost Always,Always,Sometimes,Almost Always,Almost Always,Always,Almost Never,Almost Never,Never,Almost Never,Sometimes,Sometimes,Sometimes,Sometimes,Almost Never,Almost Never,Sometimes,Almost Always,Almost Always,Almost Never,Almost Always,,158,118,55,31,33,0,,0,0,0,0,0,0,0,0,0,0,0,0,0,0,0,500,100,5,38,20,10,0,0,0,0,0,0,0,0,0,0,0,0,0,0,0,0,0,0,0,0,0,0,0,0,0,1000,200,77,0,0,0,0,0,0,0,0,0,0,0,0
145,878,2023-03-21 17:16,R_1GHzLIA9OQ1sNd0,,,0,0,,Man,,22,Jewish,Undergraduate Degree,Graduate Degree,TA at Western,Student,"$30,000-$49,999/year",16-25 hours per week,No,"Instagram,YouTube,Reddit",,"TikTok,Facebook",7-8 hours,Moderate,Mostly well-balanced,Prefer not to disclose,Not Applicable,Not Applicable,Not Applicable,Not Applicable,Not Applicable,Not Applicable,Medical Diagnosis,Not Applicable,Not Applicable,Not Applicable,,One Time,Four Times,Three Times,One Time,Two Times,,No,No,No,No,No,No,No,No,No,,Very Rarely,Very Rarely,Very Rarely,Very Rarely,Very Rarely,Very Rarely,Very Rarely,,Sometimes,Almost Always,Always,Almost Always,Never,Sometimes,Sometimes,Never,Almost Never,Almost Never,Never,Never,Never,Never,Never,Never,Almost Never,Sometimes,Almost Always,Never,Sometimes,,5,5,55,10,14,0,,0,0,0,0,0,0,0,0,0,0,0,0,0,0,0,500,100,5,50,20,10,5,2,0,0,0,0,0,0,0,0,0,0,0,0,0,0,0,0,0,0,0,0,0,0,0,0,0,0,0,0,0,0,0,0,0,0,0,0,0,0
146,909,2023-03-21 17:17,R_yF5bvYCrSdRtGJH,,,0,0,,Woman,,23,"Chinese,Southeast Asian",Undergraduate Degree,Graduate Degree,I am in school full-time but work as a teaching and research assistant,Student,"$30,000-$49,999/year",0-15 hours per week,No,"Instagram,Snapchat,TikTok,Pinterest",,"TikTok,Facebook",7-8 hours,Moderate,Somewhat well-balanced,,Not Applicable,Not Applicable,Not Applicable,Not Applicable,Not Applicable,Not Applicable,Not Applicable,Not Applicable,Not Applicable,Not Applicable,,Seven Times,Seven Times,Seven Times,Seven Times,Seven Times,,No,No,No,Yes,Yes,No,No,No,No,,Often,Very Rarely,Very Rarely,Sometimes,Very Rarely,Very Rarely,Rarely,,Almost Always,Always,Always,Always,Always,Always,Sometimes,Never,Sometimes,Sometimes,Never,Almost Always,Never,Sometimes,Always,Almost Always,Sometimes,Sometimes,Almost Always,Sometimes,Almost Always,,25,15,55,15,5,0,,60,18,10,4,2,0,0,0,0,0,0,0,0,0,0,100,60,5,15,10,5,2,2,0,0,0,0,0,0,0,0,10,5,5,2,2,2,0,0,0,0,0,0,0,0,0,5,3,2,2,2,0,0,0,0,0,0,0,0,0,0
147,1125,2023-03-21 17:18,R_2BaIwvMSZTXYYKB,,,0,0,,Woman,,24,Not a visible minority,College Diploma,Undergraduate Degree,Student,Student,"$0-$29,999/year",0-15 hours per week,No,"TikTok,YouTube,Reddit",,"TikTok,Facebook",7-8 hours,Sedentary,Somewhat well-balanced,Muscular/Skeletal issues,Medical Diagnosis,Self-Diagnosis,Self-Diagnosis,Medical Diagnosis,Not Applicable,Not Applicable,Not Applicable,Medical Diagnosis,Self-Diagnosis,Not Applicable,,Five Times,Never,Three Times,Six Times,One Time,,No,No,No,No,Yes,No,No,Yes,No,,Rarely,Very Rarely,Sometimes,Very Rarely,Rarely,Very Rarely,Sometimes,,Sometimes,Always,Almost Never,Sometimes,Sometimes,Sometimes,Never,Almost Never,Never,Almost Always,Sometimes,Sometimes,Sometimes,Sometimes,Almost Always,Never,Sometimes,Sometimes,Almost Always,Never,Always,,91,122,55,150,181,210,,300,100,60,0,0,0,0,0,0,0,0,0,0,0,0,350,100,5,60,30,10,5,0,0,0,0,0,0,0,0,0,0,0,0,0,0,0,0,0,0,0,0,0,0,0,0,200,100,30,0,0,0,0,0,0,0,0,0,0,0,0
148,859,2023-03-21 17:18,R_12mO0oasy6n78fi,,,0,0,,Woman,,24,Other,Undergraduate Degree,Graduate Degree,student,Student,"$0-$29,999/year",0-15 hours per week,No,"Instagram,TikTok,YouTube,LinkedIn,Facebook,Pinterest",,"TikTok,Facebook",7-8 hours,Moderate,Somewhat well-balanced,Prefer not to disclose,Not Applicable,Not Applicable,Not Applicable,Not Applicable,Not Applicable,Not Applicable,Not Applicable,Not Applicable,Not Applicable,Not Applicable,,Seven Times,Seven Times,Six Times,Seven Times,Seven Times,,No,No,No,Yes,Yes,No,No,Yes,No,,Often,Often,Sometimes,Rarely,Sometimes,Very Rarely,Sometimes,,Almost Always,Always,Always,Almost Always,Almost Always,Always,Always,Sometimes,Almost Never,Almost Always,Almost Never,Always,Almost Never,Sometimes,Almost Always,Never,Sometimes,Almost Always,Almost Always,Almost Always,Almost Always,,30,29,55,39,10,1,,100,100,15,5,2,0,0,0,0,0,0,0,0,0,0,100,100,5,50,15,5,0,0,0,0,0,0,0,0,0,0,0,0,0,0,0,0,0,0,0,0,0,0,0,0,0,500,500,400,200,100,5,3,2,1,0,0,0,0,0,0
149,1006,2023-03-21 17:19,R_qVi9MYHNgFYgpuV,,,0,0,,Man,,20,"Chinese,Southeast Asian",High School Diploma,Undergraduate Degree,student,Student,"$0-$29,999/year",Prefer not to disclose,No,"Instagram,YouTube,Reddit",,"TikTok,Facebook",7-8 hours,Active,Always well-balanced,,Not Applicable,Not Applicable,Not Applicable,Not Applicable,Not Applicable,Not Applicable,Not Applicable,Not Applicable,Not Applicable,Not Applicable,,Two Times,Four Times,Seven Times,Five Times,Seven Times,,No,No,No,Yes,Yes,No,No,Yes,No,,Very Rarely,Rarely,Sometimes,Sometimes,Very Rarely,Very Rarely,Rarely,,Sometimes,Almost Always,Almost Always,Sometimes,Sometimes,Sometimes,Almost Never,Never,Almost Never,Sometimes,Almost Never,Almost Never,Almost Never,Almost Always,Never,Almost Always,Sometimes,Almost Always,Almost Always,Never,Never,,100,120,55,95,120,70,,120,120,120,120,60,0,0,0,0,0,0,0,0,0,0,120,20,5,20,20,10,0,0,0,0,0,0,0,0,0,0,0,0,0,0,0,0,0,0,0,0,0,0,0,0,0,240,120,100,100,10,0,0,0,0,0,0,0,0,0,0
150,586,2023-03-21 17:20,R_27kGDGgZzE3GrbX,,,0,0,,Woman,,21,Chinese,High School Diploma,Undergraduate Degree,student,Student,"$0-$29,999/year",0-15 hours per week,No,"Instagram,TikTok,Reddit,Facebook",,"TikTok,Facebook",7-8 hours,Moderate,Mostly well-balanced,,Not Applicable,Not Applicable,Not Applicable,Not Applicable,Not Applicable,Not Applicable,Not Applicable,Not Applicable,Not Applicable,Not Applicable,,Never,Two Times,One Time,Six Times,Four Times,,No,Yes,No,Yes,Yes,No,No,Yes,No,,Rarely,Sometimes,Sometimes,Sometimes,Sometimes,Very Rarely,Very Rarely,,Almost Always,Almost Always,Almost Always,Sometimes,Sometimes,Sometimes,Never,Almost Never,Always,Sometimes,Sometimes,Sometimes,Almost Always,Almost Always,Almost Always,Never,Always,Always,Almost Always,Almost Always,Sometimes,,46,22,55,13,83,72,,1000,100,85,100,100,90,10,8,5,2,1,1,0.5,0,0,10,5,5,20,10,5,12,2,1,1,1,0,0.5,0,0,0,10,1,1,1,0,0,0,0,0,0,0,0,0,0,0,1000,50,55,42,100,100,50,25,40,10,5,4,1,0,0
151,1088,2023-03-21 17:20,R_1Qz3Is7k0NMkqne,,,0,0,,Man,,21,Chinese,High School Diploma,Undergraduate Degree,Student,Student,"$0-$29,999/year",0-15 hours per week,No,"Instagram,TikTok",,"TikTok,Facebook",7-8 hours,Moderate,Always well-balanced,Prefer not to disclose,Not Applicable,Not Applicable,Not Applicable,Not Applicable,Not Applicable,Not Applicable,Not Applicable,Not Applicable,Not Applicable,Not Applicable,,Seven Times,Seven Times,Seven Times,Four Times,Seven Times,,No,No,No,Yes,Yes,No,Yes,Yes,No,,Rarely,Sometimes,Sometimes,Often,Very Rarely,Very Rarely,Rarely,,Almost Always,Almost Always,Almost Always,Sometimes,Sometimes,Sometimes,Almost Never,Almost Never,Almost Never,Sometimes,Almost Never,Sometimes,Sometimes,Sometimes,Almost Always,Never,Sometimes,Sometimes,Almost Always,Almost Never,Almost Always,,32,41,55,57,64,61,,120,60,40,30,25,10,5,2,1,0,0,0,0,0,0,120,60,5,0,0,0,0,0,0,0,0,0,0,0,0,0,0,0,0,0,0,0,0,0,0,0,0,0,0,0,0,0,0,0,0,0,0,0,0,0,0,0,0,0,0,0
152,772,2023-03-21 17:21,R_1DThyIhplC1b9tr,,,0,0,,Woman,,22,Not a visible minority,High School Diploma,Undergraduate Degree,Full time student,Student,"$0-$29,999/year",0-15 hours per week,No,"Instagram,Snapchat,TikTok,YouTube,Twitter,Facebook,Pinterest",,"TikTok,Facebook",7-8 hours,Moderate,Somewhat well-balanced,Prefer not to disclose,Self-Diagnosis,Not Applicable,Not Applicable,Self-Diagnosis,Not Applicable,Not Applicable,Not Applicable,Not Applicable,Not Applicable,Not Applicable,,One Time,Five Times,Never,Seven Times,Two Times,,Yes,No,No,Yes,Yes,No,No,Yes,No,,Often,Often,Often,Very Often,Very Often,Very Rarely,Very Often,,Always,Always,Always,Always,Always,Always,Almost Never,Almost Never,Almost Always,Sometimes,Almost Always,Almost Never,Sometimes,Always,Always,Never,Always,Always,Almost Always,Almost Always,Almost Always,,10,2,55,1,0,0,,0,0,0,0,0,0,0,0,0,0,0,0,0,0,0,10,5,1,1,1,1,1,1,1,0,0,0,0,0,0,0,0,0,0,0,0,0,0,0,0,0,0,0,0,0,0,0,0,0,0,0,0,0,0,0,0,0,0,0,0,0
153,729,2023-03-21 17:21,R_bNkDDS1CE7QWcA9,,,0,10,,Woman,,18,Chinese,Undergraduate Degree,Undergraduate Degree,Student,Student,"$0-$29,999/year",0-15 hours per week,Yes,"Instagram,Snapchat,TikTok,YouTube,LinkedIn",,"TikTok,Facebook",7-8 hours,Moderate,Mostly well-balanced,Prefer not to disclose,Not Applicable,Not Applicable,Not Applicable,Not Applicable,Not Applicable,Not Applicable,Not Applicable,Not Applicable,Not Applicable,Not Applicable,,Seven Times,Seven Times,Seven Times,Seven Times,Seven Times,,Yes,No,No,Yes,Yes,No,No,Yes,No,,Rarely,Sometimes,Rarely,Often,Rarely,Very Rarely,Sometimes,,Almost Always,Always,Always,Always,Sometimes,Almost Always,Almost Always,Always,Almost Never,Almost Never,Sometimes,Sometimes,Sometimes,Almost Always,Almost Always,Never,Almost Always,Almost Always,Almost Always,Always,Almost Always,,60,44,55,31,14,9,,30,30,30,30,20,10,10,10,0,0,0,0,0,0,0,60,60,30,50,30,20,30,15,0,0,0,0,0,0,0,0,60,60,60,60,30,0,0,0,0,0,0,0,0,0,0,60,60,60,60,30,15,0,0,0,0,0,0,0,0,0
154,3923,2023-03-21 17:21,R_2TUn0kaZzaGCvsw,,,0,75,,Man,,22,Other,High School Diploma,Undergraduate Degree,"Student, freelance laborer",Unemployed,"$0-$29,999/year",Prefer not to disclose,Yes,"YouTube,LinkedIn,Reddit,Facebook",,"TikTok,Facebook",5-6 hours,Moderate,Mostly well-balanced,Vision issues,Medical Diagnosis,Not Applicable,Not Applicable,Not Applicable,Not Applicable,Not Applicable,Not Applicable,Not Applicable,Not Applicable,Not Applicable,,Five Times,Two Times,Never,Seven Times,Five Times,,No,No,No,Yes,No,No,No,Yes,No,,Very Rarely,Sometimes,Rarely,Sometimes,Very Rarely,Very Rarely,Very Rarely,,Sometimes,Sometimes,Almost Always,Sometimes,Sometimes,Never,Never,Never,Never,Never,Never,Never,Never,Never,Never,Never,Never,Never,Almost Always,Never,Never,,28,31,55,22,1,0,,0,0,0,0,0,0,0,0,0,0,0,0,0,0,0,0,0,5,0,0,0,0,0,0,0,0,0,0,0,0,0,0,0,0,0,0,0,0,0,0,0,0,0,0,0,0,0,0,0,0,0,0,0,0,0,0,0,0,0,0,0
155,605,2023-03-21 17:21,R_1MNavRxnKH1kZup,,,0,0,,Woman,,19,South Asian,High School Diploma,Undergraduate Degree,Server,Part time (less than 30 hours per week),"$30,000-$49,999/year",16-25 hours per week,No,"Instagram,Snapchat,TikTok",,"TikTok,Facebook",5-6 hours,Active,Poor,Prefer not to disclose,Self-Diagnosis,Not Applicable,Not Applicable,Medical Diagnosis,Not Applicable,Not Applicable,Medical Diagnosis,Not Applicable,Not Applicable,Not Applicable,,Seven Times,Seven Times,Seven Times,Seven Times,Seven Times,,No,No,No,Yes,Yes,No,No,Yes,No,,Sometimes,Very Rarely,Often,Often,Rarely,Rarely,Often,,Almost Always,Always,Always,Always,Always,Sometimes,Sometimes,Sometimes,Sometimes,Sometimes,Almost Always,Sometimes,Almost Never,Sometimes,Almost Never,Never,Almost Always,Sometimes,Almost Always,Almost Never,Sometimes,,60,50,55,52,37,120,,100,70,30,45,70,10,10,5,5,0,0,0,0,0,0,60,60,45,45,45,40,30,10,10,0,0,0,0,0,0,0,0,0,0,0,0,0,0,0,0,0,0,0,0,0,0,0,0,0,0,0,0,0,0,0,0,0,0,0,0,0
156,644,2023-03-21 17:22,R_1gdTynnDzhtYZnS,,,0,30,,Man,,19,Prefer not to disclose,High School Diploma,Undergraduate Degree,Student,Student,Prefer not to disclose,0-15 hours per week,No,"Instagram,Snapchat,YouTube",,"TikTok,Facebook",7-8 hours,Moderate,Somewhat well-balanced,Prefer not to disclose,Not Applicable,Not Applicable,Not Applicable,Not Applicable,Not Applicable,Not Applicable,Not Applicable,Not Applicable,Not Applicable,Not Applicable,,Seven Times,Seven Times,Seven Times,Seven Times,Seven Times,,No,No,No,No,Yes,No,No,No,No,,Sometimes,Sometimes,Very Rarely,Very Rarely,Rarely,Very Rarely,Very Rarely,,Almost Always,Almost Always,Always,Sometimes,Sometimes,Sometimes,Almost Never,Never,Sometimes,Sometimes,Almost Never,Almost Never,Sometimes,Sometimes,Sometimes,Never,Sometimes,Sometimes,Almost Always,Sometimes,Almost Never,,87,135,55,142,70,0,,60,60,45,30,15,7,0,0,0,0,0,0,0,0,0,30,20,10,10,5,0,0,0,0,0,0,0,0,0,0,0,0,0,0,0,0,0,0,0,0,0,0,0,0,0,0,15,15,15,15,10,5,0,0,0,0,0,0,0,0,0
157,933,2023-03-21 17:22,R_1dM0fe9Fw5kIG4p,,,0,10,,Man,,22,Chinese,Undergraduate Degree,Undergraduate Degree,Student,Student,"$0-$29,999/year",0-15 hours per week,No,"Instagram,YouTube,LinkedIn,Reddit",,"TikTok,Facebook",7-8 hours,Moderate,Somewhat well-balanced,Prefer not to disclose,Not Applicable,Not Applicable,Not Applicable,Not Applicable,Not Applicable,Not Applicable,Not Applicable,Not Applicable,Not Applicable,Not Applicable,,Seven Times,Never,Seven Times,Seven Times,Seven Times,,No,No,No,No,No,No,No,No,No,,Rarely,Sometimes,Sometimes,Rarely,Rarely,Rarely,Sometimes,,Sometimes,Almost Never,Almost Always,Almost Always,Always,Never,Almost Never,Almost Never,Almost Never,Sometimes,Sometimes,Sometimes,Almost Never,Almost Never,Never,Never,Never,Almost Never,Almost Never,Always,Always,,279,215,55,120,53,20,,60,50,30,10,10,5,0,0,0,0,0,0,0,0,0,100,50,5,10,10,10,5,0,0,0,0,0,0,0,0,0,0,0,0,0,0,0,0,0,0,0,0,0,0,0,0,20,10,10,5,0,0,0,0,0,0,0,0,0,0,0
158,779,2023-03-21 17:23,R_0cbMG7ATDyGLfxv,,,0,0,,Woman,,19,Not a visible minority,High School Diploma,Undergraduate Degree,unemployed,Unemployed,"$0-$29,999/year",0-15 hours per week,No,"Instagram,Snapchat,TikTok,YouTube,Twitter,Pinterest",,TikTok,5-6 hours,Moderate,Somewhat well-balanced,Prefer not to disclose,Self-Diagnosis,Not Applicable,Not Applicable,Not Applicable,Not Applicable,Not Applicable,Self-Diagnosis,Not Applicable,Not Applicable,Not Applicable,,Seven Times,Seven Times,Seven Times,Seven Times,Seven Times,,Yes,No,Yes,Yes,Yes,No,Yes,No,No,,Often,Sometimes,Often,Very Often,Sometimes,Very Rarely,Often,,Always,Always,Always,Always,Always,Always,Always,Sometimes,Sometimes,Always,Sometimes,Almost Always,Never,Always,Always,Almost Never,Always,Always,Almost Always,Always,Always,,150,110,55,75,16,5,,100,100,50,30,15,10,5,3,1,0,0,0,0,0,0,50,50,5,50,30,30,20,5,2,0,0,0,0,0,0,0,50,50,30,20,20,15,5,2,1,0,0,0,0,0,0,200,200,150,100,100,50,20,15,3,1,1,0,0,0,0
159,775,2023-03-21 17:24,R_2fcHcXjadIwA1oC,,,0,0,,Woman,,21,Not a visible minority,High School Diploma,Undergraduate Degree,No job ,Unemployed,Prefer not to disclose,0-15 hours per week,No,"Instagram,Snapchat,TikTok,Twitter,Facebook",,"TikTok,Facebook",5-6 hours,Moderate,Somewhat well-balanced,Vision issues,Medical Diagnosis,Medical Diagnosis,Not Applicable,Medical Diagnosis,Not Applicable,Not Applicable,Medical Diagnosis,Not Applicable,Not Applicable,Not Applicable,,Seven Times,Two Times,Seven Times,Seven Times,Four Times,,No,No,No,Yes,Yes,No,No,Yes,No,,Sometimes,Very Rarely,Very Often,Often,Sometimes,Very Rarely,Sometimes,,Almost Always,Almost Always,Almost Always,Almost Always,Always,Sometimes,Almost Always,Never,Almost Never,Almost Always,Almost Always,Almost Always,Sometimes,Almost Always,Always,Sometimes,Always,Almost Always,Almost Always,Sometimes,Almost Always,,18,30,55,43,43,52,,10,5,4,7,10,0,0,0,0,0,0,0,0,0,0,10,10,5,10,5,5,5,6,0,0,0,0,0,0,0,0,0,0,0,0,0,0,0,0,0,0,0,0,0,0,0,20,20,20,20,20,20,20,20,22,0,0,0,0,0,0
160,1360,2023-03-21 17:25,R_2Qnbpd3cUQCXWLv,,,0,0,,Non-binary / third gender,,25,Arab,Graduate Degree,Graduate Degree,Marketing coordinator,Part time (less than 30 hours per week),"$0-$29,999/year",0-15 hours per week,Yes,"Instagram,Facebook,Pinterest,Other","Tumblr, Discord","TikTok,Facebook",5-6 hours,Moderate,Mostly well-balanced,Muscular/Skeletal issues,Not Applicable,Not Applicable,Not Applicable,Not Applicable,Not Applicable,Not Applicable,Not Applicable,Self-Diagnosis,Not Applicable,Not Applicable,,Seven Times,Seven Times,Two Times,Seven Times,Seven Times,,No,No,Yes,No,No,No,No,No,No,,Sometimes,Rarely,Very Rarely,Rarely,Sometimes,Very Rarely,Sometimes,,Sometimes,Almost Always,Always,Almost Always,Sometimes,Almost Never,Sometimes,Never,Almost Never,Almost Always,Never,Sometimes,Sometimes,Almost Always,Always,Almost Never,Sometimes,Sometimes,Almost Always,Almost Never,Almost Never,,15,20,55,30,60,60,,240,240,240,60,70,25,0,0,0,0,0,0,0,0,0,240,90,15,90,45,30,10,5,2,0,0,0,0,0,0,0,60,60,60,45,30,15,5,2,0,0,0,0,0,0,0,300,300,100,50,20,15,5,0,0,0,0,0,0,0,0
161,1283,2023-03-21 17:25,R_r6lbBqE619ALQQN,,,0,0,,Woman,,20,Not a visible minority,Undergraduate Degree,Undergraduate Degree,Barista,Part time (less than 30 hours per week),"$0-$29,999/year",26-40 hours per week,No,"Instagram,Snapchat,TikTok,YouTube,LinkedIn,Twitter,Reddit,Facebook,Pinterest",,"TikTok,Facebook",5-6 hours,Moderate,Poor,Prefer not to disclose,Medical Diagnosis,Self-Diagnosis,Medical Diagnosis,Medical Diagnosis,Medical Diagnosis,Self-Diagnosis,Medical Diagnosis,Self-Diagnosis,Not Applicable,Not Applicable,,Seven Times,Seven Times,Seven Times,Seven Times,Seven Times,,No,No,No,Yes,Yes,No,No,Yes,No,,Very Rarely,Very Rarely,Very Often,Very Often,Very Rarely,Very Rarely,Rarely,,Sometimes,Sometimes,Always,Always,Always,Always,Almost Always,Sometimes,Sometimes,Sometimes,Sometimes,Sometimes,Sometimes,Sometimes,Sometimes,Sometimes,Sometimes,Sometimes,Almost Always,Always,Almost Always,,55,42,55,51,46,57,,100,100,50,50,50,20,10,1,1,0,0,0,0,0,0,100,100,5,20,10,0,0,0,0,0,0,0,0,0,0,0,0,0,0,0,0,0,0,0,0,0,0,0,0,0,0,0,0,0,0,0,0,0,0,0,0,0,0,0,0,0
162,701,2023-03-21 17:25,R_1loCsnazv4a7Rmh,,,0,0,,Woman,,20,South Asian,High School Diploma,Undergraduate Degree,Student,Student,"$0-$29,999/year",0-15 hours per week,No,"Instagram,Snapchat,TikTok",,"TikTok,Facebook",5-6 hours,Moderate,Somewhat well-balanced,Vision issues,Not Applicable,Not Applicable,Not Applicable,Not Applicable,Not Applicable,Not Applicable,Not Applicable,Not Applicable,Not Applicable,Not Applicable,,Seven Times,Four Times,Never,Seven Times,Five Times,,No,No,No,No,No,No,No,No,No,,Very Rarely,Very Rarely,Very Rarely,Very Rarely,Very Rarely,Very Rarely,Very Rarely,,Almost Always,Always,Always,Always,Always,Almost Always,Almost Never,Never,Sometimes,Never,Never,Almost Never,Never,Almost Never,Sometimes,Never,Always,Sometimes,Almost Always,Sometimes,Sometimes,,20,16,55,2,0,0,,0.6,1,0,0,0,0,0,0,0,0,0,0,0,0,0,5,2,5,1,0,0,0,0,0,0,0,0,0,0,0,0,0,0,0,0,0,0,0,0,0,0,0,0,0,0,0,1,1,0,0,0,0,0,0,0,0,0,0,0,0,0
163,1440,2023-03-21 17:26,R_1Nz9oWZGo6oi84x,,,0,0,,Non-binary / third gender,,24,Not a visible minority,Graduate Degree,PhD,Student,Student,"$30,000-$49,999/year",26-40 hours per week,No,"Instagram,YouTube,Twitter,Facebook",,"TikTok,Facebook",7-8 hours,Sedentary,Poor,Prefer not to disclose,Not Applicable,Not Applicable,Not Applicable,Self-Diagnosis,Not Applicable,Not Applicable,Medical Diagnosis,Not Applicable,Not Applicable,Not Applicable,,Seven Times,Seven Times,Seven Times,Seven Times,Seven Times,,No,No,No,Yes,Yes,No,No,No,No,,Very Rarely,Very Rarely,Rarely,Sometimes,Rarely,Very Rarely,Sometimes,,Sometimes,Almost Always,Always,Sometimes,Almost Always,Almost Always,Almost Never,Never,Almost Never,Almost Never,Never,Sometimes,Sometimes,Sometimes,Almost Always,Never,Sometimes,Sometimes,Almost Always,Almost Never,Never,,61,61,55,29,59,0,,15,0,0,0,0,0,0,0,0,0,0,0,0,0,0,60,60,5,30,30,30,15,15,10,0,0,0,0,0,0,0,0,0,0,0,0,0,0,0,0,0,0,0,0,0,0,120,120,120,100,100,60,60,60,30,0,0,0,0,0,0
164,959,2023-03-21 17:27,R_2rZvO4bg0xzC7Nr,,,0,0,,Woman,,26,South Asian,Graduate Degree,Graduate Degree,Student,Student,"$0-$29,999/year",16-25 hours per week,No,"Instagram,Snapchat",,"TikTok,Facebook",7-8 hours,Moderate,Mostly well-balanced,Sleep issues,Self-Diagnosis,Not Applicable,Not Applicable,Self-Diagnosis,Not Applicable,Not Applicable,Not Applicable,Not Applicable,Not Applicable,Not Applicable,,Seven Times,Never,Never,Three Times,Never,,No,No,Yes,Yes,Yes,No,No,Yes,No,,Often,Often,Often,Often,Sometimes,Very Rarely,Sometimes,,Sometimes,Almost Always,Always,Almost Never,Almost Always,Sometimes,Sometimes,Never,Sometimes,Sometimes,Almost Always,Sometimes,Almost Always,Almost Always,Sometimes,Almost Never,Sometimes,Almost Never,Almost Always,Almost Never,Almost Always,,45,45,55,75,20,22,,60,60,40,30,30,10,0,0,0,0,0,0,0,0,0,120,100,5,60,30,30,0,0,0,0,0,0,0,0,0,0,10,10,10,10,10,0,0,0,0,0,0,0,0,0,0,30,30,30,30,5,0,0,0,0,0,0,0,0,0,0
165,1600,2023-03-21 17:28,R_1MMaZwwus9cvLqb,,,0,0,,Woman,,22,Chinese,Undergraduate Degree,Undergraduate Degree,Research assistant,Part time (less than 30 hours per week),"$0-$29,999/year",0-15 hours per week,No,"Instagram,TikTok,YouTube,Pinterest",,"TikTok,Facebook",7-8 hours,Moderate,Somewhat well-balanced,Prefer not to disclose,Medical Diagnosis,Not Applicable,Not Applicable,Medical Diagnosis,Not Applicable,Not Applicable,Not Applicable,Not Applicable,Not Applicable,Not Applicable,,Seven Times,Seven Times,Five Times,Six Times,Seven Times,,No,No,No,No,Yes,Yes,No,Yes,No,,Often,Rarely,Often,Rarely,Rarely,Very Rarely,Rarely,,Almost Always,Almost Always,Sometimes,Almost Always,Almost Always,Almost Always,Sometimes,Sometimes,Almost Never,Never,Almost Always,Almost Always,Never,Almost Always,Almost Always,Sometimes,Sometimes,Sometimes,Almost Always,Sometimes,Almost Always,,20,29,55,32,41,25,,0,5,8,15,30,45,60,90,1,2,0,0,0,0,0,10,10,5,10,5,2,0,0,0,0,0,0,0,0,0,0,10,0,0,0,0,0,0,0,0,0,0,0,0,0,0,30,15,5,2,2,0,0,0,0,0,0,0,0,0,0
166,1093,2023-03-21 17:28,R_1JIT9ez4JD4vIco,,,0,0,,Man,,35,"Hispanic/Latin American,Other",PhD,PhD,Teaching Assistant,Part time (less than 30 hours per week),"$0-$29,999/year",0-15 hours per week,No,"Instagram,YouTube,Twitter,Reddit",,"TikTok,Facebook",5-6 hours,Active,Mostly well-balanced,Vision issues,Not Applicable,Not Applicable,Not Applicable,Not Applicable,Not Applicable,Not Applicable,Not Applicable,Not Applicable,Not Applicable,Not Applicable,,Seven Times,Four Times,Seven Times,Seven Times,Four Times,,No,No,No,Yes,No,No,No,Yes,No,,Rarely,Sometimes,Often,Very Often,Very Rarely,Very Rarely,Very Rarely,,Almost Always,Almost Always,Always,Always,Always,Almost Never,Almost Never,Never,Almost Always,Sometimes,Sometimes,Never,Almost Always,Almost Always,Never,Never,Sometimes,Almost Always,Almost Always,Never,Sometimes,,50,50,55,25,10,1,,200,40,15,8,4,2,0,0,0,0,0,0,0,0,0,0,0,5,0,0,0,0,0,0,0,0,0,0,0,0,0,0,0,0,0,0,0,0,0,0,0,0,0,0,0,0,1000,200,77,40,20,10,4,2,0,0,0,0,0,0,0
167,642,2023-03-21 17:28,R_1dml3WSsrGh9mCh,,,0,0,,Man,,19,Chinese,High School Diploma,Undergraduate Degree,Student,Student,"$0-$29,999/year",Prefer not to disclose,No,"Instagram,YouTube,LinkedIn",,"TikTok,Facebook",5-6 hours,Moderate,Somewhat well-balanced,Prefer not to disclose,Not Applicable,Not Applicable,Not Applicable,Not Applicable,Not Applicable,Not Applicable,Not Applicable,Not Applicable,Not Applicable,Not Applicable,,Seven Times,Never,Five Times,Never,Five Times,,No,No,No,No,Yes,No,No,No,No,,Sometimes,Rarely,Sometimes,Sometimes,Very Rarely,Very Rarely,Very Rarely,,Almost Always,Sometimes,Almost Always,Sometimes,Sometimes,Almost Never,Never,Never,Sometimes,Never,Never,Sometimes,Never,Almost Never,Never,Never,Sometimes,Sometimes,Almost Always,Never,Sometimes,,19,32,55,55,105,155,,60,10,0,0,0,0,0,0,0,0,0,0,0,0,0,180,30,5,10,0,0,0,0,0,0,0,0,0,0,0,0,0,0,0,0,0,0,0,0,0,0,0,0,0,0,0,600,180,60,20,15,0,0,0,0,0,0,0,0,0,0
168,1585,2023-03-21 17:28,R_0SxHZz4dPNSvIlP,,,0,0,,Woman,,21,Chinese,High School Diploma,Undergraduate Degree,Student,Student,"$0-$29,999/year",0-15 hours per week,No,"Instagram,TikTok,YouTube,LinkedIn,Reddit,Facebook,Pinterest",,"TikTok,Facebook",7-8 hours,Moderate,Somewhat well-balanced,Prefer not to disclose,Not Applicable,Not Applicable,Not Applicable,Not Applicable,Not Applicable,Not Applicable,Not Applicable,Not Applicable,Not Applicable,Not Applicable,,Seven Times,Seven Times,Seven Times,Seven Times,Seven Times,,No,No,No,Yes,Yes,No,No,Yes,No,,Often,Often,Very Often,Sometimes,Rarely,Very Rarely,Often,,Always,Always,Almost Always,Always,Always,Almost Always,Almost Never,Never,Sometimes,Sometimes,Almost Always,Sometimes,Sometimes,Always,Sometimes,Never,Almost Always,Always,Almost Always,Almost Never,Sometimes,,20,30,55,10,5,0,,200,40,15,8,4,2,0,0,0,0,0,0,0,0,0,50,10,5,0,0,0,0,0,0,0,0,0,0,0,0,0,0,0,0,0,0,0,0,0,0,0,0,0,0,0,0,0,0,0,0,0,0,0,0,0,0,0,0,0,0,0
169,915,2023-03-21 17:28,R_3QStsaHauQNJNlx,,,0,0,,Man,,18,Jewish,High School Diploma,Undergraduate Degree,Student,Student,"$0-$29,999/year",16-25 hours per week,No,"Instagram,Snapchat,TikTok,YouTube,LinkedIn",,"TikTok,Facebook",7-8 hours,Moderate,Somewhat well-balanced,Prefer not to disclose,Not Applicable,Not Applicable,Not Applicable,Not Applicable,Not Applicable,Not Applicable,Self-Diagnosis,Not Applicable,Not Applicable,Not Applicable,,Five Times,Never,One Time,Never,One Time,,No,No,Yes,No,Yes,No,No,No,No,,Very Rarely,Sometimes,Sometimes,Rarely,Sometimes,Very Rarely,Very Rarely,,Almost Always,Sometimes,Sometimes,Almost Never,Sometimes,Sometimes,Sometimes,Never,Never,Almost Always,Almost Never,Sometimes,Almost Never,Sometimes,Almost Never,Never,Sometimes,Almost Always,Almost Always,Almost Always,Sometimes,,60,60,55,60,0,0,,120,120,60,30,20,15,5,3,0,0,0,0,0,0,0,120,120,5,60,20,10,10,5,0,0,0,0,0,0,0,0,60,30,20,10,5,5,3,1,0,0,0,0,0,0,0,120,120,120,90,30,30,10,5,3,0,0,0,0,0,0
170,1024,2023-03-21 17:29,R_2f8Ws91XJLvardB,,,0,10,,Woman,,26,Chinese,Graduate Degree,PhD,PhD Student,Full time (30+ hours per week),"$0-$29,999/year",26-40 hours per week,No,"Instagram,Facebook",,"TikTok,Facebook",5-6 hours,Sedentary,Somewhat well-balanced,Muscular/Skeletal issues,Not Applicable,Not Applicable,Not Applicable,Not Applicable,Not Applicable,Not Applicable,Not Applicable,Not Applicable,Not Applicable,Not Applicable,,Seven Times,Seven Times,Seven Times,Three Times,Seven Times,,No,Yes,No,Yes,Yes,No,No,Yes,No,,Often,Sometimes,Often,Sometimes,Rarely,Very Rarely,Rarely,,Always,Almost Always,Almost Always,Sometimes,Sometimes,Almost Always,Sometimes,Almost Never,Almost Never,Almost Always,Sometimes,Almost Never,Sometimes,Sometimes,Almost Always,Never,Sometimes,Almost Always,Almost Always,Never,Sometimes,,20,20,55,43,22,10,,100,70,50,40,30,15,10,8,6,0,0,0,0,0,0,90,70,10,60,50,40,20,10,9,8,2,1,0,0,0,0,1000,200,150,100,80,60,40,20,10,5,1,0,0,0,0,100,80,60,30,20,10,8,6,5,2,1,0,0,0,0
171,2339,2023-03-21 17:30,R_dh5lbG5bFCufB29,,,0,0,,Man,,23,Not a visible minority,High School Diploma,Undergraduate Degree,Student,Student,"$0-$29,999/year",26-40 hours per week,No,"Instagram,YouTube,Twitter,Facebook",,"TikTok,Facebook",7-8 hours,Moderate,Somewhat well-balanced,Prefer not to disclose,Not Applicable,Not Applicable,Not Applicable,Not Applicable,Not Applicable,Not Applicable,Not Applicable,Not Applicable,Not Applicable,Not Applicable,,Seven Times,Seven Times,Five Times,Seven Times,Five Times,,No,No,No,Yes,No,No,No,Yes,No,,Rarely,Sometimes,Often,Rarely,Very Rarely,Very Rarely,Rarely,,Always,Always,Always,Sometimes,Almost Never,Sometimes,Almost Never,Never,Almost Never,Always,Sometimes,Almost Never,Never,Almost Always,Almost Always,Never,Sometimes,Almost Always,Almost Always,Never,Almost Always,,30,45,55,135,240,240,,25,2,0,0,0,0,0,0,0,0,0,0,0,0,0,120,20,5,5,2,1,0,0,0,0,0,0,0,0,0,0,20,20,2,0,0,0,0,0,0,0,0,0,0,0,0,120,10,5,0,0,0,0,0,0,0,0,0,0,0,0
172,3445,2023-03-21 17:30,R_8060Fop42Ds0HTz,,,0,0,,Man,,18,Not a visible minority,High School Diploma,Undergraduate Degree,Student,Student,"$0-$29,999/year",0-15 hours per week,No,"Instagram,Snapchat,TikTok,YouTube,Twitter,Reddit",,"TikTok,Facebook",7-8 hours,Moderate,Somewhat well-balanced,Prefer not to disclose,Not Applicable,Not Applicable,Not Applicable,Not Applicable,Not Applicable,Not Applicable,Not Applicable,Not Applicable,Not Applicable,Not Applicable,,Seven Times,Four Times,Never,Seven Times,Three Times,,No,No,Yes,No,Yes,No,No,No,No,,Sometimes,Often,Sometimes,Rarely,Very Rarely,Very Rarely,Often,,Almost Always,Always,Almost Always,Sometimes,Almost Always,Always,Almost Never,Sometimes,Almost Never,Almost Always,Sometimes,Sometimes,Almost Never,Almost Never,Always,Never,Almost Always,Almost Always,Almost Always,Sometimes,Sometimes,,31,14,55,10,6,0,,300,120,60,30,20,10,0,0,0,0,0,0,0,0,0,10,5,5,3,0,0,0,0,0,0,0,0,0,0,0,0,300,60,30,15,10,5,2,0,0,0,0,0,0,0,0,300,120,30,25,15,10,5,3,1,0,0,0,0,0,0
173,3407,2023-03-21 17:30,R_2QrpeB49MtlsEgB,,TRUE,97,0,2023-03-21 22:31,Man,,20,South Asian,High School Diploma,Undergraduate Degree,physiotherapy assisstant,Student,"$0-$29,999/year",0-15 hours per week,No,"Instagram,Snapchat,TikTok,YouTube",,"TikTok,Facebook",5-6 hours,Active,Mostly well-balanced,Vision issues,Not Applicable,Not Applicable,Self-Diagnosis,Not Applicable,Not Applicable,Not Applicable,Self-Diagnosis,Not Applicable,Not Applicable,Not Applicable,,Five Times,Three Times,Four Times,Two Times,Four Times,,No,No,No,Yes,No,No,No,Yes,No,,Often,Often,Sometimes,Often,Sometimes,Rarely,Rarely,,Almost Always,Sometimes,Sometimes,Almost Always,Sometimes,Sometimes,Almost Always,Sometimes,Sometimes,Sometimes,Almost Always,Almost Always,Sometimes,Sometimes,Almost Always,Sometimes,Sometimes,Almost Always,Almost Always,Sometimes,Sometimes,,40,149,55,189,295,600,,1,2,3,10,30,20,30,30,11,0,0,0,0,0,0,10,10,5,100,20,20,30,10,5,2,0,0,0,0,0,0,0,0,0,0,0,0,0,0,0,0,0,0,0,0,0,0,30,30,20,30,30,20,10,10,0,0,0,0,0,0
174,1690,2023-03-21 17:30,R_6gOdrJ6fuNWbY1H,,,0,0,,Man,,19,West Asian,High School Diploma,Undergraduate Degree,Student,Student,"$0-$29,999/year",0-15 hours per week,No,"Instagram,Snapchat,TikTok,YouTube,Reddit",,"TikTok,Facebook",7-8 hours,Moderate,Somewhat well-balanced,Prefer not to disclose,Not Applicable,Not Applicable,Not Applicable,Medical Diagnosis,Not Applicable,Not Applicable,Not Applicable,Not Applicable,Not Applicable,Not Applicable,,Seven Times,Seven Times,Seven Times,Seven Times,Seven Times,,No,No,No,Yes,No,No,No,No,No,,Rarely,Very Rarely,Very Rarely,Often,Very Rarely,Very Rarely,Sometimes,,Sometimes,Almost Always,Almost Always,Almost Always,Always,Sometimes,Never,Never,Almost Always,Never,Never,Never,Almost Never,Almost Never,Never,Never,Almost Always,Sometimes,Almost Always,Almost Never,Almost Always,,40,60,55,100,119,160,,60,30,20,10,1,1,0,0,0,0,0,0,0,0,0,20,10,5,2,1,1,1,0,0,0,0,0,0,0,0,0,0,0,0,0,0,0,0,0,0,0,0,0,0,0,0,60,20,10,2,1,1,0,0,0,0,0,0,0,0,0
175,644,2023-03-21 17:31,R_3JIOXIQhsZXGOBV,,,0,0,,Man,,120,"Arab,Southeast Asian",Prefer not to disclose,Undergraduate Degree,Student/sales,Part time (less than 30 hours per week),"$0-$29,999/year",0-15 hours per week,No,"Instagram,Snapchat,TikTok,YouTube,LinkedIn,Twitter",,"TikTok,Facebook",7-8 hours,Very Active,Mostly well-balanced,Vision issues,Self-Diagnosis,Not Applicable,Not Applicable,Not Applicable,Not Applicable,Not Applicable,Not Applicable,Not Applicable,Not Applicable,Not Applicable,,Seven Times,Seven Times,Seven Times,Seven Times,Seven Times,,No,No,No,Yes,No,No,No,Yes,No,,Very Rarely,Very Rarely,Often,Sometimes,Very Rarely,Very Rarely,Sometimes,,Sometimes,Almost Always,Almost Always,Almost Never,Almost Always,Sometimes,Sometimes,Never,Never,Sometimes,Sometimes,Almost Never,Never,Almost Never,Never,Never,Never,Sometimes,Almost Always,Never,Sometimes,,0,0,55,0,0,0,,1,1,13,4,5,10,0,0,0,0,0,0,0,0,0,30,30,100,69,25,30,60,20,10,5,1,0,0,0,0,0,0,0,0,0,0,0,0,0,0,0,0,0,0,0,0,100,20,5,4,2,1,0,0,0,0,0,0,0,0,0
176,992,2023-03-21 17:32,R_3L4JXns41mwzqnn,,,0,0,,Woman,,36,Not a visible minority,High School Diploma,Undergraduate Degree,student and bookkeeper,Part time (less than 30 hours per week),"$30,000-$49,999/year",16-25 hours per week,Yes,"Instagram,Snapchat,Reddit,Facebook,Other",beReal,"TikTok,Facebook",9-10 hours,Sedentary,Somewhat well-balanced,,Medical Diagnosis,Not Applicable,Not Applicable,Medical Diagnosis,Not Applicable,Not Applicable,Self-Diagnosis,Not Applicable,Not Applicable,Not Applicable,,Seven Times,Five Times,Four Times,Seven Times,Six Times,,No,No,No,Yes,Yes,No,No,Yes,No,,Rarely,Sometimes,Sometimes,Sometimes,Sometimes,Very Rarely,Sometimes,,Almost Always,Almost Always,Almost Always,Sometimes,Sometimes,Almost Always,Almost Never,Almost Never,Almost Always,Almost Never,Almost Never,Almost Never,Never,Almost Never,Almost Never,Almost Never,Sometimes,Sometimes,Almost Always,Sometimes,Sometimes,,10,11,55,6,6,0,,10000,5000,500,250,0,0,0,0,0,0,0,0,0,0,0,100000,10000,5,10000,10000,5000,300,100,50,20,0,0,0,0,0,0,0,0,0,0,0,0,0,0,0,0,0,0,0,0,0,500,500,500,200,100,25,5,2,2,1,0,0,0,0,0
177,1082,2023-03-21 17:32,R_2EB0vj2hAwgOsHr,,,0,0,,Woman,,30,Other,High School Diploma,Undergraduate Degree,Bartender/Student ,Part time (less than 30 hours per week),"$30,000-$49,999/year",16-25 hours per week,No,"Snapchat,Other",Tumblr,"TikTok,Facebook",7-8 hours,Moderate,Always well-balanced,,Medical Diagnosis,Not Applicable,Not Applicable,Not Applicable,Medical Diagnosis,Not Applicable,Not Applicable,,Not Applicable,Not Applicable,,Seven Times,Never,Never,Seven Times,Never,,No,No,No,No,No,No,No,No,No,,Very Rarely,Very Rarely,Very Rarely,Very Rarely,Very Rarely,Rarely,Very Rarely,,Sometimes,Almost Never,Always,Sometimes,Almost Never,Sometimes,Almost Never,Never,Never,Never,Never,Sometimes,Never,Almost Never,Almost Never,Never,Sometimes,Almost Never,Almost Always,Almost Never,Sometimes,,135,66,55,89,36,12,,0.6,60,60,60,60,60,15,5,0,0,0,0,0,0,0,100,100,5,100,25,30,15,10,3,0,0,0,0,0,0,0,0,0,0,0,0,0,0,0,0,0,0,0,0,0,0,100,100,50,15,10,5,5,0,0,0,0,0,0,0,0
178,740,2023-03-21 17:33,R_2PBc8Oj8NqCJj5V,,,0,75,,Man,,23,Hispanic/Latin American,High School Diploma,Undergraduate Degree,Student,Student,"$0-$29,999/year",16-25 hours per week,No,"YouTube,Reddit",,"TikTok,Facebook",7-8 hours,Sedentary,Somewhat well-balanced,Prefer not to disclose,Not Applicable,Not Applicable,Not Applicable,Not Applicable,Not Applicable,Not Applicable,Not Applicable,Not Applicable,Not Applicable,Not Applicable,,Three Times,Never,Six Times,Five Times,Five Times,,No,Yes,No,Yes,Yes,No,Yes,Yes,No,,Very Rarely,Sometimes,Sometimes,Sometimes,Rarely,Rarely,Often,,Almost Always,Almost Always,Almost Always,Never,Sometimes,Sometimes,Never,Almost Never,Sometimes,Never,Never,Almost Never,Almost Never,Sometimes,Almost Always,Almost Never,Almost Always,Almost Never,Almost Always,Sometimes,Sometimes,,16,18,55,23,47,59,,100,20,10,4,2,1,3,3,1,0,0,0,0,0,0,500,100,5,200,100,50,25,10,1,0,0,0,0,0,0,0,0,0,0,0,0,0,0,0,0,0,0,0,0,0,0,100,100,50,10,10,0,0,0,0,0,0,0,0,0,0
179,1716,2023-03-21 17:33,R_24IV6qu3J3LQppd,,,0,0,,Woman,,25,Black/African American,Undergraduate Degree,Graduate Degree,Student + Federal Government Office Worker,Part time (less than 30 hours per week),"$50,000-$74.999/year",0-15 hours per week,No,"Instagram,TikTok,YouTube,LinkedIn,Facebook,Pinterest",,"TikTok,Facebook",7-8 hours,Sedentary,Somewhat well-balanced,Prefer not to disclose,Self-Diagnosis,Not Applicable,Not Applicable,Not Applicable,Not Applicable,Not Applicable,Not Applicable,Not Applicable,Not Applicable,Not Applicable,,Four Times,Four Times,Four Times,Seven Times,Four Times,,No,No,No,No,No,No,No,No,No,,Rarely,Rarely,Rarely,Rarely,Rarely,Very Rarely,Very Rarely,,Almost Always,Always,Almost Always,Always,Almost Always,Always,Sometimes,Almost Never,Sometimes,Almost Always,Almost Never,Almost Never,Never,Sometimes,Almost Always,Never,Sometimes,Sometimes,Almost Always,Almost Never,Almost Never,,15,15,55,18,0,0,,300,200,100,100,15,0,0,0,0,0,0,0,0,0,0,100,100,5,60,60,30,5,0,0,0,0,0,0,0,0,0,60,30,30,15,10,5,0,0,0,0,0,0,0,0,0,60,40,15,20,5,0,0,0,0,0,0,0,0,0,0
180,872,2023-03-21 17:33,R_3KvzsZSuaUSOD15,,,0,10,,Man,,23,Chinese,Undergraduate Degree,Undergraduate Degree,Student,Student,"$0-$29,999/year",0-15 hours per week,No,"Instagram,Snapchat,TikTok,YouTube,LinkedIn,Twitter,Reddit,Facebook",,"TikTok,Facebook",5-6 hours,Sedentary,Always well-balanced,,Not Applicable,Not Applicable,Not Applicable,Not Applicable,Not Applicable,Not Applicable,Not Applicable,Not Applicable,Not Applicable,Not Applicable,,Six Times,Seven Times,Five Times,Seven Times,Seven Times,,No,No,No,Yes,No,No,No,Yes,No,,Rarely,Sometimes,Sometimes,Sometimes,Rarely,Very Rarely,Sometimes,,Almost Always,Almost Always,Almost Always,Almost Always,Almost Always,Almost Always,Almost Never,Sometimes,Almost Never,Never,Almost Never,Sometimes,Sometimes,Almost Always,Almost Never,Never,Sometimes,Almost Always,Almost Always,Never,Always,,18,6,55,4,9,,,60,60,30,20,10,10,5,0,0,0,0,0,0,0,0,1000,500,5,400,300,100,50,30,10,0,0,0,0,0,0,0,0,0,0,0,0,0,0,0,0,0,0,0,0,0,0,1000,500,100,60,30,15,5,0,0,0,0,0,0,0,0
181,963,2023-03-21 17:34,R_2dvfKVtgPaK93Rk,,TRUE,98,0,2023-03-21 22:38,Woman,,18,Jewish,Undergraduate Degree,Undergraduate Degree,student ,Student,"$0-$29,999/year",0-15 hours per week,No,"Instagram,Snapchat,TikTok,YouTube",,"TikTok,Facebook",9-10 hours,Sedentary,Poor,Prefer not to disclose,Self-Diagnosis,Not Applicable,Not Applicable,Self-Diagnosis,Not Applicable,Not Applicable,Self-Diagnosis,Not Applicable,Self-Diagnosis,Not Applicable,,Seven Times,Seven Times,Seven Times,Seven Times,Seven Times,,Yes,Yes,Yes,Yes,Yes,No,No,Yes,No,,Very Often,Very Often,Very Often,Very Often,Sometimes,Very Rarely,Sometimes,,Always,Always,Always,Always,Always,Sometimes,Sometimes,Always,Sometimes,Always,Always,Almost Always,Almost Always,Always,Always,Never,Always,Almost Always,Almost Always,Always,Always,,89,91,55,299,500,600,,1000,200,100,75,100,100,50,20,10,5,1,1,1,1,1,500,200,100,60,20,20,10,10,10,5,5,5,1,1,1,1,500,200,200,100,100,60,100,45,45,20,10,10,1,1,1,1,500,250,250,250,250,100,100,60,100,30,1,1,1,0
182,580,2023-03-21 17:34,R_1lhDYw5dUuJmH1H,,,0,110,,Non-binary / third gender,,24,Jewish,Prefer not to disclose,Undergraduate Degree,student,Student,"$30,000-$49,999/year",Prefer not to disclose,Yes,"Instagram,Snapchat,YouTube,Twitter",,"TikTok,Facebook",7-8 hours,Active,Somewhat well-balanced,Prefer not to disclose,Not Applicable,Not Applicable,Not Applicable,Not Applicable,Not Applicable,Not Applicable,Not Applicable,Not Applicable,Not Applicable,Not Applicable,,Seven Times,Seven Times,Two Times,Seven Times,Seven Times,,No,No,No,No,No,No,No,Yes,No,,Very Rarely,Sometimes,Often,Rarely,Sometimes,Very Rarely,Sometimes,,Always,Sometimes,Always,Almost Always,Almost Always,Never,Sometimes,Sometimes,Never,Never,Almost Always,Never,Never,Never,Never,Never,Never,Never,Almost Always,Never,Sometimes,,92,57,55,19,5,0,,60,50,30,15,0,0,0,0,0,0,0,0,0,0,0,30,25,5,10,0,0,0,0,0,0,0,0,0,0,0,0,10,10,5,0,0,0,0,0,0,0,0,0,0,0,0,80,60,50,40,10,0,0,0,0,0,0,0,0,0,0
183,898,2023-03-21 17:35,R_28HcSNTI99otyKC,,,0,0,,Woman,,23,Jewish,Undergraduate Degree,Graduate Degree,Graduate Student,Student,"$0-$29,999/year",26-40 hours per week,Yes,"Instagram,YouTube,LinkedIn,Facebook,Pinterest",,"TikTok,Facebook",7-8 hours,Sedentary,Somewhat well-balanced,Vision issues,Medical Diagnosis,Not Applicable,Self-Diagnosis,Not Applicable,Not Applicable,Not Applicable,Not Applicable,Not Applicable,Not Applicable,Not Applicable,,Never,One Time,Two Times,Six Times,Two Times,,No,No,No,Yes,No,No,No,No,No,,Sometimes,Sometimes,Very Rarely,Sometimes,Rarely,Very Rarely,Rarely,,Almost Always,Almost Always,Sometimes,Sometimes,Sometimes,Sometimes,Almost Never,Almost Never,Almost Never,Sometimes,Almost Never,Sometimes,Sometimes,Sometimes,Almost Always,Sometimes,Sometimes,Sometimes,Almost Always,Sometimes,Almost Always,,30,30,55,20,5,0,,150,50,20,0,0,0,0,0,0,0,0,0,0,0,0,100,50,5,25,10,0,0,0,0,0,0,0,0,0,0,0,200,75,30,20,0,0,0,0,0,0,0,0,0,0,0,30,30,15,10,0,0,0,0,0,0,0,0,0,0,0
184,3093,2023-03-21 17:35,R_2e5wd4qwYF2VUz0,,,0,0,,Man,,26,Not a visible minority,Undergraduate Degree,Undergraduate Degree,Student ,Unemployed,"$0-$29,999/year",0-15 hours per week,No,"Instagram,TikTok,YouTube,Twitter",,"TikTok,Facebook",9-10 hours,Sedentary,Somewhat well-balanced,,,,,,,,,,,,,Seven Times,Seven Times,Three Times,Seven Times,Five Times,,No,No,No,No,Yes,No,No,No,No,,Sometimes,Rarely,Sometimes,Rarely,Rarely,Very Rarely,Very Rarely,,Almost Always,Always,Always,Sometimes,Always,Sometimes,Almost Never,Almost Never,Never,Almost Always,Sometimes,Almost Never,Almost Never,Sometimes,Sometimes,Never,Sometimes,Sometimes,Almost Always,Almost Never,Always,,53,32,55,24,10,0,,180,100,50,10,5,0,0,0,0,0,0,0,0,0,0,500,200,5,50,25,15,5,0,0,0,0,0,0,0,0,0,5,0,0,0,0,0,0,0,0,0,0,0,0,0,0,200,100,50,25,0,0,0,0,0,0,0,0,0,0,0
185,996,2023-03-21 17:36,R_2zYgZMsN6yWRGrb,,,0,0,,Woman,,18,Not a visible minority,High School Diploma,Undergraduate Degree,Receptionist,Other,"$0-$29,999/year",0-15 hours per week,No,"Instagram,Snapchat,TikTok,YouTube,LinkedIn,Facebook",,"TikTok,Facebook",9-10 hours,Moderate,Mostly well-balanced,,Not Applicable,Not Applicable,Not Applicable,Not Applicable,Not Applicable,Not Applicable,Not Applicable,Not Applicable,Not Applicable,Not Applicable,,Seven Times,Four Times,Two Times,Seven Times,Two Times,,Yes,No,No,Yes,Yes,No,No,No,No,,Rarely,Often,Rarely,Often,Sometimes,Very Rarely,Rarely,,Always,Almost Always,Almost Always,Almost Always,Almost Never,Almost Always,Sometimes,Sometimes,Sometimes,Almost Always,Never,Never,Almost Never,Always,Almost Never,Never,Almost Always,Sometimes,Almost Always,Sometimes,Sometimes,,130,100,55,90,80,300,,100,100,90,80,75,40,20,10,3,0,0,0,0,0,0,300,250,5,100,80,80,50,40,20,2,0,0,0,0,0,0,100,80,60,20,10,0,0,0,0,0,0,0,0,0,0,1000,900,900,750,500,100,50,20,10,5,1,0,0,0,0
186,1720,2023-03-21 17:36,R_2Y9zC0QbpeF74kV,,,0,5,,Woman,,18,Black/African American,Undergraduate Degree,Undergraduate Degree,student,Student,"$0-$29,999/year",0-15 hours per week,No,"Instagram,TikTok,YouTube,Reddit,Facebook,Pinterest",,"TikTok,Facebook",7-8 hours,Moderate,Somewhat well-balanced,Prefer not to disclose,Not Applicable,Not Applicable,Not Applicable,Not Applicable,Not Applicable,Not Applicable,Not Applicable,Not Applicable,Not Applicable,Not Applicable,,Seven Times,Seven Times,Seven Times,Never,Seven Times,,No,No,Yes,Yes,Yes,No,No,Yes,No,,Often,Often,Often,Sometimes,Rarely,Very Rarely,Sometimes,,Always,Always,Always,Always,Almost Always,Almost Always,Almost Never,Never,Almost Never,Sometimes,Sometimes,Sometimes,Almost Never,Almost Never,Never,Never,Sometimes,Almost Always,Almost Always,Never,Sometimes,,43,60,55,120,180,30,,30,20,10,10,10,5,2,1,1,1,1,0,0,0,0,60,60,5,60,60,60,25,10,2,0,0,0,0,0,0,0,180,180,120,60,60,20,10,5,2,0,0,0,0,0,0,180,180,180,180,180,60,20,30,5,2,1,0,0,0,0
187,1399,2023-03-21 17:36,R_p0pLzMiRReDUkLv,,,0,0,,Woman,,19,Not a visible minority,Undergraduate Degree,Undergraduate Degree,student,Student,"$0-$29,999/year",0-15 hours per week,No,"Instagram,YouTube,LinkedIn,Twitter,Reddit,Pinterest",,"TikTok,Facebook",7-8 hours,Moderate,Poor,Prefer not to disclose,Self-Diagnosis,Not Applicable,Not Applicable,Self-Diagnosis,Not Applicable,Not Applicable,Not Applicable,Not Applicable,Not Applicable,Not Applicable,,Six Times,Six Times,Six Times,Five Times,Five Times,,No,No,No,Yes,Yes,No,Yes,Yes,No,,Sometimes,Sometimes,Often,Sometimes,Rarely,Very Rarely,Rarely,,Almost Always,Almost Always,Always,Never,Sometimes,Almost Never,Never,Never,Sometimes,Never,Sometimes,Never,Almost Never,Almost Always,Never,Never,Sometimes,Almost Never,Almost Always,Never,Almost Never,,60,100,55,120,5,200,,1000,500,150,60,0,0,0,0,0,0,0,0,0,0,0,120,60,5,30,10,10,0,0,0,0,0,0,0,0,0,0,0,0,0,0,0,0,0,0,0,0,0,0,0,0,0,1200,500,200,60,30,20,5,0,0,0,0,0,0,0,0
188,2882,2023-03-21 17:36,R_3mdGoGRBuQ4W4tg,,,0,0,,Woman,,27,Other,Graduate Degree,PhD,TA ,Student,"$0-$29,999/year",0-15 hours per week,No,"Instagram,Twitter,Other",Tumblr,"TikTok,Facebook",7-8 hours,Moderate,Somewhat well-balanced,,Medical Diagnosis,,,Medical Diagnosis,,,Self-Diagnosis,,,,,Seven Times,Six Times,Two Times,Seven Times,Two Times,,No,No,No,Yes,Yes,Yes,Yes,Yes,No,,Rarely,Sometimes,Very Often,Often,Rarely,Very Rarely,Very Often,,Almost Always,Always,Almost Always,Always,Sometimes,Sometimes,Almost Never,Sometimes,Almost Never,Almost Always,Always,Almost Always,Sometimes,Always,Almost Always,Almost Never,Always,Almost Never,Almost Always,Sometimes,Almost Always,,120,120,55,100,0,,,10,20,8,4,4,0,0,0,0,0,0,0,0,0,0,10,20,5,10,8,6,0,0,0,0,0,0,0,0,0,0,5,5,4,3,1,0,0,0,0,0,0,0,0,0,0,20,20,30,8,4,1,0,0,0,0,0,0,0,0,0
189,363,2023-03-21 17:37,R_3emqRzI1OpFmklq,,,0,5,,Man,,23,South Asian,Undergraduate Degree,Graduate Degree,Student,Part time (less than 30 hours per week),"$0-$29,999/year",0-15 hours per week,No,Snapchat,,,5-6 hours,Moderate,Somewhat well-balanced,Vision issues,Not Applicable,Not Applicable,Not Applicable,Not Applicable,Not Applicable,Not Applicable,Not Applicable,Not Applicable,Not Applicable,Not Applicable,,Six Times,Six Times,Six Times,Six Times,Six Times,,No,No,No,No,No,No,No,No,No,,Often,Often,Often,Often,Often,Often,Often,,Almost Always,Almost Always,Almost Always,Almost Always,Almost Always,Almost Always,Almost Always,Almost Always,Almost Always,Almost Always,Almost Always,Almost Always,Almost Always,Almost Always,Almost Always,Almost Always,Almost Always,Almost Always,Almost Always,Almost Always,Almost Always,,266,60,32,277,171,80,,10,13,14,14,10,10,3,6,11,35,1,0,0,0,0,15,15,5,5,5,5,5,5,5,5,5,5,5,5,5,5,5,5,5,5,5,5,5,5,,5,5,5,5,5,5,5,5,5,5,5,5,5,5,5,5,5,5,5,5,5
190,1055,2023-03-21 17:38,R_Oa64yruUoqWdfSV,,,0,0,,Woman,,31,Not a visible minority,Graduate Degree,PhD,Student,Student,"$30,000-$49,999/year",41+ hours per week,No,"Instagram,Snapchat,YouTube,Reddit,Facebook",,"TikTok,Facebook",7-8 hours,Moderate,Mostly well-balanced,,Medical Diagnosis,Medical Diagnosis,Not Applicable,Not Applicable,Not Applicable,Not Applicable,Not Applicable,Not Applicable,Not Applicable,Not Applicable,,Two Times,Five Times,Three Times,Seven Times,Five Times,,No,No,No,Yes,Yes,No,No,Yes,No,,Very Rarely,Rarely,Sometimes,Sometimes,Very Rarely,Very Rarely,Rarely,,Almost Always,Sometimes,Sometimes,Sometimes,Sometimes,Sometimes,Almost Never,Almost Never,Sometimes,Sometimes,Sometimes,Sometimes,Sometimes,Sometimes,Almost Always,Never,Sometimes,Sometimes,Almost Always,Sometimes,Almost Always,,61,63,55,67,120,180,,100,100,60,50,25,0,0,0,0,0,0,0,0,0,0,60,60,5,60,40,30,3,0,0,0,0,0,0,0,0,0,10,10,10,10,5,5,2,0,0,0,0,0,0,0,0,60,60,60,60,50,3,2,1,0,0,0,0,0,0,0
191,998,2023-03-21 17:40,R_20Z5xAOyEogpEkk,,,0,10,,Woman,,24,Chinese,Undergraduate Degree,Graduate Degree,Student ,Student,"$0-$29,999/year",0-15 hours per week,No,"Instagram,Facebook",,"TikTok,Facebook",7-8 hours,Moderate,Mostly well-balanced,Prefer not to disclose,Not Applicable,Not Applicable,Not Applicable,Not Applicable,Not Applicable,Not Applicable,Not Applicable,Not Applicable,Not Applicable,Not Applicable,,Seven Times,Seven Times,Four Times,Seven Times,Seven Times,,No,No,No,Yes,No,No,No,Yes,No,,Sometimes,Rarely,Sometimes,Sometimes,Rarely,Very Rarely,Very Rarely,,Almost Always,Always,Always,Always,Almost Always,Always,Sometimes,Sometimes,Almost Never,Sometimes,Almost Never,Sometimes,Almost Never,Sometimes,Sometimes,Never,Sometimes,Sometimes,Almost Always,Sometimes,Almost Always,,61,92,55,90,29,15,,15,15,15,15,15,5,5,2,2,1,0,0,0,0,0,120,120,5,100,60,60,30,20,10,6,5,0,0,0,0,0,0,0,0,0,0,0,0,0,0,0,0,0,0,0,0,200,100,100,50,100,60,20,10,5,0,0,0,0,0,0
192,961,2023-03-21 17:40,R_1JJxERlhg0Oryxj,,,0,15,,Man,,20,Chinese,High School Diploma,Undergraduate Degree,Student and Retail Sales Associate,Part time (less than 30 hours per week),"$0-$29,999/year",16-25 hours per week,No,"Instagram,TikTok,YouTube",,"TikTok,Facebook",7-8 hours,Moderate,Poor,Prefer not to disclose,Medical Diagnosis,Not Applicable,Not Applicable,Medical Diagnosis,Not Applicable,Not Applicable,Medical Diagnosis,Not Applicable,Not Applicable,Not Applicable,,Six Times,Seven Times,Seven Times,Seven Times,Seven Times,,No,No,No,Yes,No,No,No,Yes,No,,Sometimes,Rarely,Sometimes,Sometimes,Rarely,Very Rarely,Rarely,,Always,Always,Always,Almost Always,Always,Always,Almost Never,Almost Never,Almost Never,Sometimes,Sometimes,Almost Never,Almost Never,Sometimes,Sometimes,Never,Sometimes,Sometimes,Almost Always,Sometimes,Sometimes,,60,75,55,90,30,0,,120,60,60,30,20,10,5,2,1,0,0,0,0,0,0,60,20,5,15,12,6,5,0,0,0,0,0,0,0,0,0,10,8,5,2,2,1,0,0,0,0,0,0,0,0,0,120,90,60,30,20,15,10,5,2,0,0,0,0,0,0
193,1049,2023-03-21 17:41,R_240k3v6jETSgFfm,,,0,0,,Woman,,40,Southeast Asian,Graduate Degree,PhD,Nurse midwife,Part time (less than 30 hours per week),"$0-$29,999/year",16-25 hours per week,Yes,"Instagram,YouTube,LinkedIn,Twitter,Facebook",,"TikTok,Facebook",5-6 hours,Very Active,Somewhat well-balanced,Vision issues,Not Applicable,Not Applicable,Not Applicable,Not Applicable,Not Applicable,Not Applicable,Not Applicable,Not Applicable,Not Applicable,Not Applicable,,One Time,Never,Never,Never,Never,,No,No,No,No,No,No,No,Yes,No,,Rarely,Very Rarely,Rarely,Very Rarely,Very Rarely,Very Rarely,Very Rarely,,Sometimes,Sometimes,Sometimes,Almost Always,Sometimes,Sometimes,Never,Never,Sometimes,Never,Sometimes,Sometimes,Never,Sometimes,Almost Never,Never,Almost Never,Almost Never,Almost Always,Never,Almost Never,,2,1,55,5,10,10,,0,0,0,0,0,0,0,0,0,0,0,0,0,0,0,1,0,5,0,0,0,0,0,0,0,0,0,0,0,0,0,1,0,0,0,0,0,0,0,0,0,0,0,0,0,0,1,0,0,0,0,0,0,0,0,0,0,0,0,0,0
194,796,2023-03-21 17:41,R_szEtQHKb3falOi5,,,0,0,,Man,,26,Chinese,Graduate Degree,Undergraduate Degree,Medical student,Student,"$0-$29,999/year",26-40 hours per week,No,"Instagram,Snapchat,YouTube,LinkedIn,Twitter,Reddit,Facebook,Other",Wechat ,"TikTok,Facebook",7-8 hours,Moderate,Mostly well-balanced,Prefer not to disclose,Not Applicable,Not Applicable,Not Applicable,Not Applicable,Not Applicable,Not Applicable,Not Applicable,Not Applicable,Not Applicable,Not Applicable,,Seven Times,Seven Times,Three Times,Seven Times,Six Times,,No,No,No,Yes,No,No,No,No,No,,Very Rarely,Rarely,Very Rarely,Sometimes,Very Rarely,Very Rarely,Rarely,,Almost Always,Always,Almost Always,Almost Always,Sometimes,Almost Always,Sometimes,Never,Almost Never,Sometimes,Almost Never,Sometimes,Almost Never,Almost Never,Sometimes,Never,Sometimes,Sometimes,Almost Always,Almost Never,Almost Always,,16,32,55,63,88,122,,100,100,100,100,100,100,50,30,0,0,0,0,0,0,0,5000,1000,5,500,500,500,500,250,100,50,20,10,5,0,0,0,1000,1000,1000,1000,1000,500,200,100,50,20,10,5,0,0,0,1000,1000,1000,1000,1000,500,200,100,50,20,10,5,0,0,0
195,649,2023-03-21 17:42,R_3mdExuxrQR5RrFj,,,0,0,,Woman,,23,Chinese,Graduate Degree,Graduate Degree,student,Part time (less than 30 hours per week),"$0-$29,999/year",0-15 hours per week,Yes,"Instagram,YouTube,Other",wechat,"TikTok,Facebook",7-8 hours,Moderate,Somewhat well-balanced,Prefer not to disclose,Not Applicable,Not Applicable,Not Applicable,Not Applicable,Not Applicable,Not Applicable,Not Applicable,Not Applicable,Not Applicable,Not Applicable,,Seven Times,Seven Times,Seven Times,Seven Times,Seven Times,,Yes,Yes,Yes,Yes,Yes,Yes,No,Yes,No,,Very Often,Often,Often,Very Often,Often,Often,Very Often,,Always,Always,Always,Always,Always,Almost Always,Almost Always,Almost Always,Sometimes,Always,Always,Always,Almost Always,Sometimes,Always,Never,Always,Always,Almost Always,Almost Always,Always,,318,466,55,496,128,45,,10,10,10,0,0,0,0,0,0,0,0,0,0,0,0,60,60,0,60,30,30,0,0,0,0,0,0,0,0,0,0,100,100,100,60,60,10,0,0,0,0,0,0,0,0,0,100,100,100,50,30,10,5,0,0,0,0,0,0,0,0
196,2939,2023-03-21 17:42,R_2ScRGSBs95Cf7bH,,,0,0,,Woman,,24,"Chinese,Not a visible minority",Undergraduate Degree,Graduate Degree,Student MD,Student,"$0-$29,999/year",41+ hours per week,No,"Instagram,Facebook",,"TikTok,Facebook",7-8 hours,Active,Mostly well-balanced,Prefer not to disclose,Not Applicable,Not Applicable,Not Applicable,Not Applicable,Not Applicable,Not Applicable,Not Applicable,Not Applicable,Not Applicable,Not Applicable,,Seven Times,Seven Times,Six Times,Two Times,Seven Times,,No,No,No,Yes,Yes,No,No,Yes,No,,Very Rarely,Rarely,Sometimes,Often,Very Rarely,Very Rarely,Very Rarely,,Always,Almost Always,Always,Always,Almost Always,Almost Always,Almost Never,Almost Never,Almost Never,Never,Sometimes,Almost Never,Almost Never,Always,Sometimes,Never,Almost Always,Almost Always,Almost Always,Almost Never,Almost Never,,63,86,55,303,249,310,,120,120,60,30,0,0,0,0,0,0,0,0,0,0,0,30,30,0,30,0,0,0,0,0,0,0,0,0,0,0,0,0,0,0,0,0,0,0,0,0,0,0,0,0,0,0,60,60,60,30,20,10,0,0,0,0,0,0,0,0,0
197,849,2023-03-21 17:42,R_3NxqBKuPVY5413G,,,0,0,,Woman,,23,Not a visible minority,Undergraduate Degree,Graduate Degree,Student,Part time (less than 30 hours per week),"$0-$29,999/year",0-15 hours per week,No,"Instagram,Snapchat,TikTok,Reddit,Facebook",,"TikTok,Facebook",7-8 hours,Sedentary,Somewhat well-balanced,Vision issues,Self-Diagnosis,Not Applicable,Not Applicable,Not Applicable,Not Applicable,Not Applicable,Not Applicable,Not Applicable,Not Applicable,Not Applicable,,Seven Times,Seven Times,Seven Times,Five Times,Four Times,,No,No,No,Yes,Yes,No,No,Yes,No,,Very Rarely,Very Rarely,Sometimes,Sometimes,Very Rarely,Very Rarely,Sometimes,,Almost Always,Almost Always,Almost Always,Almost Always,Almost Always,Almost Always,Almost Never,Almost Never,Almost Never,Sometimes,Sometimes,Never,Sometimes,Almost Always,Almost Never,Never,Sometimes,Sometimes,Almost Always,Never,Sometimes,,60,60,55,47,12,0,,15,15,10,4,1,1,0,0,0,0,0,0,0,0,0,100,20,5,10,4,0,0,0,0,0,0,0,0,0,0,0,0,0,0,0,0,0,0,0,0,0,0,0,0,0,0,100,20,10,4,2,1,0,0,0,0,0,0,0,0,0
198,997,2023-03-21 17:42,R_3RjzNJptHAjsH2g,,,0,0,,Man,,18,South Asian,High School Diploma,Undergraduate Degree,,Student,"$0-$29,999/year",Prefer not to disclose,No,"Instagram,YouTube",,"TikTok,Facebook",5-6 hours,Moderate,Poor,,,,,,,,,,,,,Five Times,Four Times,Seven Times,Four Times,Seven Times,,No,No,No,Yes,Yes,No,No,No,No,,Rarely,Sometimes,Sometimes,Sometimes,Rarely,Very Rarely,Often,,Sometimes,Almost Always,Sometimes,Sometimes,Sometimes,Sometimes,Never,Almost Never,Sometimes,Almost Never,Sometimes,Almost Never,Almost Never,Sometimes,Almost Never,Never,Sometimes,Sometimes,Almost Always,Almost Never,Almost Always,,59,120,55,240,364,399,,100,20,10,5,3,2,1,0,0,0,0,0,0,0,0,200,150,5,100,50,20,10,5,2,0,0,0,0,0,0,0,0,0,0,0,0,0,0,0,0,0,0,0,0,0,0,0,0,0,0,0,0,0,0,0,0,0,0,0,0,0
199,1097,2023-03-21 17:42,R_08Q1wEd1ZQMSI9j,,,0,0,,Woman,,22,Not a visible minority,High School Diploma,Undergraduate Degree,,Full time (30+ hours per week),"$0-$29,999/year",26-40 hours per week,No,"Instagram,TikTok,YouTube,Twitter,Reddit",,"TikTok,Facebook",7-8 hours,Moderate,Somewhat well-balanced,,Not Applicable,Not Applicable,Not Applicable,Not Applicable,Not Applicable,Not Applicable,Not Applicable,Not Applicable,Not Applicable,Not Applicable,,Seven Times,Never,Five Times,Seven Times,Seven Times,,No,No,No,No,Yes,No,No,No,No,,Rarely,Rarely,Rarely,Rarely,Rarely,Rarely,Sometimes,,Almost Always,Almost Always,Almost Never,Never,Sometimes,Sometimes,Never,Almost Never,Almost Never,Never,Almost Never,Never,Sometimes,Sometimes,Never,Never,Sometimes,Sometimes,Almost Always,Never,Sometimes,,60,44,55,25,6,0,,20,20,20,20,20,15,0,0,0,0,0,0,0,0,0,20,20,5,20,20,20,15,5,2,1,0,0,0,0,0,0,0,0,0,0,0,0,0,0,0,0,0,0,0,0,0,5,5,5,5,5,5,2,1,0,0,0,9,0,0,0
200,619,2023-03-21 17:42,R_VQgReSrPegEgtJD,,,0,0,,Man,,33,Not a visible minority,High School Diploma,Undergraduate Degree,Condo Management,Part time (less than 30 hours per week),"$0-$29,999/year",0-15 hours per week,No,"YouTube,Reddit,Facebook",,"TikTok,Facebook",7-8 hours,Sedentary,Somewhat well-balanced,,Not Applicable,Not Applicable,Not Applicable,Not Applicable,Not Applicable,Not Applicable,Not Applicable,Not Applicable,Not Applicable,Not Applicable,,Four Times,Four Times,Four Times,Never,Four Times,,No,No,No,No,No,No,No,No,No,,Very Rarely,Very Rarely,Very Rarely,Very Rarely,Very Rarely,Very Rarely,Very Rarely,,Sometimes,Always,Sometimes,Almost Never,Almost Never,Sometimes,Never,Never,Never,Never,Never,Almost Never,Never,Never,Never,Never,Sometimes,Never,Almost Always,Never,Sometimes,,20,15,55,10,5,0,,60,60,60,30,10,0,0,0,0,0,0,0,0,0,0,120,120,5,60,30,15,0,0,0,0,0,0,0,0,0,0,0,0,0,0,0,0,0,0,0,0,0,0,0,0,0,60,60,30,15,10,0,0,0,0,0,0,0,0,0,0
201,1712,2023-03-21 17:43,R_3JgFDZbvO6jh6CJ,,,0,0,,Woman,,20,Multiple visible minorities,High School Diploma,Undergraduate Degree,Full-time student ,Student,"$0-$29,999/year",0-15 hours per week,No,"Instagram,Snapchat,TikTok",,"TikTok,Facebook",7-8 hours,Moderate,Somewhat well-balanced,,Medical Diagnosis,Not Applicable,Not Applicable,Not Applicable,Not Applicable,Not Applicable,Not Applicable,Not Applicable,Not Applicable,Not Applicable,,Seven Times,Six Times,Three Times,Seven Times,Four Times,,No,No,No,Yes,Yes,Yes,Yes,Yes,No,,Sometimes,Sometimes,Often,Sometimes,Rarely,Very Rarely,Rarely,,Almost Always,Sometimes,Almost Always,Almost Never,Almost Always,Almost Always,Almost Never,Almost Never,Sometimes,Sometimes,Almost Never,Almost Never,Almost Never,Sometimes,Almost Always,Never,Almost Never,Almost Always,Almost Always,Sometimes,Almost Never,,104,131,55,204,99,,,20,5,10,50,50,10,5,5,2,0,0,0,0,0,0,50,30,60,40,20,20,10,5,5,5,0,0,0,0,0,0,500,200,200,100,50,20,10,5,5,5,0,0,0,0,0,1000,1000,500,500,100,20,20,15,5,5,0,0,0,0,0
202,857,2023-03-21 17:43,R_1eRewk6K78gedkl,,,0,0,,Woman,,23,Not a visible minority,College Diploma,Undergraduate Degree,Student,Unemployed,"$0-$29,999/year",0-15 hours per week,No,"Snapchat,TikTok",,"TikTok,Facebook",5-6 hours,Active,Mostly well-balanced,Prefer not to disclose,Medical Diagnosis,Not Applicable,Not Applicable,Medical Diagnosis,Medical Diagnosis,Not Applicable,Medical Diagnosis,Not Applicable,Not Applicable,Not Applicable,,Four Times,One Time,One Time,Three Times,Never,,No,No,No,No,No,Yes,No,No,No,,Rarely,Very Rarely,Very Rarely,Very Rarely,Very Rarely,Very Rarely,Rarely,,Sometimes,Almost Always,Almost Always,Almost Always,Sometimes,Sometimes,Never,Almost Never,Almost Never,Never,Never,Almost Never,Never,Almost Never,Never,Never,Almost Never,Almost Never,Always,Almost Never,Almost Always,,63,48,55,52,8,4,,180,180,160,100,100,60,10,10,0,0,0,0,0,0,0,500,240,5,120,120,100,30,10,5,5,0,0,0,0,0,0,0,0,0,0,0,0,0,0,0,0,0,0,0,0,0,300,200,200,100,50,20,20,10,3,0,0,0,0,0,0
203,490,2023-03-21 17:44,R_1etlkmGL0zXgIbX,,,0,0,,Woman,,23,Korean,Undergraduate Degree,Graduate Degree,Full time student and part time guest registration attendant (customer service) ,Part time (less than 30 hours per week),"$0-$29,999/year",0-15 hours per week,No,"Instagram,Snapchat,TikTok,LinkedIn,Facebook",,"TikTok,Facebook",5-6 hours,Very Active,Mostly well-balanced,Vision issues,Medical Diagnosis,Not Applicable,Not Applicable,Medical Diagnosis,Not Applicable,Not Applicable,Not Applicable,Not Applicable,Not Applicable,Not Applicable,,Seven Times,Three Times,Never,Seven Times,Never,,No,No,No,No,No,No,No,No,No,,Very Rarely,Very Rarely,Very Rarely,Very Rarely,Very Rarely,Very Rarely,Very Rarely,,Sometimes,Almost Always,Almost Always,Sometimes,Sometimes,Almost Always,Sometimes,Never,Never,Never,Never,Never,Never,Sometimes,Never,Never,Almost Never,Sometimes,Almost Always,Never,Almost Always,,10,10,55,10,10,30,,10,10,10,10,5,0,0,0,0,0,0,0,0,0,0,30,30,10,15,15,10,10,5,3,0,0,0,0,0,0,0,0,0,0,0,0,0,0,0,0,0,0,0,0,0,0,15,15,5,0,0,0,0,0,0,0,0,0,0,0,0
204,1790,2023-03-21 17:46,R_Q0sh1XQOseNUyCR,,,0,0,,Woman,,20,Not a visible minority,High School Diploma,Undergraduate Degree,Unemployed student,Student,"$0-$29,999/year",0-15 hours per week,No,"Instagram,Snapchat,TikTok,Reddit,Facebook,Pinterest",,"TikTok,Facebook",5-6 hours,Sedentary,Somewhat well-balanced,Sleep issues,Medical Diagnosis,Not Applicable,Not Applicable,Self-Diagnosis,Not Applicable,Not Applicable,Medical Diagnosis,Not Applicable,Not Applicable,Not Applicable,,Two Times,Six Times,Five Times,Seven Times,Five Times,,No,No,No,Yes,Yes,No,No,No,No,,Often,Sometimes,Sometimes,Often,Rarely,Very Rarely,Often,,Almost Always,Almost Always,Sometimes,Sometimes,Almost Never,Sometimes,Sometimes,Almost Never,Sometimes,Almost Always,Almost Never,Sometimes,Almost Never,Almost Always,Almost Always,Never,Sometimes,Sometimes,Almost Always,Sometimes,Sometimes,,39,20,55,39,20,0,,3,2,30,20,0,0,0,0,0,0,0,0,0,0,0,180,120,5,30,10,0,0,0,0,0,0,0,0,0,0,0,0,0,0,0,0,0,0,0,0,0,0,0,0,0,0,120,60,30,0,0,0,0,0,0,0,0,0,0,0,0
205,1094,2023-03-21 17:46,R_2VRfqGfpAVcSakP,,,0,5,,Woman,,20,Not a visible minority,High School Diploma,Undergraduate Degree,student,Student,"$0-$29,999/year",41+ hours per week,No,"TikTok,YouTube,Twitter,Reddit,Pinterest",,"TikTok,Facebook",7-8 hours,Sedentary,Somewhat well-balanced,Vision issues,Self-Diagnosis,Not Applicable,Not Applicable,Medical Diagnosis,Not Applicable,Not Applicable,Medical Diagnosis,Self-Diagnosis,Not Applicable,Not Applicable,,Four Times,Three Times,Five Times,Two Times,Six Times,,No,No,No,No,Yes,No,No,No,No,,Very Rarely,Very Rarely,Rarely,Very Rarely,Very Rarely,Very Rarely,Rarely,,Sometimes,Almost Always,Almost Never,Never,Sometimes,Sometimes,Almost Never,Never,Sometimes,Never,Never,Never,Always,Almost Never,Almost Never,Never,Sometimes,Sometimes,Almost Always,Sometimes,Almost Always,,59,30,55,25,10,1,,60,60,60,60,60,60,60,0,0,0,0,0,0,0,0,45,45,30,30,30,30,30,15,10,0,0,0,0,0,0,0,0,0,0,0,0,0,0,0,0,0,0,0,0,0,0,20,20,20,20,20,20,10,5,0,0,0,0,0,0,0
206,2557,2023-03-21 17:47,R_1ey49QOjRAYxhgQ,,,0,0,,Non-binary / third gender,,23,"Jewish,Not a visible minority",Undergraduate Degree,PhD,PhD Student,Part time (less than 30 hours per week),"$30,000-$49,999/year",16-25 hours per week,Yes,"Instagram,Twitter",,"TikTok,Facebook",5-6 hours,Moderate,Somewhat well-balanced,Prefer not to disclose,Medical Diagnosis,Not Applicable,Medical Diagnosis,Medical Diagnosis,Medical Diagnosis,Not Applicable,Medical Diagnosis,Self-Diagnosis,Not Applicable,Not Applicable,,Four Times,Seven Times,Seven Times,Never,Seven Times,,Yes,No,Yes,Yes,Yes,No,No,Yes,No,,Sometimes,Sometimes,Often,Sometimes,Sometimes,Very Rarely,Sometimes,,Sometimes,Almost Always,Sometimes,Never,Sometimes,Never,Sometimes,Sometimes,Never,Almost Never,Sometimes,Sometimes,Almost Always,Sometimes,Almost Always,Never,Almost Always,Almost Never,Almost Always,Always,Sometimes,,4,15,55,9,6,0,,60,60,30,20,10,10,5,5,5,5,5,0,0,0,0,0,0,$5,0,0,0,0,0,0,0,0,0,0,0,0,0,0,0,0,0,0,0,0,0,0,0,0,0,0,0,0,60,60,60,30,30,10,10,5,5,3,0,0,0,0,0
207,3160,2023-03-21 17:49,R_1eY1Q2OzhHYae2T,,,0,0,,Man,,18,Prefer not to disclose,High School Diploma,Undergraduate Degree,Student,Student,"$0-$29,999/year",0-15 hours per week,No,"Snapchat,YouTube,Reddit",,"TikTok,Facebook",9-10 hours,Very Active,Mostly well-balanced,Vision issues,Not Applicable,Not Applicable,Not Applicable,Not Applicable,Not Applicable,Not Applicable,Not Applicable,Not Applicable,Not Applicable,Not Applicable,,Never,Never,One Time,Never,Never,,No,No,No,No,No,No,No,No,No,,Very Rarely,Very Rarely,Very Rarely,Very Rarely,Very Rarely,Very Rarely,Very Rarely,,Never,Almost Never,Sometimes,Never,Never,Never,Never,Never,Never,Never,Never,Never,Never,Never,Never,Never,Never,Never,Almost Always,Never,Never,,0,18,55,109,39,47,,0,5,0,0,0,1,0,0,0,0,0,0,0,0,0,100,50,0,10,5,2,0,0,0,0,0,0,0,0,0,0,100,0,0,0,0,0,0,0,0,0,0,0,0,0,0,100,60,40,30,10,5,0,0,0,0,0,0,0,0,0
208,1033,2023-03-21 17:49,R_1K2tV4khAsIhkbT,,,0,0,,Woman,,27,Not a visible minority,Graduate Degree,PhD,Teaching Assistant,Part time (less than 30 hours per week),"$0-$29,999/year",0-15 hours per week,No,"Instagram,TikTok,LinkedIn,Facebook",,"TikTok,Facebook",7-8 hours,Moderate,Somewhat well-balanced,Hearing issues,Not Applicable,Not Applicable,Not Applicable,Not Applicable,Medical Diagnosis,Not Applicable,Not Applicable,Not Applicable,Not Applicable,Not Applicable,,Seven Times,Never,Never,Seven Times,Never,,No,No,No,Yes,Yes,No,No,Yes,No,,Rarely,Very Rarely,Sometimes,Often,Rarely,Rarely,Sometimes,,Almost Always,Sometimes,Sometimes,Always,Always,Sometimes,Almost Never,Sometimes,Almost Never,Almost Never,Almost Always,Never,Sometimes,Almost Always,Sometimes,Never,Almost Always,Never,Almost Always,Almost Always,Almost Always,,101,60,55,0,2,3,,180,180,90,60,30,10,0,0,0,0,0,0,0,0,0,30,30,5,30,30,10,10,0,0,0,0,0,0,0,0,0,0,0,0,0,0,0,0,0,0,0,0,0,0,0,0,180,180,180,90,30,30,10,0,0,0,0,0,0,0,0
209,1495,2023-03-21 17:49,R_1LkalT1PLXaPjtT,,,0,0,,Woman,,20,Not a visible minority,Undergraduate Degree,Undergraduate Degree,student,Student,"$0-$29,999/year",16-25 hours per week,Yes,"Instagram,Snapchat,YouTube,LinkedIn,Facebook",,"TikTok,Facebook",7-8 hours,Active,Somewhat well-balanced,Prefer not to disclose,Not Applicable,Medical Diagnosis,Not Applicable,Not Applicable,Not Applicable,Not Applicable,Medical Diagnosis,Not Applicable,Not Applicable,Not Applicable,,Seven Times,Seven Times,Seven Times,Seven Times,Seven Times,,Yes,Yes,Yes,Yes,Yes,No,No,No,No,,Often,Very Often,Often,Often,Sometimes,Very Rarely,Sometimes,,Always,Always,Always,Always,Always,Always,Always,Almost Never,Almost Never,Always,Sometimes,Almost Always,Sometimes,Sometimes,Always,Never,Always,Always,Almost Always,Always,Always,,30,45,55,60,6,0,,0.3,1.5,3.9,7.5,15,15,5,3,2,0,0,0,0,0,0,30,1.5,15,1000,1000,500,400,300,200,100,50,20,10,0,0,0,0,0,0,0,0,0,0,0,0,0,0,0,0,0,0,0,0,0,0,0,0,0,0,0,0,0,0,0,0,0
210,1597,2023-03-21 17:50,R_3M98tV7YpnkXKjl,,,0,0,,Woman,,28,Not a visible minority,Graduate Degree,Graduate Degree,Banker,Part time (less than 30 hours per week),"$30,000-$49,999/year",16-25 hours per week,No,"Instagram,Snapchat,YouTube,LinkedIn,Facebook,Pinterest",,"TikTok,Facebook",9-10 hours,Moderate,Poor,Hearing issues,Medical Diagnosis,Not Applicable,Not Applicable,Medical Diagnosis,Not Applicable,Not Applicable,Not Applicable,Not Applicable,Not Applicable,Not Applicable,,Six Times,Seven Times,Four Times,Seven Times,Seven Times,,No,No,No,Yes,Yes,No,No,Yes,No,,Often,Rarely,Sometimes,Often,Very Rarely,Very Rarely,Very Rarely,,Always,Always,Always,Sometimes,Almost Always,Always,Sometimes,Sometimes,Sometimes,Sometimes,Almost Always,Almost Never,Almost Never,Always,Always,Never,Sometimes,Almost Always,Almost Always,Sometimes,Almost Always,,114,84,55,92,88,100,,0,0,0,0,0,0,0,0,0,0,0,0,0,0,0,0,0,5,0,0,0,0,0,0,0,0,0,0,0,0,0,0,0,0,0,0,0,0,0,0,0,0,0,0,0,0,0,0,0,0,0,0,0,0,0,0,0,0,0,0,0
211,949,2023-03-21 17:52,R_3PBJTNlcpMffEdR,,,0,0,,Woman,,19,Chinese,High School Diploma,Undergraduate Degree,Student,Student,"$0-$29,999/year",0-15 hours per week,No,"Instagram,YouTube",,"TikTok,Facebook",5-6 hours,Sedentary,Mostly well-balanced,Vision issues,Not Applicable,Not Applicable,Not Applicable,Not Applicable,Not Applicable,Not Applicable,Not Applicable,Not Applicable,Not Applicable,Not Applicable,,Seven Times,Four Times,Four Times,Seven Times,Seven Times,,No,No,No,Yes,Yes,No,No,No,No,,Sometimes,Rarely,Very Rarely,Often,Very Rarely,Very Rarely,Rarely,,Almost Always,Always,Always,Sometimes,Sometimes,Sometimes,Sometimes,Never,Never,Sometimes,Never,Never,Never,Almost Never,Almost Never,Never,Almost Never,Sometimes,Almost Always,Never,Almost Never,,2,2,55,2,2,0,,100,150,200,120,120,120,200,200,400,10000,10000,100000,100000,200000,200000,100,0,5,0,0,0,0,0,0,0,0,0,0,0,0,0,0,0,0,0,0,0,0,0,0,0,0,0,0,0,0,0,0,0,0,0,0,0,0,0,0,0,0,0,0,
212,822,2023-03-21 17:52,R_1NEsjhg7rG1vuUw,,,0,30,,Man,,19,Not a visible minority,High School Diploma,Undergraduate Degree,Landscaper,Student,"$0-$29,999/year",26-40 hours per week,No,"Instagram,Snapchat,TikTok,YouTube,Twitter,Facebook",,"TikTok,Facebook",Less than 4 hours,Moderate,Somewhat well-balanced,Vision issues,Medical Diagnosis,Not Applicable,Not Applicable,Self-Diagnosis,Not Applicable,Not Applicable,Medical Diagnosis,Not Applicable,Not Applicable,Not Applicable,,Seven Times,Seven Times,Seven Times,Seven Times,Five Times,,No,No,No,Yes,Yes,No,Yes,Yes,No,,Often,Often,Often,Very Often,Sometimes,Very Rarely,Sometimes,,Almost Always,Always,Always,Almost Always,Always,Always,Never,Almost Never,Never,Never,Almost Always,Always,Almost Always,Always,Never,Never,Always,Almost Always,Almost Always,Never,Almost Never,,12,27,55,52,81,10,,3000,3000,500,200,150,10,0,0,0,0,0,0,0,0,0,200,100,5,100,50,30,10,0,0,0,0,0,0,0,0,0,0,0,0,0,0,0,0,0,0,0,0,0,0,0,0,5000,2000,2000,1000,200,100,25,10,0,0,0,0,0,0,0
213,1020,2023-03-21 17:52,R_3Kr5rGwpW28OhJb,,,0,5,,Woman,,21,Not a visible minority,High School Diploma,Undergraduate Degree,Student ,Student,Prefer not to disclose,Prefer not to disclose,No,"Instagram,Snapchat,TikTok,YouTube",,"TikTok,Facebook",5-6 hours,Moderate,Mostly well-balanced,Prefer not to disclose,Medical Diagnosis,Not Applicable,Medical Diagnosis,Not Applicable,Not Applicable,Not Applicable,Self-Diagnosis,Not Applicable,Not Applicable,Not Applicable,,Five Times,Never,Never,Four Times,Four Times,,No,No,No,No,No,No,No,No,No,,Very Rarely,Very Rarely,Very Rarely,Rarely,Very Rarely,Very Rarely,Very Rarely,,Almost Never,Almost Always,Sometimes,Never,Sometimes,Never,Sometimes,Never,Sometimes,Never,Never,Sometimes,Never,Sometimes,Never,Never,Never,Sometimes,Almost Always,Almost Never,Sometimes,,0,0,55,0,0,0,,0,45,0,0,45,0,0,0,0,0,0,0,0,0,0,100,100,5,100,50,0,25,0,0,0,0,0,0,0,0,0,0,0,0,0,0,0,0,0,0,0,0,0,0,0,0,100,100,100,0,0,0,0,0,0,0,0,0,0,0,0
214,1773,2023-03-21 17:54,R_sYIMZntBxIVl2OR,,,0,0,,Woman,,21,Southeast Asian,Undergraduate Degree,Undergraduate Degree,registered nurse,Part time (less than 30 hours per week),"$50,000-$74.999/year",26-40 hours per week,No,"Instagram,TikTok,Other",Messenger,"TikTok,Facebook",7-8 hours,Active,Mostly well-balanced,,Not Applicable,Not Applicable,Not Applicable,Not Applicable,Not Applicable,Not Applicable,Self-Diagnosis,Not Applicable,Not Applicable,Not Applicable,,Two Times,Never,One Time,One Time,Two Times,,No,No,No,Yes,Yes,No,No,Yes,No,,Sometimes,Sometimes,Sometimes,Sometimes,Rarely,Very Rarely,Very Rarely,,Almost Always,Sometimes,Sometimes,Almost Never,Sometimes,Almost Never,Almost Never,Almost Never,Almost Never,Almost Always,Sometimes,Almost Never,Almost Never,Sometimes,Almost Always,Never,Sometimes,Sometimes,Almost Always,Sometimes,Sometimes,,41,69,55,101,121,148,,20,10,10,10,5,5,2,1,0,0,0,0,0,0,0,30,20,5,5,2,2,1,0,0,0,0,0,0,0,0,0,10,3,2,1,1,0,0,0,0,0,0,0,0,0,0,50,20,10,5,5,2,1,0,0,0,0,0,0,0,0
215,618,2023-03-21 17:56,R_1n6d91VzNRQd1LY,,,0,0,,Woman,,20,"Chinese,Southeast Asian",Undergraduate Degree,Undergraduate Degree,Sales Associate and Student,Part time (less than 30 hours per week),"$0-$29,999/year",0-15 hours per week,No,"Snapchat,TikTok,YouTube,Pinterest",,"TikTok,Facebook",5-6 hours,Active,Somewhat well-balanced,Prefer not to disclose,Medical Diagnosis,Not Applicable,Not Applicable,Medical Diagnosis,Not Applicable,Not Applicable,Not Applicable,Not Applicable,Not Applicable,Not Applicable,,Six Times,Three Times,Five Times,Two Times,Never,,No,No,Yes,No,No,No,No,No,No,,Sometimes,Rarely,Rarely,Rarely,Rarely,Very Rarely,Very Rarely,,Almost Always,Almost Always,Almost Always,Never,Almost Always,Almost Always,Sometimes,Almost Never,Almost Never,Sometimes,Almost Never,Almost Never,Never,Almost Never,Never,Sometimes,Sometimes,Never,Almost Always,Sometimes,Never,,20,10,55,8,0,0,,0,0,0,0,0,0,0,0,0,0,0,0,0,0,0,100,30,5,0,0,0,0,0,0,0,0,0,0,0,0,0,0,0,0,0,0,0,0,0,0,0,0,0,0,0,0,100000,2500,0,0,0,0,0,0,0,0,0,0,0,0,0
216,1021,2023-03-21 17:57,R_eDt6LE8Nob18hON,,,0,0,,Man,,21,Not a visible minority,High School Diploma,Undergraduate Degree,Student. I work at a Zipline in the summer.,Student,"$0-$29,999/year",0-15 hours per week,No,"Instagram,Snapchat,YouTube,Twitter,Reddit",,"TikTok,Facebook",7-8 hours,Moderate,Somewhat well-balanced,Prefer not to disclose,Not Applicable,Not Applicable,Not Applicable,Not Applicable,Not Applicable,Not Applicable,Not Applicable,Not Applicable,Not Applicable,Not Applicable,,Seven Times,Seven Times,Seven Times,Seven Times,Seven Times,,No,No,No,Yes,Yes,No,No,No,No,,Rarely,Very Rarely,Very Rarely,Sometimes,Very Rarely,Very Rarely,Sometimes,,Almost Always,Almost Always,Always,Always,Sometimes,Sometimes,Almost Never,Never,Sometimes,Sometimes,Never,Sometimes,Almost Never,Sometimes,Almost Never,Never,Almost Always,Almost Always,Almost Always,Almost Never,Always,,300,450,55,600,600,600,,0,0,0,0,0,0,0,0,0,0,0,0,0,0,0,500,100,5,40,20,10,5,2,0,0,0,0,0,0,0,0,0,0,0,0,0,0,0,0,0,0,0,0,0,0,0,1000,200,80,40,20,10,5,3,1,0,0,0,0,0,0
217,864,2023-03-21 17:57,R_3Ook2yi6cpMUoiG,,,0,0,,Woman,,20,Chinese,High School Diploma,Undergraduate Degree,Student ,Student,"$0-$29,999/year",0-15 hours per week,No,"Instagram,Snapchat,TikTok,Pinterest,Other",VSCO,"TikTok,Facebook",5-6 hours,Moderate,Somewhat well-balanced,Prefer not to disclose,Not Applicable,Not Applicable,Not Applicable,Not Applicable,Not Applicable,Not Applicable,Not Applicable,Not Applicable,Not Applicable,Not Applicable,,Seven Times,Seven Times,Seven Times,Seven Times,Seven Times,,No,No,No,No,No,No,No,No,No,,Very Often,Very Often,Very Often,Very Often,Very Often,Very Often,Often,,Sometimes,Sometimes,Almost Always,Sometimes,Almost Never,Sometimes,Almost Always,Always,Never,Never,Always,Sometimes,Sometimes,Almost Always,Almost Never,Almost Always,Almost Always,Almost Never,Sometimes,Almost Never,Sometimes,,21,75,55,100,58,62,,2 hours,2,2,1,1,1,1,0,0,0,0,0,0,9,0,2,2,0,0,0,0,0,0,9,0,0,0,0,0,0,0,1,1,1,2,2,2,2,0,0,0,0,0,0,0,0,1,2,2,2,2,2,2,0,0,0,0,0,0,0,0
218,691,2023-03-21 17:58,R_3pnHCDUKrEccTFs,,,0,0,,Woman,,20,South Asian,Undergraduate Degree,Undergraduate Degree,Stude t,Student,"$0-$29,999/year",0-15 hours per week,No,"Instagram,Snapchat,YouTube",,"TikTok,Facebook",5-6 hours,Moderate,Somewhat well-balanced,Prefer not to disclose,Not Applicable,Not Applicable,Not Applicable,Medical Diagnosis,Not Applicable,Not Applicable,Not Applicable,Not Applicable,Not Applicable,Not Applicable,,Seven Times,Three Times,Three Times,Four Times,Seven Times,,Yes,Yes,Yes,Yes,Yes,No,Yes,Yes,No,,Sometimes,Often,Very Often,Very Often,Very Often,Very Rarely,Sometimes,,Sometimes,Sometimes,Almost Always,Almost Never,Always,Sometimes,Almost Never,Sometimes,Never,Almost Always,Always,Always,Sometimes,Sometimes,Sometimes,Almost Always,Almost Always,Sometimes,Almost Always,Almost Always,Sometimes,,57,59,55,72,20,84,,3,2,2,2,3,0,0,0,0,0,0,0,0,0,0,4,3,2,3,3,3,3,3,0,0,0,0,0,0,0,0,0,0,0,0,0,0,0,0,0,0,0,0,0,0,0,3,3,3,3,3,4,6,6,0,0,0,0,0,0,0
219,1389,2023-03-21 17:59,R_SH8T1niphwiDy1j,,,0,0,,Woman,,24,West Asian,Undergraduate Degree,PhD,PhD student (Graduate Research Assistant),Student,"$0-$29,999/year",26-40 hours per week,No,"Instagram,YouTube",,"TikTok,Facebook",7-8 hours,Moderate,Mostly well-balanced,Prefer not to disclose,Self-Diagnosis,Not Applicable,Not Applicable,Self-Diagnosis,Not Applicable,Not Applicable,Not Applicable,Not Applicable,Not Applicable,Not Applicable,,Four Times,Four Times,Six Times,Five Times,Five Times,,No,No,No,No,No,No,No,Yes,No,,Sometimes,Rarely,Very Often,Rarely,Very Rarely,Very Rarely,Very Rarely,,Almost Always,Always,Sometimes,Always,Always,Almost Always,Sometimes,Sometimes,Almost Never,Almost Never,Always,Almost Always,Never,Always,Sometimes,Sometimes,Sometimes,Sometimes,Almost Always,Sometimes,Sometimes,,10,15,55,30,40,45,,180,35,10,5,0,0,0,0,0,0,0,0,0,0,0,180,45,5,30,15,7,5,0,0,0,0,0,0,0,0,0,30,15,5,0,0,0,0,0,0,0,0,0,0,0,0,60,15,10,5,0,0,0,0,0,0,0,0,0,0,0
220,1915,2023-03-21 18:00,R_1flsjlDSA91i9Pn,,,0,0,,Woman,,21,Chinese,Undergraduate Degree,Undergraduate Degree,Student; Part-time private tutor; work study student on campus,Part time (less than 30 hours per week),"$0-$29,999/year",0-15 hours per week,No,"Instagram,YouTube,Reddit,Facebook",,"TikTok,Facebook",7-8 hours,Moderate,Always well-balanced,Prefer not to disclose,Not Applicable,Not Applicable,Not Applicable,Not Applicable,Not Applicable,Not Applicable,Not Applicable,Not Applicable,Not Applicable,Not Applicable,,Six Times,Two Times,Two Times,Two Times,Four Times,,No,Yes,Yes,Yes,Yes,No,No,Yes,No,,Sometimes,Rarely,Sometimes,Sometimes,Rarely,Very Rarely,Sometimes,,Almost Always,Almost Always,Sometimes,Sometimes,Almost Never,Almost Always,Almost Never,Almost Never,Almost Never,Sometimes,Sometimes,Almost Never,Almost Never,Sometimes,Sometimes,Almost Never,Almost Always,Almost Always,Almost Always,Almost Never,Sometimes,,100,120,55,200,180,200,,180,90,45,0,0,0,0,0,0,0,0,0,0,0,0,120,45,5,20,15,10,5,1,0,0,0,0,0,0,0,0,30,10,8,4,0,0,0,0,0,0,0,0,0,0,0,300,90,60,20,5,0,0,0,0,0,0,0,0,0,0
221,891,2023-03-21 18:01,R_2AX4d7wXBRJNB3C,,,0,25,,Woman,,18,South Asian,Undergraduate Degree,Undergraduate Degree,Student,Unemployed,Prefer not to disclose,0-15 hours per week,No,"Instagram,Snapchat,YouTube,LinkedIn,Facebook,Pinterest",,"TikTok,Facebook",7-8 hours,Moderate,Somewhat well-balanced,,Not Applicable,Not Applicable,Not Applicable,Not Applicable,Not Applicable,Not Applicable,Not Applicable,Not Applicable,Not Applicable,Not Applicable,,Seven Times,Seven Times,Seven Times,Seven Times,Five Times,,No,No,No,No,Yes,No,Yes,Yes,No,,Rarely,Sometimes,Sometimes,Rarely,Very Rarely,Very Rarely,Rarely,,Always,Almost Always,Always,Sometimes,Always,Always,Never,Never,Sometimes,Almost Always,Sometimes,Almost Never,Almost Never,Sometimes,Never,Never,Almost Never,Almost Always,Almost Always,Never,Almost Always,,113,281,55,339,288,407,,60,60,50,50,60,20,10,1,2,0,0,0,0,0,0,100,80,30,50,40,25,15,5,2,1,0,0,0,0,0,0,0,0,0,0,0,0,0,0,0,0,0,0,0,0,0,100,100,99,95,100,25,15,10,10,5,0,0,0,0,0
222,1372,2023-03-21 18:02,R_3hhTSPqKYah8OSK,,,0,0,,Woman,,26,Not a visible minority,Undergraduate Degree,Graduate Degree,Medical Student,Student,"$0-$29,999/year",0-15 hours per week,Yes,"Instagram,YouTube,Facebook",,"TikTok,Facebook",7-8 hours,Moderate,Always well-balanced,Prefer not to disclose,Not Applicable,Not Applicable,Not Applicable,Not Applicable,Not Applicable,Not Applicable,Not Applicable,Not Applicable,Not Applicable,Not Applicable,,Seven Times,Five Times,One Time,Six Times,Three Times,,No,No,No,Yes,No,No,No,No,No,,Sometimes,Rarely,Rarely,Sometimes,Very Rarely,Very Rarely,Very Rarely,,Sometimes,Almost Always,Almost Always,Almost Always,Sometimes,Almost Always,Almost Never,Never,Sometimes,Sometimes,Never,Almost Always,Never,Sometimes,Almost Always,Never,Sometimes,Sometimes,Almost Always,Sometimes,Sometimes,,11,33,55,7,2,2,,100,100,30,15,10,0,0,0,0,0,0,0,0,0,0,200,100,5,50,20,10,0,0,0,0,0,0,0,0,0,0,15,10,0,0,0,0,0,0,0,0,0,0,0,0,0,100,75,20,10,0,0,0,0,0,0,0,0,0,0,0
223,861,2023-03-21 18:03,R_2tG7Wta2nfBM0wG,,,0,0,,Woman,,33,Not a visible minority,Graduate Degree,Graduate Degree,Library Staff,Full time (30+ hours per week),"$50,000-$74.999/year",26-40 hours per week,Yes,"Instagram,TikTok,YouTube,LinkedIn,Facebook",,"TikTok,Facebook",7-8 hours,Sedentary,Somewhat well-balanced,Prefer not to disclose,Self-Diagnosis,Not Applicable,Not Applicable,Not Applicable,Not Applicable,Not Applicable,Not Applicable,Not Applicable,Not Applicable,Not Applicable,,Five Times,Six Times,Five Times,Three Times,Three Times,,No,No,No,No,Yes,No,No,Yes,No,,Often,Rarely,Sometimes,Rarely,Very Rarely,Very Rarely,Sometimes,,Sometimes,Almost Always,Almost Always,Sometimes,Almost Always,Sometimes,Sometimes,Never,Sometimes,Sometimes,Sometimes,Almost Never,Sometimes,Almost Always,Sometimes,Never,Sometimes,Almost Always,Almost Always,Almost Never,Almost Never,,40,40,55,40,16,1,,25,0,0,0,0,0,0,0,0,0,0,0,0,0,0,30,30,0,0,0,0,0,0,0,0,0,0,0,0,0,0,0,0,0,0,0,0,0,0,0,0,0,0,0,0,0,30,0,0,0,0,0,0,0,0,0,0,0,0,0,0
224,6208,2023-03-21 18:04,R_pbJrCH6tYXMYWqd,,,0,0,,Woman,,30,Not a visible minority,Undergraduate Degree,Graduate Degree,Registered nurse ,Part time (less than 30 hours per week),"$50,000-$74.999/year",16-25 hours per week,No,"Instagram,Snapchat,Facebook,Pinterest",,"TikTok,Facebook",7-8 hours,Sedentary,Mostly well-balanced,Muscular/Skeletal issues,Not Applicable,Not Applicable,Not Applicable,Not Applicable,Not Applicable,Not Applicable,Medical Diagnosis,Not Applicable,Not Applicable,Not Applicable,,Three Times,Four Times,Never,Never,Five Times,,No,No,No,Yes,Yes,No,No,Yes,No,,Sometimes,Often,Sometimes,Sometimes,Sometimes,Very Rarely,Sometimes,,Sometimes,Almost Always,Sometimes,Almost Never,Sometimes,Sometimes,Almost Never,Almost Never,Sometimes,Never,Sometimes,Sometimes,Sometimes,Sometimes,Sometimes,Never,Sometimes,Almost Always,Almost Always,Never,Almost Always,,20,30,55,30,30,45,,180,180,120,120,90,30,20,0,0,0,0,0,0,0,0,240,180,5,180,180,120,60,30,15,5,0,0,0,0,0,0,0,0,0,0,0,0,0,0,0,0,0,0,0,0,0,30,30,30,30,15,5,0,0,0,0,0,0,0,0,0
225,653,2023-03-21 18:05,R_2sZ2Jj4COrdCobr,,,0,10,,Woman,,20,Chinese,Undergraduate Degree,Undergraduate Degree,student,Student,Prefer not to disclose,Prefer not to disclose,Yes,Other,wechat,"TikTok,Facebook",7-8 hours,Moderate,Somewhat well-balanced,Prefer not to disclose,Not Applicable,Not Applicable,Not Applicable,Not Applicable,Not Applicable,Not Applicable,Not Applicable,Not Applicable,Not Applicable,Not Applicable,,Six Times,Six Times,Six Times,Six Times,Six Times,,Yes,Yes,Yes,Yes,Yes,Yes,Yes,Yes,Yes,,Sometimes,Sometimes,Sometimes,Sometimes,Sometimes,Sometimes,Sometimes,,Sometimes,Sometimes,Sometimes,Sometimes,Sometimes,Sometimes,Sometimes,Sometimes,Sometimes,Sometimes,Sometimes,Sometimes,Sometimes,Sometimes,Sometimes,Sometimes,Sometimes,Sometimes,Almost Always,Sometimes,Sometimes,,287,248,55,145,36,0,,0,0,0,0,0,0,0,0,0,0,0,0,0,0,0,5,3,5,5,3,1,0,0,0,0,0,0,0,0,0,0,0,0,0,0,0,0,0,0,0,0,0,0,0,0,0,0,0,0,0,0,0,0,0,0,0,0,0,0,0,0
226,1024,2023-03-21 18:05,R_21FXhWmHxBoof3v,,,0,0,,Woman,,19,Other,High School Diploma,Undergraduate Degree,Student,Unemployed,"$0-$29,999/year",0-15 hours per week,No,YouTube,,"TikTok,Facebook",7-8 hours,Moderate,Mostly well-balanced,Muscular/Skeletal issues,Medical Diagnosis,Not Applicable,Not Applicable,Self-Diagnosis,Not Applicable,Not Applicable,Medical Diagnosis,Not Applicable,Not Applicable,Not Applicable,,Seven Times,One Time,One Time,Two Times,Seven Times,,No,No,No,No,Yes,No,No,Yes,Yes,,Rarely,Very Rarely,Very Often,Rarely,Sometimes,Very Rarely,Very Rarely,,Always,Always,Almost Always,Almost Always,Sometimes,Always,Never,Sometimes,Never,Almost Always,Sometimes,Never,Almost Never,Always,Sometimes,Almost Never,Sometimes,Almost Always,Almost Always,Sometimes,Sometimes,,10,10,55,5,1,1,,120,120,60,0,0,0,0,0,0,0,0,0,0,0,0,120,10,5,0,0,0,0,0,0,0,0,0,0,0,0,0,0,0,0,0,0,0,0,0,0,0,0,0,0,0,0,120,120,0,0,0,0,0,0,0,0,0,0,0,0,0
227,1422,2023-03-21 18:06,R_1ln6G5NOLtRLpdV,,,0,0,,Woman,,18,Chinese,High School Diploma,Undergraduate Degree,N/A,Student,"$0-$29,999/year",0-15 hours per week,No,"Instagram,TikTok,YouTube,Twitter,Reddit",,"TikTok,Facebook",7-8 hours,Moderate,Somewhat well-balanced,,Self-Diagnosis,Not Applicable,Self-Diagnosis,Not Applicable,Not Applicable,Not Applicable,Not Applicable,Not Applicable,Not Applicable,Not Applicable,,Seven Times,Seven Times,Seven Times,Seven Times,Seven Times,,No,No,Yes,Yes,Yes,No,Yes,Yes,No,,Sometimes,Rarely,Often,Often,Sometimes,Very Rarely,Rarely,,Always,Always,Always,Always,Always,Always,Never,Always,Almost Never,Never,Almost Always,Never,Almost Never,Almost Always,Almost Always,Never,Always,Always,Almost Always,Never,Always,,100,97,55,31,0,0,,1000,200,78,40,20,10,3,10,5,3,1,1,0,0,0,6000,6000,5,5000,5000,50,50,33,20,10,2,2,1,0,0,0,0,0,0,0,0,0,0,0,0,0,0,0,0,0,0,10000,5000,3000,3000,200,150,300,600,110,350,10,1,1,0,0
228,873,2023-03-21 18:06,R_RCxQHCJx4U6Y0XT,,,0,0,,Man,,19,Not a visible minority,High School Diploma,Undergraduate Degree,Self-employed part-time delivery driver (Doordash),Part time (less than 30 hours per week),"$0-$29,999/year",0-15 hours per week,No,"Instagram,YouTube",,"TikTok,Facebook",7-8 hours,Sedentary,Mostly well-balanced,Prefer not to disclose,Not Applicable,Not Applicable,Not Applicable,Not Applicable,Not Applicable,Not Applicable,Not Applicable,Not Applicable,Not Applicable,Not Applicable,,Four Times,Never,One Time,Five Times,Three Times,,No,No,No,Yes,Yes,No,No,No,No,,Often,Sometimes,Rarely,Sometimes,Very Rarely,Very Rarely,Sometimes,,Sometimes,Sometimes,Sometimes,Sometimes,Always,Sometimes,Almost Never,Almost Never,Almost Never,Sometimes,Almost Never,Almost Never,Sometimes,Sometimes,Sometimes,Never,Sometimes,Sometimes,Almost Always,Sometimes,Sometimes,,120,100,55,60,10,0,,10,5,3,2,2,1,1,1,0,0,0,0,0,0,0,5,5,5,3,2,2,1,1,0,0,0,0,0,0,0,0,0,0,0,0,0,0,0,0,0,0,0,0,0,0,0,10,10,7,5,5,3,2,1,1,0,0,0,0,0,0
229,730,2023-03-21 18:06,R_1pR9WlvgKAmMP4f,,,0,0,,Woman,,20,"Jewish,Not a visible minority",High School Diploma,Undergraduate Degree,Student,Student,"$0-$29,999/year",0-15 hours per week,No,"Instagram,TikTok,YouTube",,"TikTok,Facebook",7-8 hours,Active,Mostly well-balanced,,Medical Diagnosis,,,,,,,,,,,Seven Times,Four Times,Never,Five Times,Never,,No,No,No,No,No,No,No,No,No,,Very Rarely,Very Rarely,Very Rarely,Very Rarely,Very Rarely,Very Rarely,Very Rarely,,Almost Always,Almost Always,Sometimes,Sometimes,Sometimes,Almost Always,Never,Never,Almost Never,Almost Never,Never,Sometimes,Never,Never,Never,Never,Almost Never,Sometimes,Almost Always,Never,Sometimes,,9,11,55,16,18,25,,60,60,60,60,60,40,25,10,5,1,1,0,0,0,0,60,60,5,60,40,40,30,20,15,10,1,0,0,0,0,0,0,0,0,0,0,0,0,0,0,0,0,0,0,0,0,0,0,0,0,0,0,0,0,0,0,0,0,0,0,0
230,1599,2023-03-21 18:08,R_3F3RYC7XwGFU6DG,,,0,0,,Woman,,23,Not a visible minority,Undergraduate Degree,Graduate Degree,Graduate student / graduate teaching assistant,Student,"$0-$29,999/year",0-15 hours per week,No,"Instagram,Snapchat,Facebook",,"TikTok,Facebook",7-8 hours,Sedentary,Somewhat well-balanced,Vision issues,Medical Diagnosis,Self-Diagnosis,Self-Diagnosis,Self-Diagnosis,Not Applicable,Not Applicable,Self-Diagnosis,Not Applicable,Not Applicable,Not Applicable,,Seven Times,Six Times,Never,Five Times,Five Times,,No,No,No,Yes,Yes,No,No,Yes,No,,Rarely,Sometimes,Often,Very Often,Sometimes,Very Rarely,Sometimes,,Almost Always,Sometimes,Sometimes,Almost Never,Almost Always,Sometimes,Almost Never,Almost Never,Sometimes,Sometimes,Sometimes,Sometimes,Never,Sometimes,Almost Never,Never,Always,Sometimes,Almost Always,Almost Always,Sometimes,,50,,55,,,0,,240,240,90,60,60,10,10,2,1,0,0,0,0,0,0,360,300,5,180,120,90,45,10,0,0,0,0,0,0,0,0,180,180,60,30,30,15,5,3,1,0,0,0,0,0,0,300,300,180,80,40,30,10,3,1,0,0,0,0,0,0
231,803,2023-03-21 18:10,R_3iyasV3Edmo0nsQ,,,0,0,,Woman,,22,Not a visible minority,High School Diploma,Undergraduate Degree,Student,Student,"$0-$29,999/year",0-15 hours per week,No,"Instagram,Snapchat,TikTok",,"TikTok,Facebook",7-8 hours,Moderate,Mostly well-balanced,Prefer not to disclose,Self-Diagnosis,Not Applicable,Not Applicable,Not Applicable,Not Applicable,Not Applicable,Self-Diagnosis,Not Applicable,Not Applicable,Not Applicable,,Seven Times,Seven Times,Seven Times,Seven Times,Seven Times,,Yes,No,No,No,No,No,Yes,No,No,,Sometimes,Sometimes,Sometimes,Rarely,Sometimes,Very Rarely,Sometimes,,Sometimes,Almost Always,Almost Always,Sometimes,Sometimes,Sometimes,Sometimes,Sometimes,Almost Always,Sometimes,Almost Never,Sometimes,Sometimes,Almost Never,Sometimes,Almost Never,Sometimes,Sometimes,Almost Always,Almost Never,Sometimes,,100,100,55,100,50,0,,60,60,60,60,30,20,10,5,0,0,0,0,0,0,0,100,100,100,100,60,60,45,20,15,0,0,0,0,0,0,0,0,0,0,0,0,0,0,0,0,0,0,0,0,0,0,200,200,200,100,100,60,30,15,0,0,0,0,0,0,0
232,1048,2023-03-21 18:10,R_1LdMXRPTUo8fVh0,,,0,0,,Woman,,23,Not a visible minority,Graduate Degree,Graduate Degree,Teaching Assistant,Part time (less than 30 hours per week),"$0-$29,999/year",0-15 hours per week,No,"Instagram,Snapchat,TikTok,YouTube,LinkedIn,Twitter,Reddit,Facebook",,"TikTok,Facebook",5-6 hours,Moderate,Mostly well-balanced,Vision issues,Medical Diagnosis,Not Applicable,Not Applicable,Medical Diagnosis,Not Applicable,Not Applicable,Not Applicable,Not Applicable,Not Applicable,Not Applicable,,Seven Times,Four Times,Seven Times,Two Times,Three Times,,No,No,No,Yes,No,No,No,No,No,,Rarely,Rarely,Sometimes,Sometimes,Rarely,Very Rarely,Very Rarely,,Almost Always,Almost Always,Always,Almost Always,Sometimes,Sometimes,Almost Never,Never,Sometimes,Almost Never,Almost Never,Sometimes,Almost Never,Sometimes,Almost Never,Never,Sometimes,Almost Always,Almost Always,Almost Never,Almost Always,,30,70,55,100,121,0,,100,150,175,200,300,500,600,700,800,240,300,300,0,0,0,100,100,5,100,100,30,25,15,10,1,0,0,0,0,0,0,0,0,0,0,0,0,0,0,0,0,0,0,0,0,0,100,100,100,50,50,20,5,2,0,0,P,0,0,0,0
233,866,2023-03-21 18:10,R_06dswkhuYiskUbn,,,0,0,,Man,,20,South Asian,High School Diploma,Undergraduate Degree,Teaching Assistant and Student,Part time (less than 30 hours per week),"$0-$29,999/year",0-15 hours per week,No,"Instagram,YouTube",,"TikTok,Facebook",7-8 hours,Moderate,Somewhat well-balanced,Prefer not to disclose,Not Applicable,Not Applicable,Not Applicable,Not Applicable,Not Applicable,Not Applicable,Not Applicable,Not Applicable,Not Applicable,Not Applicable,,Five Times,Two Times,Six Times,Four Times,Seven Times,,No,No,No,Yes,Yes,No,Yes,Yes,No,,Very Rarely,Often,Very Often,Very Often,Very Rarely,Very Rarely,Very Often,,Almost Always,Almost Always,Always,Always,Almost Never,Almost Always,Never,Never,Never,Always,Always,Always,Always,Always,Always,Never,Always,Always,Almost Always,Almost Never,Never,,15,11,55,28,37,0,,0,0,0,0,0,0,0,0,0,0,0,0,0,0,0,0,20,5,20,20,20,10,0,0,),0,0,0,0,0,0,0,0,0,0,0,0,0,0,0,0,0,0,0,0,0,20,15,15,10,10,5,0,0,0,0,0,0,0,0,0
234,887,2023-03-21 18:12,R_6EznjNyB37o7geR,,,0,0,,Woman,,20,"Chinese,Southeast Asian",Undergraduate Degree,Undergraduate Degree,student,Student,"$0-$29,999/year",0-15 hours per week,No,"Instagram,Snapchat,TikTok,YouTube,Twitter",,"TikTok,Facebook",5-6 hours,Active,Mostly well-balanced,,Self-Diagnosis,Self-Diagnosis,Not Applicable,Not Applicable,Not Applicable,Not Applicable,Self-Diagnosis,Not Applicable,Not Applicable,Not Applicable,,Seven Times,Seven Times,Seven Times,Three Times,Two Times,,No,No,No,Yes,Yes,Yes,No,No,Yes,,Sometimes,Rarely,Very Rarely,Sometimes,Rarely,Very Rarely,Rarely,,Always,Almost Always,Always,Always,Almost Always,Sometimes,Always,Sometimes,Always,Sometimes,Never,Sometimes,Never,Never,Sometimes,Never,Sometimes,Sometimes,Almost Always,Sometimes,Sometimes,,30,45,55,20,30,0,,10,20,15,30,5,4,4,5,2,0,0,0,0,0,0,45,45,10,45,45,30,10,5,5,2,0,0,0,0,0,0,80,75,79,40,20,15,0,0,0,0,0,0,0,0,0,100,80,50,40,25,10,0,0,0,0,0,0,0,0,0
235,1082,2023-03-21 18:12,R_OkFDlbG27f2IvyF,,,0,0,,Woman,,25,"Chinese,Not a visible minority",Undergraduate Degree,Graduate Degree,Medical student,Part time (less than 30 hours per week),"$0-$29,999/year",0-15 hours per week,No,"Instagram,TikTok,Twitter,Reddit",,"TikTok,Facebook",7-8 hours,Moderate,Somewhat well-balanced,Vision issues,Self-Diagnosis,Not Applicable,Not Applicable,Not Applicable,Not Applicable,Not Applicable,Not Applicable,Not Applicable,Not Applicable,Not Applicable,,Seven Times,Seven Times,Seven Times,Seven Times,Seven Times,,No,No,Yes,No,Yes,No,No,Yes,No,,Sometimes,Very Rarely,Rarely,Very Rarely,Sometimes,Very Rarely,Rarely,,Almost Always,Almost Always,Almost Always,Almost Always,Almost Always,Almost Always,Almost Never,Sometimes,Almost Never,Sometimes,Almost Never,Almost Never,Almost Never,Almost Always,Sometimes,Never,Sometimes,Almost Always,Almost Always,Almost Never,Almost Always,,220,202,55,154,31,1,,100,50,30,10,10,10,5,3,2,0,0,0,0,0,0,30,20,5,1,1,1,1,1,0,0,0,0,0,0,0,0,0,0,0,0,0,0,0,0,0,0,0,0,0,0,0,100,50,20,20,20,10,5,3,1,0,0,0,0,0,0
236,901,2023-03-21 18:13,R_2q1pDlKhTNGjJjs,,,0,0,,Woman,,24,Chinese,Graduate Degree,PhD,student,Student,"$0-$29,999/year",41+ hours per week,No,"YouTube,LinkedIn,Facebook,Other",WhatsApp,Facebook,7-8 hours,Active,Mostly well-balanced,Prefer not to disclose,Not Applicable,Not Applicable,Not Applicable,Not Applicable,Not Applicable,Not Applicable,Not Applicable,Not Applicable,Not Applicable,Not Applicable,,Two Times,Never,Never,Three Times,Four Times,,No,No,No,No,No,No,No,No,No,,Rarely,Rarely,Very Rarely,Rarely,Very Rarely,Very Rarely,Very Rarely,,Always,Always,Always,Sometimes,Almost Always,Sometimes,Almost Never,Never,Almost Never,Almost Never,Never,Sometimes,Almost Never,Sometimes,Sometimes,Never,Almost Never,Almost Always,Almost Always,Almost Never,Always,,0,1,55,1,1,1,,120,60,60,60,60,0,0,0,0,0,0,0,0,0,0,120,120,5,60,60,30,0,0,0,0,0,0,0,0,0,0,0,0,0,0,0,0,0,0,0,0,0,0,0,0,0,0,0,0,0,0,0,0,0,0,0,0,0,0,0,0
237,1128,2023-03-21 18:14,R_aVFk6vavzN0wwRb,,,0,0,,Man,,25,Other,Undergraduate Degree,Prefer not to disclose,Production manager ,Full time (30+ hours per week),"$75,000-$99,999/year",41+ hours per week,No,"Instagram,Snapchat,TikTok,YouTube,LinkedIn,Facebook",,"TikTok,Facebook",7-8 hours,Active,Somewhat well-balanced,Prefer not to disclose,Not Applicable,Not Applicable,Not Applicable,Not Applicable,Not Applicable,Not Applicable,Not Applicable,Not Applicable,Not Applicable,Not Applicable,,Seven Times,Seven Times,Five Times,Five Times,Seven Times,,No,No,No,No,No,No,No,No,No,,Sometimes,Sometimes,Rarely,Rarely,Rarely,Very Rarely,Rarely,,Almost Always,Almost Always,Almost Always,Almost Always,Almost Always,Sometimes,Almost Never,Almost Never,Sometimes,Sometimes,Almost Never,Sometimes,Almost Never,Almost Never,Almost Never,Never,Almost Never,Sometimes,Almost Always,Sometimes,Sometimes,,120,87,55,28,23,9,,20,30,20,20,20,20,20,20,0,0,0,0,0,0,0,10,10,5,10,10,10,10,20,20,22,0,0,0,0,0,0,0,0,0,0,0,0,0,0,0,0,0,0,0,0,0,20,20,20,20,30,30,30,0,0,0,0,0,0,0,0
238,2665,2023-03-21 18:14,R_1GODRAqesGdeoVr,,,0,0,,Man,,21,South Asian,Undergraduate Degree,Undergraduate Degree,Student,Student,Prefer not to disclose,0-15 hours per week,Yes,LinkedIn,,"TikTok,Facebook",7-8 hours,Active,Always well-balanced,Prefer not to disclose,Not Applicable,Not Applicable,Not Applicable,Not Applicable,Not Applicable,Not Applicable,Not Applicable,Not Applicable,Not Applicable,Not Applicable,,Seven Times,Seven Times,Seven Times,Seven Times,Seven Times,,No,No,Yes,Yes,No,No,No,Yes,No,,Sometimes,Sometimes,Often,Sometimes,Very Rarely,Very Rarely,Very Rarely,,Always,Almost Always,Always,Sometimes,Almost Always,Always,Never,Never,Almost Always,Almost Never,Sometimes,Almost Never,Almost Never,Sometimes,Almost Always,Never,Sometimes,Sometimes,Always,Never,Sometimes,,120,120,55,120,120,120,,200,60,40,4,2,0,0,0,0,0,0,0,0,0,0,50,40,4,10,5,4,5,4,2,0,0,0,0,0,0,0,0,0,0,0,0,0,0,0,0,0,0,0,0,0,0,200,40,40,20,10,10,5,5,5,0,0,0,0,0,0
239,493,2023-03-21 18:15,R_31Z8aNapZe2aSCp,,,0,0,,Woman,,19,Arab,High School Diploma,Undergraduate Degree,student,Student,"$0-$29,999/year",0-15 hours per week,No,"Instagram,Snapchat,TikTok,YouTube,Pinterest",,"TikTok,Facebook",7-8 hours,Moderate,Mostly well-balanced,Prefer not to disclose,Self-Diagnosis,Self-Diagnosis,Not Applicable,Self-Diagnosis,Not Applicable,Not Applicable,Self-Diagnosis,Not Applicable,Not Applicable,Not Applicable,,Seven Times,Five Times,Five Times,Four Times,Five Times,,No,No,No,No,No,No,No,Yes,Yes,,Often,Sometimes,Sometimes,Sometimes,Sometimes,Sometimes,Often,,Sometimes,Sometimes,Almost Always,Almost Never,Almost Always,Sometimes,Almost Never,Almost Always,Almost Never,Sometimes,Sometimes,Sometimes,Almost Always,Almost Never,Almost Always,Almost Always,Almost Always,Sometimes,Almost Always,Sometimes,Sometimes,,93,72,55,98,90,328,,20,20,10,10,5,5,5,5,6,7,1,0,0,0,0,20,20,1,50,53,10,10,12,13,12,12,12,12,12,12,12,20,20,10,20,10,10,10,12,12,12,12,12,12,12,12,12,12,12,12,12,12,12,12,12,12,12,12,12,12,12
240,664,2023-03-21 18:19,R_p5cgfBhgJbJfdNT,,TRUE,97,0,2023-03-21 22:28,Man,,24,Black/African American,Undergraduate Degree,Undergraduate Degree,student,Student,"$0-$29,999/year",26-40 hours per week,No,"TikTok,YouTube,Twitter,Facebook",,"TikTok,Facebook",7-8 hours,Moderate,Somewhat well-balanced,Prefer not to disclose,Self-Diagnosis,Not Applicable,Not Applicable,Not Applicable,Not Applicable,Not Applicable,Not Applicable,Not Applicable,Not Applicable,Not Applicable,,Seven Times,Seven Times,Seven Times,Seven Times,Seven Times,,No,No,No,Yes,Yes,No,No,Yes,No,,Sometimes,Sometimes,Sometimes,Often,Rarely,Very Rarely,Often,,Almost Always,Sometimes,Almost Always,Almost Always,Almost Always,Sometimes,Never,Almost Never,Sometimes,Almost Always,Almost Always,Never,Almost Never,Almost Always,Never,Never,Almost Always,Almost Always,Almost Always,Never,Sometimes,,90,120,55,120,180,201,,100,60,60,60,30,20,10,0,0,0,0,0,0,0,0,100,90,30,60,60,30,30,10,0,0,0,0,0,0,0,0,0,0,0,0,0,0,0,0,0,0,0,0,0,0,0,100,90,60,60,30,30,10,0,0,0,0,0,0,0,0
241,462,2023-03-21 18:20,R_2zbRmCAN6k3NPOv,,,0,0,,Woman,,22,Chinese,Undergraduate Degree,Undergraduate Degree,student,Part time (less than 30 hours per week),Prefer not to disclose,0-15 hours per week,No,"Instagram,YouTube",,"TikTok,Facebook",7-8 hours,Sedentary,Somewhat well-balanced,Prefer not to disclose,Not Applicable,Not Applicable,Not Applicable,Not Applicable,Not Applicable,Not Applicable,Not Applicable,Not Applicable,Not Applicable,Not Applicable,,Five Times,Four Times,Five Times,Five Times,Five Times,,Yes,No,No,Yes,No,No,No,Yes,No,,Often,Often,Often,Sometimes,Sometimes,Very Rarely,Sometimes,,Almost Always,Almost Always,Almost Always,Almost Always,Almost Always,Almost Always,Almost Always,Sometimes,Almost Always,Almost Always,Almost Always,Sometimes,Almost Never,Almost Never,Almost Always,Almost Never,Almost Always,Almost Always,Always,Almost Always,Almost Always,,17,11,55,10,7,8,,30,60,30,30,30,30,20,20,20,10,10,10,10,5,5,5,5,20,5,5,5,5,5,5,5,5,3,3,0,0,0,10,10,10,10,10,10,10,10,10,10,10,10,10,5,5,50,50,50,50,50,50,50,50,50,50,30,30,30,20,20
242,586,2023-03-21 18:21,R_s6Ys8HtKizytWOB,,,0,0,,Man,,18,Chinese,High School Diploma,Undergraduate Degree,Student,Student,"$0-$29,999/year",26-40 hours per week,No,"Instagram,YouTube,Reddit",,"TikTok,Facebook",7-8 hours,Moderate,Mostly well-balanced,,Not Applicable,Not Applicable,Not Applicable,Not Applicable,Not Applicable,Not Applicable,Not Applicable,Not Applicable,Not Applicable,Not Applicable,,Five Times,Three Times,Never,Seven Times,Six Times,,No,No,No,No,Yes,No,No,No,No,,Sometimes,Often,Rarely,Rarely,Rarely,Very Rarely,Rarely,,Almost Always,Always,Always,Almost Always,Sometimes,Sometimes,Almost Never,Sometimes,Almost Never,Almost Never,Almost Never,Sometimes,Sometimes,Almost Never,Almost Always,Never,Sometimes,Sometimes,Almost Always,Almost Never,Almost Always,,15,8,55,3,1,0,,100,40,10,10,5,0,0,0,0,0,0,0,0,0,0,300,300,5,200,100,50,25,7,4,2,0,0,0,0,0,0,0,0,0,0,0,0,0,0,0,0,0,0,0,0,0,30,30,30,30,30,10,10,5,3,1,0,0,0,0,0
243,833,2023-03-21 18:21,R_ZgDfXPm7aHgumD7,,,0,0,,Woman,,23,Not a visible minority,Undergraduate Degree,Graduate Degree,Elementary Teacher,Part time (less than 30 hours per week),"$0-$29,999/year",16-25 hours per week,No,"TikTok,Facebook,Pinterest",,"TikTok,Facebook",5-6 hours,Moderate,Somewhat well-balanced,Sleep issues,Medical Diagnosis,Self-Diagnosis,Not Applicable,Medical Diagnosis,Not Applicable,Not Applicable,Not Applicable,Not Applicable,Not Applicable,Not Applicable,,Seven Times,Seven Times,Five Times,Seven Times,Five Times,,No,No,No,Yes,Yes,No,No,Yes,No,,Rarely,Rarely,Often,Sometimes,Rarely,Very Rarely,Sometimes,,Almost Always,Almost Always,Sometimes,Sometimes,Almost Always,Almost Always,Almost Never,Almost Never,Almost Never,Almost Always,Almost Always,Sometimes,Almost Never,Almost Always,Sometimes,Almost Never,Almost Always,Sometimes,Almost Always,Almost Never,Sometimes,,300,300,55,300,300,300,,100,60,60,60,60,30,10,10,10,5,0,0,0,0,0,100,100,5,100,60,60,60,30,30,10,5,0,0,0,0,0,0,0,0,0,0,0,0,0,0,0,0,0,0,0,0,150,100,100,100,100,100,50,50,30,15,15,0,0,0,0
244,848,2023-03-21 18:22,R_27apiTvSRJdG5Ep,,,0,0,,Woman,,19,Not a visible minority,High School Diploma,Undergraduate Degree,Student,Student,"$0-$29,999/year",26-40 hours per week,No,"Instagram,Snapchat,TikTok,YouTube,Reddit,Facebook",,"TikTok,Facebook",7-8 hours,Moderate,Somewhat well-balanced,Prefer not to disclose,Medical Diagnosis,Not Applicable,Not Applicable,Medical Diagnosis,Not Applicable,Not Applicable,Not Applicable,Not Applicable,Not Applicable,Not Applicable,,Seven Times,Seven Times,Four Times,Six Times,Five Times,,No,No,Yes,Yes,Yes,No,No,Yes,No,,Often,Sometimes,Often,Sometimes,Sometimes,Very Rarely,Sometimes,,Almost Always,Almost Always,Always,Almost Always,Always,Almost Always,Sometimes,Almost Never,Almost Never,Sometimes,Sometimes,Almost Always,Almost Never,Almost Always,Almost Always,Almost Never,Almost Always,Almost Always,Almost Always,Sometimes,Almost Always,,62,50,55,71,44,29,,50,40,30,30,15,5,5,1,1,0,0,0,0,0,0,30,30,5,2,20,20,10,10,0,0,0,0,0,0,0,0,10,10,10,10,10,5,5,0,0,0,0,0,0,0,0,60,60,50,50,50,15,15,5,0,0,0,0,0,0,0
245,1083,2023-03-21 18:23,R_1DBWMTXb04CxRJt,,,0,0,,Man,,26,Japanese,Undergraduate Degree,Graduate Degree,Masters student,Student,"$0-$29,999/year",0-15 hours per week,No,"Instagram,Snapchat,YouTube,LinkedIn",,"TikTok,Facebook",7-8 hours,Very Active,Always well-balanced,Prefer not to disclose,Not Applicable,Not Applicable,Not Applicable,Not Applicable,Not Applicable,Not Applicable,Not Applicable,Not Applicable,Not Applicable,Not Applicable,,Three Times,Never,Four Times,Two Times,Three Times,,No,No,No,No,No,No,No,No,No,,Sometimes,Sometimes,Sometimes,Rarely,Rarely,Very Rarely,Rarely,,Sometimes,Sometimes,Almost Never,Almost Never,Almost Never,Almost Never,Almost Never,Almost Never,Almost Never,Almost Never,Almost Never,Almost Never,Never,Sometimes,Sometimes,Sometimes,Sometimes,Never,Almost Always,Almost Never,Almost Never,,60,54,55,35,6,4,,100,50,30,20,10,5,3,2,0,0,0,0,0,0,0,100,20,3,15,6,6,3,1,0,0,0,0,0,0,0,0,5,5,5,5,5,2,1,0,0,0,0,0,0,0,0,20,20,10,10,5,3,3,1,0,0,0,0,0,0,0
246,941,2023-03-21 18:25,R_2wLg5J90q47D9PL,,,0,0,,Woman,,28,Not a visible minority,Graduate Degree,PhD,PhD Student,Part time (less than 30 hours per week),"$30,000-$49,999/year",26-40 hours per week,No,"Instagram,Snapchat,TikTok,Twitter,Pinterest",,"TikTok,Facebook",7-8 hours,Active,Mostly well-balanced,Vision issues,Medical Diagnosis,Not Applicable,Not Applicable,Medical Diagnosis,Not Applicable,Not Applicable,Not Applicable,Not Applicable,Not Applicable,Not Applicable,,Six Times,Three Times,Never,Three Times,Three Times,,No,No,No,Yes,Yes,Yes,No,Yes,Yes,,Sometimes,Sometimes,Often,Often,Very Rarely,Very Rarely,Sometimes,,Almost Always,Almost Always,Sometimes,Sometimes,Almost Always,Almost Never,Almost Never,Sometimes,Sometimes,Sometimes,Sometimes,Sometimes,Sometimes,Sometimes,Sometimes,Never,Sometimes,Sometimes,Almost Always,Sometimes,Almost Never,,10,20,55,8,41,65,,5,10,10,10,5,5,0,0,0,0,0,0,0,0,0,30,20,$5.00,10,10,10,10,5,5,0,0,0,0,0,0,0,0,0,0,0,0,0,0,0,0,0,0,0,0,0,0,15,15,10,10,10,10,5,2,0,0,0,0,0,0,0
247,785,2023-03-21 18:27,R_1P1TMCi4s2IE94C,,,0,0,,Woman,,23,Arab,Undergraduate Degree,Undergraduate Degree,Clinical extern ,Part time (less than 30 hours per week),"$0-$29,999/year",0-15 hours per week,No,"Instagram,TikTok,YouTube",,"TikTok,Facebook",7-8 hours,Moderate,Somewhat well-balanced,,Self-Diagnosis,Not Applicable,Not Applicable,Self-Diagnosis,Not Applicable,Not Applicable,Not Applicable,Not Applicable,Not Applicable,Not Applicable,,Two Times,Two Times,Never,Never,Three Times,,No,Yes,No,No,Yes,No,No,No,No,,Rarely,Sometimes,Rarely,Rarely,Very Rarely,Very Rarely,Rarely,,Almost Always,Sometimes,Almost Never,Almost Never,Almost Never,Sometimes,Almost Never,Never,Almost Never,Sometimes,Never,Almost Never,Never,Never,Almost Always,Never,Sometimes,Sometimes,Almost Always,Sometimes,Sometimes,,20,20,55,18,12,6,,120,75,75,70,60,20,5,0,0,0,0,0,0,0,0,120,75,5,30,20,0,0,0,0,0,0,0,0,0,0,0,200,160,100,75,50,20,10,0,0,0,0,0,0,0,0,500,400,300,150,100,50,10,0,0,0,0,0,0,0,0
248,4272,2023-03-21 18:27,R_2A1pYJ7FhQwvBrI,,,0,0,,Man,,19,Chinese,High School Diploma,Undergraduate Degree,student,Student,"$0-$29,999/year",0-15 hours per week,No,"Instagram,Snapchat,TikTok,YouTube,Reddit",,"TikTok,Facebook",9-10 hours,Active,Always well-balanced,,Not Applicable,Not Applicable,Not Applicable,Medical Diagnosis,Not Applicable,Not Applicable,Not Applicable,Not Applicable,Not Applicable,Not Applicable,,Seven Times,Never,Two Times,Five Times,Six Times,,No,No,No,Yes,No,No,No,No,No,,Very Often,Sometimes,Very Rarely,Sometimes,Rarely,Very Rarely,Rarely,,Almost Always,Always,Always,Almost Always,Always,Almost Never,Sometimes,Sometimes,Almost Never,Almost Always,Never,Never,Almost Never,Sometimes,Always,Never,Sometimes,Sometimes,Almost Always,Almost Never,Almost Never,,5,5,55,12,23,260,,250,75,40,10,0,0,0,0,0,0,0,0,0,0,0,250,60,5,40,10,0,0,0,0,0,0,0,0,0,0,0,50,20,10,5,3,0,0,0,0,0,0,0,0,0,0,100,30,15,5,0,0,0,0,0,0,0,0,0,0,0
249,3773,2023-03-21 18:27,R_1FlYrI84ZoRo4V5,,,0,0,,Woman,,21,Chinese,High School Diploma,Undergraduate Degree,Student,Student,"$0-$29,999/year",Prefer not to disclose,No,"Twitter,Reddit,Other",Discord ,"TikTok,Facebook",7-8 hours,Sedentary,Mostly well-balanced,,Medical Diagnosis,Not Applicable,Not Applicable,Medical Diagnosis,Medical Diagnosis,Not Applicable,Medical Diagnosis,Not Applicable,Not Applicable,Not Applicable,,Seven Times,Seven Times,Four Times,Seven Times,Five Times,,No,No,No,No,No,No,No,No,No,,Rarely,Very Rarely,Very Rarely,Very Rarely,Very Rarely,Very Rarely,Rarely,,Sometimes,Always,Always,Almost Never,Sometimes,Sometimes,Almost Never,Almost Never,Never,Never,Never,Never,Almost Never,Sometimes,Sometimes,Never,Sometimes,Sometimes,Almost Always,Almost Never,Sometimes,,10,11,55,15,0,0,,100,60,30,15,10,0,0,0,0,0,0,0,0,0,0,1000,1000,5,100,10,5,0,0,0,0,0,0,0,0,0,0,100,60,50,10,5,0,0,0,0,0,0,0,0,0,0,0,0,0,0,0,0,0,0,0,0,0,0,0,0,0
250,937,2023-03-21 18:29,R_2qwmRcnblKCO9mp,,,0,0,,Woman,,22,Not a visible minority,High School Diploma,Undergraduate Degree,Student,Student,"$0-$29,999/year",0-15 hours per week,No,"Instagram,Snapchat,TikTok,YouTube",,"TikTok,Facebook",7-8 hours,Moderate,Somewhat well-balanced,Sleep issues,Medical Diagnosis,Not Applicable,Not Applicable,Medical Diagnosis,Not Applicable,Not Applicable,Medical Diagnosis,Self-Diagnosis,Self-Diagnosis,Not Applicable,,Seven Times,Six Times,Five Times,Six Times,Six Times,,No,No,Yes,Yes,Yes,No,No,Yes,No,,Sometimes,Very Often,Very Often,Very Often,Often,Very Rarely,Very Often,,Always,Almost Always,Almost Always,Always,Always,Sometimes,Never,Almost Always,Almost Never,Never,Almost Always,Almost Never,Sometimes,Always,Never,Never,Almost Always,Sometimes,Almost Always,Never,Sometimes,,60,45,55,20,5,5,,30,30,20,10,10,5,0,0,0,0,0,0,0,0,0,30,45,5,45,30,20,15,5,0,0,0,0,0,0,0,0,10,10,5,5,0,0,0,0,0,0,0,0,0,0,0,75,75,60,60,45,20,10,5,0,0,0,0,0,0,0
251,660,2023-03-21 18:32,R_1giNt5JgrbJaFa5,,,0,0,,Man,,21,Hispanic/Latin American,Undergraduate Degree,Undergraduate Degree,Student,Part time (less than 30 hours per week),"$0-$29,999/year",0-15 hours per week,Yes,"Instagram,Snapchat,YouTube,LinkedIn,Reddit,Facebook",,"TikTok,Facebook",7-8 hours,Moderate,Somewhat well-balanced,Prefer not to disclose,Not Applicable,Not Applicable,Not Applicable,Not Applicable,Not Applicable,Not Applicable,Not Applicable,Not Applicable,Not Applicable,Not Applicable,,Seven Times,Six Times,Seven Times,Seven Times,Seven Times,,No,No,No,No,No,No,No,No,No,,Very Rarely,Very Rarely,Very Rarely,Very Rarely,Very Rarely,Very Rarely,Sometimes,,Almost Always,Almost Never,Almost Always,Always,Always,Almost Always,Almost Never,Never,Never,Almost Never,Never,Never,Never,Never,Sometimes,Never,Sometimes,Sometimes,Almost Always,Never,Never,,144,280,55,485,569,600,,15,0,0,0,0,0,0,0,0,0,0,0,0,0,0,30,10,0,0,0,0,0,0,0,0,0,0,0,0,0,0,0,0,0,0,0,0,0,0,0,0,0,0,0,0,0,0,0,0,0,0,0,0,0,0,0,0,0,0,0,0
252,1298,2023-03-21 18:32,R_1pQjSMg8m5vUV0i,,,0,0,,Woman,,23,Chinese,Undergraduate Degree,Undergraduate Degree,Ontario Certified Teacher,Part time (less than 30 hours per week),"$30,000-$49,999/year",0-15 hours per week,No,"Instagram,Snapchat,YouTube,Twitter,Facebook",,"TikTok,Facebook",7-8 hours,Active,Mostly well-balanced,Vision issues,Self-Diagnosis,Not Applicable,Not Applicable,Self-Diagnosis,Not Applicable,Not Applicable,Self-Diagnosis,Not Applicable,Not Applicable,Not Applicable,,Seven Times,Never,Never,Two Times,Four Times,,No,No,No,Yes,No,No,No,Yes,No,,Sometimes,Sometimes,Sometimes,Often,Rarely,Rarely,Sometimes,,Sometimes,Almost Always,Always,Sometimes,Almost Always,Sometimes,Almost Never,Almost Never,Sometimes,Sometimes,Sometimes,Almost Never,Sometimes,Sometimes,Almost Always,Almost Never,Almost Always,Almost Always,Almost Always,Sometimes,Sometimes,,20,30,55,40,50,50,,120,6,8,7.5,10,20,45,90,150,175,350,700,0,0,0,0.15,0.75,10,1.95,3,5,10,15,30,55,175,350,700,0,0,0,0,0,0,0,0,0,0,0,0,0,0,0,0,0,0,1,5,13,25,50,75,150,300,385,350,350,700,0,0,0
253,662,2023-03-21 18:32,R_0ktDVGhdRpTXcxr,,,0,0,,Woman,,21,Not a visible minority,Undergraduate Degree,Undergraduate Degree,Student,Student,"$0-$29,999/year",0-15 hours per week,No,"Instagram,Snapchat,TikTok",,"TikTok,Facebook",7-8 hours,Very Active,Somewhat well-balanced,,Medical Diagnosis,Medical Diagnosis,Not Applicable,Medical Diagnosis,Self-Diagnosis,Not Applicable,Self-Diagnosis,Not Applicable,Not Applicable,Not Applicable,,Seven Times,Never,Seven Times,Two Times,Seven Times,,Yes,Yes,Yes,No,No,No,No,Yes,No,,Often,Often,Very Often,Very Rarely,Often,Very Rarely,Very Rarely,,Always,Sometimes,Always,Almost Never,Always,Never,Almost Never,Never,Never,Almost Always,Always,Never,Sometimes,Always,Always,Never,Sometimes,Always,Almost Always,Sometimes,Sometimes,,20,20,55,10,2,0,,100,20,20,0,0,0,0,0,0,0,0,0,0,0,0,180,180,5,180,180,180,180,120,120,100,60,30,20,0,0,0,0,0,0,0,0,0,0,0,0,0,0,0,0,0,0,180,180,120,100,100,60,60,30,20,0,0,0,0,0,0
254,841,2023-03-21 18:36,R_1JFyXr9Jvlc1u4t,,,0,0,,Woman,,23,Not a visible minority,Undergraduate Degree,Graduate Degree,Student,Part time (less than 30 hours per week),"$30,000-$49,999/year",26-40 hours per week,No,"Instagram,TikTok,YouTube,Facebook",,"TikTok,Facebook",7-8 hours,Active,Mostly well-balanced,,,,,,,,,,,,,Seven Times,Seven Times,Three Times,Seven Times,Six Times,,No,No,No,Yes,No,No,No,No,No,,Often,Often,Rarely,Sometimes,Rarely,Very Rarely,Rarely,,Almost Always,Almost Always,Almost Always,Almost Always,Almost Never,Almost Always,Sometimes,Never,Almost Never,Sometimes,Never,Almost Never,Sometimes,Sometimes,Sometimes,Never,Sometimes,Sometimes,Almost Always,Sometimes,Almost Never,,10,10,55,4,5,0,,50,15,15,10,5,5,5,0,0,0,0,0,0,0,0,15,10,5,5,0,0,0,0,0,0,0,0,0,0,0,0,0,0,0,0,0,0,0,0,0,0,0,0,0,0,0,30,30,30,20,20,10,5,0,0,0,0,0,0,0,0
255,1181,2023-03-21 18:36,R_2aKO7ADuyocNztn,,,0,0,,Woman,,22,Not a visible minority,Graduate Degree,Graduate Degree,n/a,Student,Prefer not to disclose,16-25 hours per week,No,"Instagram,YouTube",,"TikTok,Facebook",5-6 hours,Sedentary,Always well-balanced,Vision issues,Medical Diagnosis,Not Applicable,Not Applicable,Medical Diagnosis,Not Applicable,Not Applicable,Not Applicable,Not Applicable,Not Applicable,Not Applicable,,Seven Times,Seven Times,Seven Times,Seven Times,One Time,,No,Yes,Yes,No,No,No,No,No,No,,Rarely,Sometimes,Sometimes,Very Rarely,Sometimes,Very Rarely,Very Rarely,,Almost Always,Almost Always,Almost Always,Almost Always,Sometimes,Almost Always,Almost Always,Almost Always,Almost Always,Almost Always,Almost Always,Almost Always,Almost Always,Almost Always,Almost Always,Almost Always,Almost Always,Almost Always,Almost Always,Sometimes,Sometimes,,19,81,55,180,228,264,,0,0,0,0,0,0,0,0,0,0,0,0,0,0,0,5,0,5,1,0,0,0,0,0,0,0,0,0,0,0,0,0,0,0,0,0,0,0,0,0,0,0,0,0,0,0,10,5,0,0,0,0,0,0,0,0,0,0,0,0,0
256,1848,2023-03-21 18:42,R_3F2o6ftTrKKZ5Bx,,,0,0,,Woman,,19,Black/African American,High School Diploma,Undergraduate Degree,N/A,Student,"$0-$29,999/year",26-40 hours per week,No,"Instagram,TikTok,YouTube,LinkedIn,Twitter,Reddit",,"TikTok,Facebook",5-6 hours,Moderate,Mostly well-balanced,,Self-Diagnosis,Not Applicable,Not Applicable,Not Applicable,Not Applicable,Not Applicable,Self-Diagnosis,Not Applicable,Not Applicable,Not Applicable,,Seven Times,One Time,Seven Times,Seven Times,Seven Times,,No,No,No,Yes,Yes,No,Yes,Yes,Yes,,Sometimes,Sometimes,Often,Very Rarely,Sometimes,Very Rarely,Often,,Always,Almost Always,Almost Always,Never,Always,Almost Never,Sometimes,Almost Always,Sometimes,Almost Never,Sometimes,Never,Almost Never,Almost Never,Sometimes,Never,Almost Always,Sometimes,Almost Always,Almost Never,Sometimes,,120,135,55,75,50,25,,1.2,1.5,1.95,1.25 (i have been reading the previous questions wrong),2,1,1,0,0,0,0,0,0,0,0,300,180,5,60,50,30,15,15,15,5,1,0,0,0,0,0,0,0,0,0,0,0,0,0,0,0,0,0,0,0,0,0,0,0,0,0,0,0,0,0,0,0,0,0,0,0
257,1190,2023-03-21 18:43,R_3ObfiNp5eA8ZRaF,,,0,0,,Woman,,19,Arab,Undergraduate Degree,Undergraduate Degree,Pharmacy assistant,Part time (less than 30 hours per week),"$30,000-$49,999/year",16-25 hours per week,No,"Instagram,Snapchat,TikTok",,"TikTok,Facebook",5-6 hours,Active,Mostly well-balanced,Prefer not to disclose,Not Applicable,Not Applicable,Not Applicable,Not Applicable,Not Applicable,Not Applicable,Not Applicable,Not Applicable,Not Applicable,Not Applicable,,Seven Times,Three Times,Three Times,Three Times,Four Times,,No,Yes,No,Yes,Yes,No,Yes,No,No,,Sometimes,Rarely,Rarely,Sometimes,Rarely,Very Rarely,Rarely,,Almost Always,Sometimes,Sometimes,Almost Always,Sometimes,Almost Never,Almost Always,Almost Always,Almost Never,Sometimes,Sometimes,Sometimes,Almost Always,Almost Always,Sometimes,Almost Always,Almost Always,Sometimes,Almost Always,Sometimes,Almost Always,,249,205,52,334,146,211,,120,120,120,120,100,60,20,3,0,9,1,0,0,0,0,120,120,5,120,120,120,120,60,0,0,0,0,0,0,0,0,120,0,0,0,0,0,0,0,0,0,0,0,0,0,0,0,0,0,0,0,0,0,0,0,0,0,0,0,0,0
258,786,2023-03-21 18:45,R_25MF7zoMKLBZk6W,,,0,0,,Woman,,18,Not a visible minority,High School Diploma,Undergraduate Degree,Student,Part time (less than 30 hours per week),"$0-$29,999/year",0-15 hours per week,No,"Instagram,Snapchat,TikTok,YouTube,Facebook",,"TikTok,Facebook",7-8 hours,Active,Somewhat well-balanced,Prefer not to disclose,Not Applicable,Not Applicable,Not Applicable,Not Applicable,Not Applicable,Not Applicable,Not Applicable,Not Applicable,Not Applicable,Not Applicable,,Six Times,Four Times,Seven Times,Four Times,Six Times,,No,No,Yes,Yes,Yes,No,No,Yes,No,,Rarely,Often,Sometimes,Often,Sometimes,Rarely,Sometimes,,Almost Always,Always,Almost Always,Almost Always,Sometimes,Almost Always,Sometimes,Sometimes,Sometimes,Sometimes,Sometimes,Almost Always,Almost Never,Sometimes,Almost Always,Never,Sometimes,Almost Always,Almost Always,Sometimes,Almost Always,,33,27,55,8,6,0,,1000,500,500,300,200,10,10,4,0,0,0,0,0,0,0,1000,800,100,100,300,200,100,50,40,10,6,2,1,0,0,0,0,0,0,0,0,0,0,0,0,0,0,0,0,0,0,1000,800,700,300,200,100,35,30,10,4,2,1,0,0,0
259,783,2023-03-21 18:46,R_2Yy4SwAo3oelP2V,,,0,0,,Woman,,20,South Asian,High School Diploma,Undergraduate Degree,Supervisor at Panera,Student,"$0-$29,999/year",16-25 hours per week,No,"Instagram,Snapchat,Other",Discord,"TikTok,Facebook",Less than 4 hours,Moderate,Poor,Sleep issues,Medical Diagnosis,Not Applicable,Not Applicable,Medical Diagnosis,Not Applicable,Not Applicable,Not Applicable,Not Applicable,Not Applicable,Not Applicable,,Seven Times,Seven Times,Four Times,Seven Times,Seven Times,,No,No,No,Yes,Yes,No,No,No,No,,Very Rarely,Very Rarely,Very Rarely,Very Often,Rarely,Very Rarely,Often,,Always,Always,Always,Almost Always,Always,Sometimes,Almost Never,Almost Never,Almost Never,Never,Never,Sometimes,Almost Never,Almost Always,Sometimes,Never,Almost Always,Sometimes,Almost Always,Sometimes,Sometimes,,59,63,55,29,0,0,,300,300,0,0,0,0,0,0,0,0,0,0,0,0,0,0,240,5,240,240,240,0,0,0,0,0,0,0,0,0,0,0,0,0,0,0,0,0,0,0,0,0,0,0,0,0,0,0,0,0,0,0,0,0,0,0,0,0,0,0,0
260,809,2023-03-21 18:47,R_24qGzXkH2LaoLcU,,,0,0,,Woman,,25,Not a visible minority,Graduate Degree,PhD,student,Student,"$0-$29,999/year",26-40 hours per week,No,"Instagram,TikTok,Twitter",,"TikTok,Facebook",7-8 hours,Moderate,Mostly well-balanced,,Not Applicable,Not Applicable,Not Applicable,Not Applicable,Not Applicable,Not Applicable,Not Applicable,Not Applicable,Not Applicable,Not Applicable,,Seven Times,Five Times,Four Times,Seven Times,Five Times,,No,No,No,Yes,Yes,No,No,Yes,No,,Sometimes,Sometimes,Sometimes,Sometimes,Very Rarely,Rarely,Rarely,,Always,Always,Always,Sometimes,Sometimes,Sometimes,Almost Never,Almost Never,Sometimes,Almost Never,Sometimes,Never,Never,Sometimes,Almost Never,Never,Sometimes,Almost Always,Almost Always,Sometimes,Almost Always,,30,30,55,30,5,0,,100,30,15,0,0,0,0,0,0,0,0,0,0,0,0,60,30,5,10,0,0,0,0,0,0,0,0,0,0,0,0,0,0,0,0,0,0,0,0,0,0,0,0,0,0,0,100,30,0,0,0,0,0,0,0,0,0,0,0,0,0
261,1082,2023-03-21 18:47,R_1gwMy69M3y6KJXk,,,0,75,,Woman,,26,Not a visible minority,Graduate Degree,Graduate Degree,Student,Student,"$0-$29,999/year",0-15 hours per week,No,"Instagram,Snapchat,TikTok,Facebook,Pinterest",,"TikTok,Facebook",7-8 hours,Sedentary,Mostly well-balanced,,Medical Diagnosis,Not Applicable,Not Applicable,Medical Diagnosis,Medical Diagnosis,Not Applicable,Self-Diagnosis,Not Applicable,Not Applicable,Not Applicable,,Seven Times,Seven Times,Three Times,Five Times,Seven Times,,No,No,No,Yes,Yes,No,No,Yes,No,,Rarely,Very Rarely,Very Often,Often,Very Rarely,Very Rarely,Very Rarely,,Almost Always,Almost Always,Sometimes,Almost Never,Almost Always,Sometimes,Never,Sometimes,Almost Never,Never,Almost Always,Sometimes,Sometimes,Almost Always,Never,Never,Almost Always,Sometimes,Almost Always,Almost Never,Almost Always,,150,127,55,100,93,303,,90,60,30,0,0,0,0,0,0,0,0,0,0,0,0,60,30,5,15,5,2,1,0,0,0,0,0,0,0,0,0,0,0,0,0,0,0,0,0,0,0,0,0,0,0,0,120,90,60,10,2,0,0,0,0,0,0,0,0,0,0
262,1350,2023-03-21 18:48,R_2zOc69uDOnkN3Xi,,,0,0,,Non-binary / third gender,,24,Not a visible minority,Undergraduate Degree,Graduate Degree,Student ,Student,"$30,000-$49,999/year",41+ hours per week,No,"Snapchat,TikTok",,"TikTok,Facebook",5-6 hours,Moderate,Mostly well-balanced,,Medical Diagnosis,Medical Diagnosis,Self-Diagnosis,Medical Diagnosis,Not Applicable,Not Applicable,Medical Diagnosis,Not Applicable,Not Applicable,Not Applicable,,One Time,Never,Two Times,Never,Never,,No,No,No,No,No,No,No,Yes,No,,Sometimes,Very Rarely,Sometimes,Rarely,Very Rarely,Very Rarely,Sometimes,,Sometimes,Almost Always,Almost Always,Almost Always,Almost Always,Almost Always,Almost Never,Almost Never,Never,Never,Sometimes,Never,Almost Always,Sometimes,Sometimes,Never,Almost Always,Sometimes,Almost Always,Almost Never,Almost Always,,5,9,55,9,0,0,,0,0,0,0,0,0,0,0,0,0,0,0,0,0,0,180,120,120,120,45,30,5,0,0,0,0,0,0,0,0,0,0,0,0,0,0,0,0,0,0,0,0,0,0,0,0,500,250,100,50,25,15,9,2,1,0,0,0,0,0,0
263,454,2023-03-21 18:48,R_spW7kiglupgbhjr,,TRUE,88,0,2023-03-21 22:43,Man,,25,South Asian,Undergraduate Degree,Graduate Degree,studnt,Full time (30+ hours per week),"$0-$29,999/year",0-15 hours per week,No,"Instagram,YouTube",,"TikTok,Facebook",7-8 hours,Sedentary,Poor,Vision issues,Self-Diagnosis,Not Applicable,Self-Diagnosis,Self-Diagnosis,Not Applicable,Not Applicable,Not Applicable,Not Applicable,Not Applicable,Not Applicable,,Seven Times,Seven Times,Seven Times,Seven Times,Seven Times,,Yes,No,Yes,Yes,Yes,No,Yes,Yes,Yes,,Often,Very Often,Often,Sometimes,Often,Very Often,Sometimes,,Sometimes,Almost Always,Sometimes,Sometimes,Almost Never,Almost Never,Almost Never,Almost Never,Almost Never,Sometimes,Sometimes,Sometimes,Almost Always,Almost Always,Sometimes,Almost Always,Almost Always,Sometimes,Almost Always,Almost Always,Almost Always,,157,49,55,50,90,74,,100,10,100,120,200,200,210,0,1,1,1,1,1,1,1,10,20,20,40,50,60,50,1,1,1,1,1,1,1,1,1,1,20,100,100,10,4,1,1,1,1,1,1,1,1,1,100,100,20,10,10,1,1,1,1,1,1,1,1,1,1
264,499,2023-03-21 18:48,R_3frOXH3rZGvqskC,,,0,0,,Man,,30,West Asian,Graduate Degree,Graduate Degree,Machine Learning Engineer,Full time (30+ hours per week),"$75,000-$99,999/year",26-40 hours per week,Yes,"YouTube,LinkedIn,Twitter",,"TikTok,Facebook",7-8 hours,Sedentary,Somewhat well-balanced,Vision issues,Self-Diagnosis,Self-Diagnosis,Not Applicable,Self-Diagnosis,Not Applicable,Not Applicable,Not Applicable,Not Applicable,Not Applicable,Not Applicable,,Seven Times,Six Times,Five Times,Seven Times,Five Times,,Yes,No,Yes,Yes,Yes,Yes,No,Yes,No,,Very Rarely,Rarely,Sometimes,Sometimes,Sometimes,Rarely,Sometimes,,Almost Never,Almost Always,Almost Always,Almost Always,Sometimes,Almost Always,Sometimes,Sometimes,Almost Always,Almost Always,Sometimes,Almost Always,Almost Always,Sometimes,Almost Always,Almost Always,Almost Always,Sometimes,Almost Always,Almost Always,Almost Always,,131,355,55,298,192,479,,10,5,20,40,100,100,5,6,120,20,40,50,10,30,20,1,2,2,2,2,2,2,2,2,2,2,2,2,2,2,2,2,2,2,2,2,2,2,2,2,2,2,2,2,2,2,2,2,2,2,2,2,2,2,2,2,2,2,2,2,2
265,1003,2023-03-21 18:48,R_3HBJaT6peIr4TZG,,,0,0,,Man,,28,South Asian,Undergraduate Degree,Graduate Degree,Business Analyst ,Full time (30+ hours per week),"$50,000-$74.999/year",26-40 hours per week,No,"Instagram,Snapchat,TikTok,YouTube,LinkedIn,Facebook",,"TikTok,Facebook",5-6 hours,Moderate,Mostly well-balanced,Prefer not to disclose,Not Applicable,Not Applicable,Not Applicable,Not Applicable,Not Applicable,Not Applicable,Not Applicable,Not Applicable,Not Applicable,Not Applicable,,Four Times,One Time,Five Times,Five Times,Five Times,,No,No,No,Yes,No,No,No,No,No,,Very Rarely,Very Rarely,Very Rarely,Very Rarely,Very Rarely,Very Rarely,Very Rarely,,Never,Never,Never,Never,Never,Never,Never,Almost Never,Never,Never,Never,Never,Never,Never,Never,Never,Never,Never,Never,Never,Never,,5,5,55,10,0,7,,0,0,0,0,0,0,0,0,0,0,0,0,0,0,0,0,0,0,0,0,0,0,0,0,0,0,0,0,0,0,0,0,0,0,0,0,0,0,0,0,0,0,0,0,0,0,0,0,0,0,0,0,0,0,0,0,0,0,0,0,0
266,616,2023-03-21 18:48,R_1dgkMTStfkB3a0w,,,0,75,,Man,,33,Chinese,Graduate Degree,Undergraduate Degree,CTF BScN,Part time (less than 30 hours per week),"$30,000-$49,999/year",16-25 hours per week,No,"Instagram,YouTube",,"TikTok,Facebook",7-8 hours,Moderate,Somewhat well-balanced,,Not Applicable,Not Applicable,Not Applicable,Not Applicable,Not Applicable,Not Applicable,Not Applicable,Not Applicable,Not Applicable,Not Applicable,,Seven Times,Seven Times,Seven Times,Three Times,Seven Times,,Yes,No,No,No,No,Yes,No,No,No,,Sometimes,Sometimes,Sometimes,Sometimes,Sometimes,Sometimes,Sometimes,,Almost Always,Almost Always,Almost Always,Almost Always,Almost Always,Almost Always,Almost Always,Sometimes,Sometimes,Sometimes,Sometimes,Sometimes,Never,Sometimes,Sometimes,Never,Never,Almost Never,Always,Sometimes,Sometimes,,5,10,55,10,10,10,,10,10,10,5,5,2,1,0,0,0,0,0,0,0,0,100,100,5,100,50,10,0,0,0,0,0,0,0,0,0,0,0,0,0,0,0,0,0,0,0,0,0,0,0,0,0,10,10,10,10,5,0,0,0,0,0,0,0,0,0,0
267,1850,2023-03-21 18:48,R_1hLo7My3vNnTnU8,,,0,0,,Woman,,23,Chinese,Undergraduate Degree,Graduate Degree,Grad student ,Student,"$0-$29,999/year",0-15 hours per week,No,"Instagram,TikTok,YouTube,Twitter,Facebook",,"TikTok,Facebook",7-8 hours,Active,Mostly well-balanced,Sleep issues,Not Applicable,Not Applicable,Self-Diagnosis,Not Applicable,Not Applicable,Not Applicable,Not Applicable,Not Applicable,Not Applicable,Not Applicable,,Seven Times,Seven Times,Four Times,Seven Times,Seven Times,,No,No,No,No,No,No,No,Yes,No,,Sometimes,Sometimes,Often,Sometimes,Rarely,Very Rarely,Rarely,,Almost Always,Almost Always,Always,Always,Almost Always,Almost Always,Almost Always,Almost Always,Almost Always,Sometimes,Sometimes,Almost Never,Almost Never,Almost Always,Almost Always,Never,Almost Always,Almost Always,Almost Always,Never,Always,,193,241,55,189,316,306,,30,60,45,35,25,30,2,60,70,30,2,56,44,55,2,0,0,0,20,1,20,22,30,2,50,25,60,20,23,22,1,20,30,30,24,55,80,44,90,24,13,30,25,56,45,45,66,74,4,45,100,4,35,6,45,23,45,13,13,13,24
268,1324,2023-03-21 18:51,R_3hfDm0AnSd2Z27U,,,0,0,,Man,,20,Not a visible minority,High School Diploma,Undergraduate Degree,Student,Student,"$0-$29,999/year",Prefer not to disclose,No,"Instagram,TikTok,YouTube,Twitter",,"TikTok,Facebook",7-8 hours,Sedentary,Somewhat well-balanced,Prefer not to disclose,Self-Diagnosis,Not Applicable,Not Applicable,Self-Diagnosis,Not Applicable,Not Applicable,Not Applicable,Not Applicable,Not Applicable,Not Applicable,,Four Times,Seven Times,Seven Times,Never,Seven Times,,No,No,No,Yes,Yes,No,No,Yes,No,,Rarely,Rarely,Very Often,Sometimes,Very Rarely,Very Rarely,Very Rarely,,Almost Always,Always,Almost Always,Almost Always,Almost Always,Almost Never,Never,Never,Almost Always,Never,Almost Always,Almost Never,Never,Almost Always,Never,Almost Never,Almost Always,Sometimes,Almost Always,Almost Never,Almost Always,,5,3,55,2,0,0,,200,60,20,10,5,0,0,0,0,0,0,0,0,0,0,300,100,5,35,20,15,7,2,1,0,0,0,0,0,0,0,0,0,0,0,0,0,0,0,0,0,0,0,0,0,0,600,200,100,40,20,15,5,0,0,0,0,0,0,0,0
269,909,2023-03-21 18:52,R_R2lSFCkESlR2VuV,,,0,0,,Woman,,20,Other,Undergraduate Degree,Undergraduate Degree,Part time worker,Part time (less than 30 hours per week),"$0-$29,999/year",0-15 hours per week,No,"Instagram,Snapchat,TikTok,LinkedIn,Facebook",,"TikTok,Facebook",7-8 hours,Moderate,Somewhat well-balanced,Vision issues,Medical Diagnosis,Not Applicable,Not Applicable,Not Applicable,Not Applicable,Not Applicable,Not Applicable,Not Applicable,Not Applicable,Not Applicable,,Five Times,Two Times,Two Times,Four Times,Four Times,,No,No,No,Yes,No,No,No,Yes,No,,Sometimes,Rarely,Rarely,Sometimes,Rarely,Very Rarely,Rarely,,Sometimes,Almost Always,Almost Always,Almost Always,Sometimes,Sometimes,Sometimes,Almost Never,Sometimes,Almost Never,Almost Never,Sometimes,Almost Never,Almost Never,Sometimes,Never,Sometimes,Sometimes,Almost Always,Sometimes,Almost Always,,19,19,55,102,0,0,,100,50,30,20,10,0,0,0,0,0,0,0,0,0,0,100,90,$5.00,60,30,10,0,0,0,0,0,0,0,0,0,0,30,30,30,20,15,5,0,0,0,0,0,0,0,0,0,100,70,50,30,25,15,1,0,0,0,0,0,0,0,0
270,935,2023-03-21 18:54,R_3mfYrgPm6HRJ3Zb,,,0,0,,Woman,,26,Not a visible minority,High School Diploma,Undergraduate Degree,Server,Student,"$0-$29,999/year",0-15 hours per week,No,"Instagram,TikTok,Pinterest",,"TikTok,Facebook",7-8 hours,Moderate,Poor,Vision issues,Medical Diagnosis,Self-Diagnosis,Self-Diagnosis,Medical Diagnosis,Self-Diagnosis,Not Applicable,Medical Diagnosis,Not Applicable,Not Applicable,Not Applicable,,Seven Times,Seven Times,Seven Times,Seven Times,Seven Times,,Yes,Yes,Yes,Yes,Yes,Yes,No,Yes,Yes,,Often,Often,Very Often,Very Often,Very Often,Very Rarely,Often,,Sometimes,Sometimes,Sometimes,Almost Always,Almost Always,Almost Never,Almost Never,Sometimes,Almost Always,Almost Always,Almost Always,Almost Never,Sometimes,Almost Always,Almost Always,Never,Sometimes,Almost Never,Almost Always,Sometimes,Almost Always,,20,31,55,45,60,19,,600,400,155,80,40,20,15,0,0,0,0,0,0,0,0,400,200,5,175,60,30,20,0,0,0,0,0,0,0,0,0,0,0,0,0,0,0,0,0,0,0,0,0,0,0,0,400,200,120,60,30,20,0,0,0,0,0,0,0,0,0
271,862,2023-03-21 18:55,R_3e1YCrVceHMr3g3,,,0,0,,Woman,,20,Black/African American,High School Diploma,Undergraduate Degree,Housekeeper ,Student,"$0-$29,999/year",0-15 hours per week,No,"Instagram,Snapchat,TikTok",,"TikTok,Facebook",5-6 hours,Sedentary,Poor,Prefer not to disclose,Self-Diagnosis,Not Applicable,Not Applicable,Self-Diagnosis,Not Applicable,Not Applicable,Self-Diagnosis,Not Applicable,Not Applicable,Not Applicable,,Seven Times,Seven Times,Seven Times,Seven Times,Seven Times,,Yes,No,Yes,Yes,Yes,No,No,Yes,No,,Very Often,Often,Very Often,Often,Very Often,Very Rarely,Often,,Always,Sometimes,Sometimes,Sometimes,Sometimes,Almost Always,Always,Almost Never,Never,Almost Never,Always,Sometimes,Sometimes,Almost Always,Almost Always,Never,Always,Sometimes,Almost Always,Always,Almost Never,,181,167,55,129,61,0,,240,240,250,120,120,100,30,25,10,15,0,0,0,0,0,240,5,5,0,0,0,0,0,0,0,0,0,0,0,0,0,60,60,60,60,50,25,20,10,3,1,0,0,0,0,0,1000,500,500,250,175,100,10,10,10,5,2,0,0,0,0
272,818,2023-03-21 18:58,R_10JGtFWUmQi4poR,,,0,0,,Woman,,22,Chinese,Undergraduate Degree,Undergraduate Degree,Student ,Student,"$0-$29,999/year",0-15 hours per week,No,"Instagram,Snapchat,TikTok,YouTube,Facebook",,"TikTok,Facebook",7-8 hours,Moderate,Mostly well-balanced,Vision issues,Not Applicable,Not Applicable,Not Applicable,Not Applicable,Not Applicable,Not Applicable,Not Applicable,Not Applicable,Not Applicable,Not Applicable,,Seven Times,Seven Times,Four Times,Seven Times,Four Times,,No,Yes,Yes,No,No,No,No,Yes,No,,Sometimes,Rarely,Sometimes,Rarely,Sometimes,Very Rarely,Very Often,,Always,Always,Always,Always,Always,Almost Always,Always,Sometimes,Sometimes,Sometimes,Almost Always,Almost Always,Never,Always,Almost Always,Never,Sometimes,Almost Always,Almost Always,Sometimes,Always,,16,23,55,36,48,54,,100,100,100,50,20,5,5,3,2,1,0,0,0,0,0,10,10,5,10,10,5,1,1,1,0,0,0,0,0,I’m ,0,100,50,20,20,10,5,2,1,0,0,0,0,0,0,0,10,10,10,10,10,5,5,2,1,0,0,0,0,0,0
273,5227,2023-03-21 18:58,R_1hZvraRJFbBzNn7,,,0,0,,Woman,,24,Not a visible minority,Graduate Degree,Graduate Degree,Clinical research associate,Full time (30+ hours per week),"$50,000-$74.999/year",26-40 hours per week,No,"Instagram,Snapchat,TikTok,YouTube,LinkedIn,Twitter,Facebook",,"TikTok,Facebook",7-8 hours,Moderate,Mostly well-balanced,Prefer not to disclose,Not Applicable,Not Applicable,Not Applicable,Not Applicable,Not Applicable,Not Applicable,Not Applicable,Not Applicable,Not Applicable,Not Applicable,,Seven Times,Never,Two Times,Seven Times,Four Times,,No,No,No,No,No,No,No,No,No,,Very Rarely,Very Rarely,Very Rarely,Very Rarely,Very Rarely,Very Rarely,Very Rarely,,Sometimes,Almost Always,Always,Almost Always,Sometimes,Almost Always,Sometimes,Almost Never,Sometimes,Almost Always,Never,Sometimes,Never,Sometimes,Sometimes,Never,Never,Sometimes,Almost Always,Never,Never,,183,262,55,345,270,316,,5,5,5,5,5,10,5,5,5,1,0,0,0,0,0,100,100,50,I100,100,100,50,10,5,2,1,0,0,0,0,0,0,0,0,0,0,0,0,0,0,0,0,0,0,0,0,100,100,100,100,100,100,50,50,10,2,0,0,0,0,0
274,1087,2023-03-21 18:59,R_aVo1BE4On8vZFkZ,,,0,0,,Woman,,43,Hispanic/Latin American,Graduate Degree,PhD,Student,Student,"$0-$29,999/year",16-25 hours per week,No,"Instagram,YouTube,Twitter,Facebook,Other",BeReal,"TikTok,Facebook",7-8 hours,Sedentary,Somewhat well-balanced,Vision issues,Self-Diagnosis,Not Applicable,Not Applicable,Not Applicable,Not Applicable,Not Applicable,Not Applicable,Not Applicable,Not Applicable,Not Applicable,,Seven Times,Seven Times,Seven Times,Seven Times,Seven Times,,Yes,Yes,Yes,Yes,Yes,Yes,Yes,Yes,Yes,,Very Often,Very Often,Very Often,Often,Often,Very Rarely,Very Often,,Almost Always,Almost Always,Sometimes,Almost Always,Almost Always,Almost Always,Sometimes,Sometimes,Sometimes,Always,Always,Almost Always,Sometimes,Always,Always,Never,Always,Almost Always,Almost Always,Sometimes,Always,,30,60,55,90,90,90,,120,30,15,5,3,1,0,0,0,0,0,0,0,0,0,300,300,5,100,60,30,15,5,2,1,1,0,0,0,0,0,20,20,10,10,5,5,2,1,1,0,0,0,0,0,0,120,120,90,60,30,15,5,2,1,0,0,0,0,0,0
275,742,2023-03-21 18:59,R_1ffocmABvm2gxCt,,,0,0,,Woman,,20,South Asian,High School Diploma,Undergraduate Degree,part time employed,Part time (less than 30 hours per week),"$0-$29,999/year",0-15 hours per week,No,"Instagram,YouTube,Reddit",,"TikTok,Facebook",5-6 hours,Sedentary,Somewhat well-balanced,,Self-Diagnosis,Not Applicable,Self-Diagnosis,Not Applicable,Not Applicable,Not Applicable,Not Applicable,Not Applicable,Not Applicable,Not Applicable,,Seven Times,Never,Three Times,Never,Three Times,,Yes,No,No,No,No,No,No,No,No,,Very Rarely,Very Rarely,Very Rarely,Very Rarely,Very Rarely,Very Rarely,Sometimes,,Sometimes,Sometimes,Always,Sometimes,Almost Always,Almost Always,Sometimes,Never,Never,Never,Never,Never,Almost Never,Almost Always,Sometimes,Never,Always,Almost Always,Almost Always,Almost Never,Sometimes,,30,30,55,50,40,60,,100,80,60,40,2,1,0,0,0,0,0,0,0,0,0,100,80,2,60,4,2,2,0,0,0,0,0,0,0,0,0,0,0,0,0,0,0,0,0,0,0,0,0,0,0,0,0,0,0,0,0,0,0,0,0,0,0,0,0,0,0
276,844,2023-03-21 18:59,R_1OuCMhQP0nn20o4,,TRUE,97,0,2023-03-21 23:16,Man,,18,Chinese,High School Diploma,Undergraduate Degree,Student,Student,"$0-$29,999/year",0-15 hours per week,No,"Instagram,Snapchat,YouTube",,"TikTok,Facebook",7-8 hours,Active,Mostly well-balanced,Vision issues,Not Applicable,Self-Diagnosis,Self-Diagnosis,Not Applicable,Not Applicable,Not Applicable,Not Applicable,Not Applicable,Not Applicable,Not Applicable,,Three Times,Never,Seven Times,Two Times,Seven Times,,No,No,No,Yes,Yes,No,No,Yes,No,,Very Rarely,Sometimes,Often,Very Often,Sometimes,Very Rarely,Sometimes,,Always,Sometimes,Sometimes,Sometimes,Always,Sometimes,Never,Never,Sometimes,Never,Sometimes,Almost Never,Almost Never,Sometimes,Never,Never,Always,Almost Never,Almost Always,Never,Almost Never,,119,146,55,144,140,0,,0,0,0,0,0,0,0,0,0,0,0,0,0,0,0,100,20,5,8,4,2,0,0,0,0,0,0,0,0,0,0,0,0,0,0,0,0,0,0,0,0,0,0,0,0,0,100,20,10,10,0,0,0,0,0,0,0,0,0,0,0
277,751,2023-03-21 18:59,R_qCwdLb3OeJm7MrL,,,0,0,,Man,,20,Not a visible minority,High School Diploma,Undergraduate Degree,Sales Associate,Part time (less than 30 hours per week),"$0-$29,999/year",0-15 hours per week,No,"Instagram,Snapchat,TikTok,YouTube",,"TikTok,Facebook",7-8 hours,Active,Somewhat well-balanced,Prefer not to disclose,Not Applicable,Not Applicable,Not Applicable,Not Applicable,Not Applicable,Not Applicable,Self-Diagnosis,Not Applicable,Not Applicable,Not Applicable,,Seven Times,Never,Seven Times,One Time,Five Times,,Yes,Yes,Yes,Yes,Yes,Yes,Yes,Yes,Yes,,Rarely,Often,Rarely,Very Rarely,Very Rarely,Very Rarely,Sometimes,,Always,Almost Always,Always,Sometimes,Almost Always,Almost Never,Never,Never,Always,Almost Always,Never,Never,Almost Never,Sometimes,Sometimes,Never,Almost Never,Sometimes,Almost Always,Almost Never,Sometimes,,90,40,55,25,3,0,,600,300,100,50,25,10,0,0,0,0,0,0,0,0,0,200,100,5,50,25,10,10,5,2,0,0,0,0,0,0,0,500,300,150,60,30,15,8,4,0,0,0,0,0,0,0,500,250,100,50,25,10,5,0,0,0,0,0,0,0,0
278,557,2023-03-21 19:00,R_2dSmOo9W4bmQCOr,,,0,0,,Woman,,34,Chinese,Graduate Degree,Graduate Degree,Student,Student,"$0-$29,999/year",0-15 hours per week,Yes,"Instagram,YouTube,Facebook",,Facebook,7-8 hours,Sedentary,Poor,Vision issues,Self-Diagnosis,Not Applicable,Not Applicable,Not Applicable,Not Applicable,Not Applicable,Not Applicable,Not Applicable,Not Applicable,Not Applicable,,Four Times,Three Times,Two Times,One Time,Two Times,,Yes,Yes,Yes,Yes,Yes,Yes,Yes,Yes,Yes,,Sometimes,Sometimes,Sometimes,Sometimes,Sometimes,Sometimes,Sometimes,,Almost Never,Sometimes,Almost Always,Sometimes,Almost Always,Sometimes,Sometimes,Almost Always,Always,Sometimes,Almost Always,Almost Always,Sometimes,Almost Always,Sometimes,Almost Always,Almost Always,Almost Always,Almost Always,Sometimes,Almost Always,,338,388,51,403,123,129,,14,30,2,30,2,30,2,2,1,1,1,1,1,1,0,100,100,80,20,80,1,2,3,3,1,2,3,1,0,0,0,100,100,100,100,100,100,100,100,100,12,12,1,1,1,0,100,100,100,100,100,100,100,30,20,30,2,2,1,1,0
279,659,2023-03-21 19:00,R_3ixr7C5JSGyrqRY,,,0,0,,Woman,,25,Not a visible minority,Graduate Degree,Graduate Degree,Student,Student,"$0-$29,999/year",0-15 hours per week,No,"Instagram,TikTok,Facebook",,"TikTok,Facebook",7-8 hours,Active,Mostly well-balanced,Prefer not to disclose,Not Applicable,Not Applicable,Not Applicable,Not Applicable,Not Applicable,Not Applicable,Not Applicable,Not Applicable,Not Applicable,Not Applicable,,Seven Times,Seven Times,Seven Times,Five Times,Seven Times,,No,No,No,No,No,No,No,No,No,,Rarely,Rarely,Sometimes,Rarely,Very Rarely,Rarely,Very Rarely,,Almost Always,Almost Always,Sometimes,Sometimes,Sometimes,Almost Always,Almost Never,Almost Never,Almost Never,Sometimes,Sometimes,Sometimes,Almost Never,Sometimes,Sometimes,Never,Almost Never,Almost Always,Almost Always,Sometimes,Sometimes,,118,99,55,45,5,0,,60,30,0,0,0,0,0,0,0,0,0,0,0,0,0,30,20,5,0,0,0,0,0,0,0,0,0,0,0,0,0,0,0,0,0,0,0,0,0,0,0,0,0,0,0,0,100,30,15,0,0,0,0,0,0,0,0,0,0,0,0
280,549,2023-03-21 19:01,R_3dKXUovRlKUt4g2,,,0,0,,Woman,,23,Not a visible minority,Undergraduate Degree,Graduate Degree,Graduate Research Assistant/Teaching Assistant,Part time (less than 30 hours per week),"$30,000-$49,999/year",26-40 hours per week,Yes,"Instagram,Snapchat,TikTok,LinkedIn,Twitter,Facebook",,"TikTok,Facebook",7-8 hours,Moderate,Somewhat well-balanced,,,,,,,,,,,,,Seven Times,Seven Times,Three Times,Seven Times,Seven Times,,No,No,No,No,No,No,No,No,No,,Rarely,Very Rarely,Very Rarely,Sometimes,Very Rarely,Very Rarely,Very Rarely,,Sometimes,Sometimes,Sometimes,Sometimes,Sometimes,Sometimes,Almost Never,Never,Almost Never,Never,Never,Sometimes,Almost Never,Almost Never,Never,Never,Sometimes,Sometimes,Almost Always,Never,Almost Never,,30,30,55,45,60,0,,30,30,30,30,30,30,30,30,15,0,0,0,0,0,0,100,100,5,100,100,50,25,0,0,0,0,0,0,0,0,0,0,0,0,0,0,0,0,0,0,0,0,0,0,0,0,100,100,100,100,50,25,8,2,0,0,0,0,0,0,0
281,2982,2023-03-21 19:02,R_33DScupaelXEaBA,,,0,0,,Woman,,23,Chinese,Undergraduate Degree,Graduate Degree,"Student, part time research assistant ",Student,"$0-$29,999/year",0-15 hours per week,No,"Instagram,Twitter,Reddit",,"TikTok,Facebook",5-6 hours,Moderate,Mostly well-balanced,Prefer not to disclose,Not Applicable,Not Applicable,Not Applicable,Not Applicable,Not Applicable,Not Applicable,Not Applicable,Not Applicable,Not Applicable,Not Applicable,,Seven Times,Never,Five Times,Five Times,Six Times,,No,No,No,No,Yes,No,No,No,No,,Rarely,Rarely,Sometimes,Very Rarely,Rarely,Very Rarely,Very Rarely,,Almost Always,Always,Always,Almost Always,Sometimes,Sometimes,Almost Never,Almost Never,Almost Never,Almost Never,Almost Never,Sometimes,Almost Never,Sometimes,Sometimes,Never,Sometimes,Almost Always,Almost Always,Sometimes,Sometimes,,202,186,55,176,21,0,,100,20,8,5,2,1,0,0,0,0,0,0,0,0,0,1000,60,0,40,20,10,5,2,1,0,0,0,0,0,0,0,0,0,0,0,0,0,0,0,0,0,0,0,0,0,0,100,50,50,20,10,1,1,0,0,0,0,0,0,0,0
282,6689,2023-03-21 19:03,R_wT1yYVn8ibtkL1T,,,0,0,,Man,,19,Arab,Undergraduate Degree,Undergraduate Degree,Bachelor of Medical Sciences,Student,"$0-$29,999/year",0-15 hours per week,No,"Instagram,YouTube",,"TikTok,Facebook",7-8 hours,Moderate,Mostly well-balanced,Prefer not to disclose,Not Applicable,Not Applicable,Not Applicable,Not Applicable,Not Applicable,Not Applicable,Not Applicable,Not Applicable,Not Applicable,Not Applicable,,Six Times,Never,Two Times,Three Times,Five Times,,No,No,No,Yes,No,No,No,No,No,,Rarely,Sometimes,Rarely,Sometimes,Rarely,Very Rarely,Sometimes,,Sometimes,Sometimes,Always,Sometimes,Almost Always,Almost Always,Almost Never,Never,Almost Never,Almost Always,Almost Never,Almost Always,Never,Never,Sometimes,Never,Never,Almost Always,Almost Always,Almost Always,Almost Always,,100,71,55,60,31,10,,15,15,15,10,7,3,0,0,0,0,0,0,0,0,0,60,50,5,50,40,30,10,5,3,1,0,0,0,0,0,0,30,30,30,20,10,5,2,1,0,0,0,0,0,0,0,60,50,40,30,15,20,5,1,1,0,0,0,0,0,0
283,388,2023-03-21 19:04,R_D0JxKZYofMPb7Z7,,,0,0,,Woman,,19,Other,High School Diploma,Undergraduate Degree,N/A,Student,"$0-$29,999/year",0-15 hours per week,No,"Instagram,Snapchat,TikTok,YouTube",,"TikTok,Facebook",5-6 hours,Moderate,Somewhat well-balanced,Prefer not to disclose,Self-Diagnosis,Not Applicable,Not Applicable,Not Applicable,Not Applicable,Not Applicable,Not Applicable,Not Applicable,Not Applicable,Not Applicable,,Seven Times,Five Times,Seven Times,Seven Times,Seven Times,,No,Yes,No,Yes,Yes,No,Yes,Yes,No,,Often,Sometimes,Rarely,Often,Rarely,Rarely,Very Rarely,,Almost Never,Never,Sometimes,Almost Never,Almost Always,Almost Never,Almost Never,Almost Never,Sometimes,Always,Always,Almost Always,Always,Always,Always,Almost Always,Sometimes,Almost Always,Always,Sometimes,Almost Never,,207,408,35,278,490,421,,60,60,60,60,60,30,20,1,0,0,0,0,0,0,0,60,60,40,30,3O,30,30,30,10,10,0,0,0,0,0,0,0,7,5,55,4,6,0,0,0,0,0,0,0,0,0,0,0,0,0,0,0,0,0,0,0,0,0,0,0,0
284,1599,2023-03-21 19:05,R_33wKfUSpYXotoFN,,,0,0,,Woman,,34,Chinese,PhD,Undergraduate Degree,Student,Student,"$0-$29,999/year",0-15 hours per week,Yes,"Instagram,YouTube,Twitter,Facebook",,"TikTok,Facebook",5-6 hours,Sedentary,Somewhat well-balanced,Vision issues,Medical Diagnosis,Not Applicable,Not Applicable,Medical Diagnosis,Not Applicable,Not Applicable,Not Applicable,Not Applicable,Not Applicable,Not Applicable,,Seven Times,Seven Times,Seven Times,Seven Times,Seven Times,,No,No,No,No,Yes,No,No,No,No,,Rarely,Rarely,Rarely,Sometimes,Rarely,Very Rarely,Rarely,,Almost Always,Almost Always,Almost Always,Almost Always,Sometimes,Almost Always,Almost Never,Never,Sometimes,Almost Never,Never,Almost Always,Never,Almost Never,Almost Never,Almost Never,Sometimes,Sometimes,Almost Always,Never,Almost Always,,,,55,,59,60,,10,10,10,10,10,10,10,10,0,0,0,0,0,0,0,100,100,100,100,100,100,100,50,30,20,0,0,0,0,0,0,0,0,0,0,0,0,0,0,0,0,0,0,0,0,0,10,10,10,10,10,10,0,0,0,0,0,0,0,0,0
285,3387,2023-03-21 19:07,R_1inuXqIegAr9x31,,,0,0,,Woman,,20,"Chinese,Not a visible minority",High School Diploma,Undergraduate Degree,Student,Student,"$0-$29,999/year",0-15 hours per week,Yes,"Instagram,Snapchat,YouTube,Facebook",,"TikTok,Facebook",9-10 hours,Moderate,Mostly well-balanced,,Not Applicable,Not Applicable,Not Applicable,Not Applicable,Not Applicable,Not Applicable,Not Applicable,Not Applicable,Not Applicable,Not Applicable,,Six Times,Seven Times,Never,Seven Times,Four Times,,No,No,No,Yes,No,No,No,No,No,,Rarely,Rarely,Very Rarely,Sometimes,Very Rarely,Very Rarely,Very Rarely,,Sometimes,Almost Always,Almost Always,Almost Always,Sometimes,Almost Always,Never,Never,Almost Never,Sometimes,Never,Sometimes,Almost Never,Never,Never,Never,Never,Never,Almost Always,Almost Never,Almost Always,,31,25,55,21,25,21,,60,60,60,40,20,10,3,1,1,0,0,0,0,0,0,240,240,5,240,180,180,180,120,120,90,90,30,30,15,10,0,60,60,60,30,20,10,3,0,0,0,0,0,0,0,0,120,120,120,120,100,100,75,50,50,20,15,10,8,2,1
286,1582,2023-03-21 19:09,R_28Bb4asWJG8HnKA,,,0,5,,Woman,,20,Not a visible minority,Undergraduate Degree,Undergraduate Degree,Student,Student,"$0-$29,999/year",Prefer not to disclose,No,"Instagram,Snapchat",,"TikTok,Facebook",7-8 hours,Sedentary,Somewhat well-balanced,Prefer not to disclose,Medical Diagnosis,Not Applicable,Not Applicable,Medical Diagnosis,Not Applicable,Not Applicable,Not Applicable,Not Applicable,Not Applicable,Not Applicable,,Seven Times,Seven Times,Seven Times,Four Times,Five Times,,No,Yes,No,Yes,No,No,Yes,Yes,No,,Rarely,Rarely,Very Often,Very Often,Sometimes,Very Rarely,Often,,Almost Always,Sometimes,Sometimes,Sometimes,Almost Always,Almost Never,Almost Never,Almost Never,Almost Never,Almost Always,Almost Always,Never,Sometimes,Almost Always,Never,Never,Almost Always,Sometimes,Almost Always,Almost Never,Sometimes,,120,100,55,81,80,0,,100,50,50,30,20,5,1,0,0,0,0,0,0,0,0,300,100,5,30,10,5,2,0,0,0,0,0,0,0,0,0,0,0,0,0,0,0,0,0,0,0,0,0,0,0,0,400,200,60,20,10,5,1,0,0,0,0,0,0,0,0
287,1068,2023-03-21 19:10,R_ZgXzqB0KglzxKhz,,,0,0,,Woman,,20,Not a visible minority,High School Diploma,Undergraduate Degree,student,Student,"$0-$29,999/year",0-15 hours per week,No,"YouTube,Pinterest",,"TikTok,Facebook",7-8 hours,Moderate,Mostly well-balanced,,Self-Diagnosis,Not Applicable,Not Applicable,Not Applicable,Not Applicable,Not Applicable,Not Applicable,Not Applicable,Not Applicable,Not Applicable,,Six Times,Two Times,One Time,Two Times,One Time,,No,No,No,No,No,No,No,Yes,No,,Very Rarely,Very Rarely,Often,Very Rarely,Very Rarely,Very Rarely,Very Rarely,,Sometimes,Sometimes,Sometimes,Sometimes,Sometimes,Almost Never,Never,Almost Never,Almost Never,Never,Sometimes,Almost Never,Almost Never,Sometimes,Never,Never,Sometimes,Sometimes,Almost Always,Never,Sometimes,,25,20,55,15,0,0,,120,120,100,100,60,30,15,0,0,0,0,0,0,0,0,60,45,5,30,15,5,5,0,0,0,0,0,0,0,0,0,0,0,0,0,0,0,0,0,0,0,0,0,0,0,0,60,45,30,15,5,0,0,0,0,0,0,0,0,0,0
288,922,2023-03-21 19:11,R_40JWyl5jlLecSdz,,,0,0,,Woman,,24,Not a visible minority,Graduate Degree,PhD,Student,Student,Prefer not to disclose,Prefer not to disclose,No,"Instagram,YouTube,Facebook,Pinterest",,"TikTok,Facebook",9-10 hours,Very Active,Mostly well-balanced,Vision issues,Medical Diagnosis,Medical Diagnosis,Not Applicable,Medical Diagnosis,Not Applicable,Not Applicable,Not Applicable,Not Applicable,Not Applicable,Not Applicable,,Seven Times,Seven Times,Seven Times,Two Times,Seven Times,,No,No,No,No,No,No,No,No,No,,Sometimes,Rarely,Very Rarely,Very Rarely,Very Rarely,Very Rarely,Very Rarely,,Sometimes,Almost Always,Sometimes,Sometimes,Almost Always,Almost Always,Almost Never,Almost Never,Sometimes,Sometimes,Never,Sometimes,Almost Never,Sometimes,Sometimes,Never,Almost Never,Sometimes,Almost Always,Sometimes,Sometimes,,,,55,,,,,30,30,30,15,0,0,0,0,0,0,0,0,0,0,0,30,30,5,30,15,0,0,0,0,0,0,0,0,0,0,0,15,15,15,0,0,0,0,0,0,0,0,0,0,0,0,30,10,30,0,0,0,0,0,0,0,0,0,0,0,0
289,926,2023-03-21 19:12,R_2Bgj9hLmeZD2uVc,,,0,0,,Woman,,21,"Jewish,Not a visible minority",High School Diploma,Undergraduate Degree,Student,Student,"$0-$29,999/year",0-15 hours per week,No,"Instagram,Snapchat,TikTok,YouTube,Twitter,Reddit,Facebook",,"TikTok,Facebook",7-8 hours,Sedentary,Somewhat well-balanced,,Not Applicable,Not Applicable,Not Applicable,Not Applicable,Not Applicable,Not Applicable,Not Applicable,Not Applicable,Not Applicable,Not Applicable,,Five Times,Four Times,One Time,Seven Times,Four Times,,No,No,No,Yes,Yes,No,No,Yes,No,,Sometimes,Sometimes,Sometimes,Sometimes,Rarely,Very Rarely,Rarely,,Almost Always,Almost Always,Always,Sometimes,Almost Always,Sometimes,Sometimes,Almost Never,Almost Never,Sometimes,Sometimes,Almost Never,Sometimes,Sometimes,Almost Always,Never,Sometimes,Almost Always,Almost Always,Sometimes,Sometimes,,87,81,55,43,2,0,,100,75,65,50,35,27,20,18,15,8,5,2,1,1,1,75,70,5,63,57,50,45,38,36,33,30,10,6,3,1,1,50,40,30,25,20,15,8,6,4,3,2,1,1,1,0,200,150,125,110,100,80,70,55,45,20,10,5,2,1,0
290,1440,2023-03-21 19:13,R_2chkkobQeh0hfMo,,,0,0,,Man,,28,Not a visible minority,Graduate Degree,,Naval reservist,Full time (30+ hours per week),"$50,000-$74.999/year",26-40 hours per week,No,"Snapchat,YouTube,Reddit,Facebook",,"TikTok,Facebook",7-8 hours,Active,Mostly well-balanced,Prefer not to disclose,Self-Diagnosis,,,,,,Self-Diagnosis,,,,,Three Times,Two Times,One Time,Seven Times,Four Times,,No,No,Yes,Yes,Yes,No,No,Yes,No,,Rarely,Sometimes,Sometimes,Rarely,Rarely,Very Rarely,Rarely,,Almost Always,Almost Always,Sometimes,Almost Never,Almost Always,Sometimes,Almost Never,Sometimes,Almost Never,Sometimes,Sometimes,Sometimes,Sometimes,Sometimes,Sometimes,Sometimes,Sometimes,Sometimes,Almost Always,Sometimes,Sometimes,,20,30,55,61,71,75,,90,45,10,10,0,0,0,0,0,0,0,0,0,0,0,90,45,5,10,10,0,0,0,0,0,0,0,0,0,0,0,10,10,5,0,0,0,0,0,0,0,0,0,0,0,0,90,45,15,15,0,0,0,0,0,0,0,0,0,0,0
291,1513,2023-03-21 19:17,R_SDbJIZD2bfV7mNj,,,0,0,,Woman,,22,South Asian,Undergraduate Degree,Graduate Degree,Student,Student,"$0-$29,999/year",0-15 hours per week,No,"Instagram,Snapchat,TikTok,YouTube,Facebook,Pinterest",,"TikTok,Facebook",Less than 4 hours,Sedentary,Poor,Prefer not to disclose,Not Applicable,Not Applicable,Not Applicable,Not Applicable,Not Applicable,Not Applicable,Not Applicable,Not Applicable,Not Applicable,Not Applicable,,Seven Times,Seven Times,Seven Times,Seven Times,Seven Times,,No,Yes,Yes,Yes,Yes,No,Yes,Yes,No,,Sometimes,Very Often,Very Often,Very Often,Very Rarely,Very Rarely,Very Often,,Always,Always,Always,Always,Sometimes,Always,Almost Never,Never,Almost Never,Almost Always,Almost Always,Almost Always,Never,Always,Always,Never,Always,Always,Almost Always,Sometimes,Always,,51,51,55,51,51,51,,190,90,30,20,10,5,0,0,0,0,0,0,0,0,0,180,90,5,30,20,10,5,0,0,0,0,0,0,0,0,0,190,90,30,20,5,5,0,0,0,0,0,0,0,0,0,190,90,30,20,5,5,0,0,0,0,0,0,0,0,0
292,476,2023-03-21 19:18,R_28ZlOtKhpg1TxWZ,,,0,0,,Man,,23,Not a visible minority,Undergraduate Degree,Graduate Degree,Student,Student,"$0-$29,999/year",0-15 hours per week,No,"Instagram,Snapchat,TikTok,YouTube,Facebook",,"TikTok,Facebook",5-6 hours,Moderate,Somewhat well-balanced,Muscular/Skeletal issues,Medical Diagnosis,Not Applicable,Not Applicable,Medical Diagnosis,Not Applicable,Not Applicable,Medical Diagnosis,Not Applicable,Not Applicable,Not Applicable,,Seven Times,Seven Times,Seven Times,Seven Times,Seven Times,,No,No,No,Yes,No,No,No,Yes,No,,Rarely,Rarely,Often,Often,Very Rarely,Very Rarely,Very Rarely,,Almost Always,Almost Always,Almost Always,Sometimes,Sometimes,Almost Always,Almost Never,Almost Never,Sometimes,Almost Never,Sometimes,Sometimes,Almost Never,Almost Always,Sometimes,Never,Almost Never,Sometimes,Almost Always,Almost Never,Almost Always,,120,92,55,30,0,0,,30,20,20,0,0,0,0,0,0,0,0,0,0,0,0,100,40,5,15,0,0,0,0,0,0,0,0,0,0,0,0,10,0,0,0,0,0,0,0,0,0,0,0,0,0,0,100,60,30,0,0,0,0,0,0,0,0,0,0,0,0
293,1146,2023-03-21 19:18,R_1ILsF8KupvtI0HD,,,0,0,,Woman,,19,Not a visible minority,High School Diploma,Undergraduate Degree,Student,Student,"$0-$29,999/year",16-25 hours per week,No,"Instagram,Snapchat,TikTok,YouTube",,"TikTok,Facebook",7-8 hours,Moderate,Somewhat well-balanced,Prefer not to disclose,Medical Diagnosis,Not Applicable,Not Applicable,Medical Diagnosis,Not Applicable,Not Applicable,Not Applicable,Not Applicable,Not Applicable,Not Applicable,,Seven Times,Five Times,Never,Five Times,Three Times,,No,Yes,No,No,Yes,No,No,Yes,No,,Sometimes,Often,Often,Rarely,Very Rarely,Very Rarely,Sometimes,,Almost Always,Sometimes,Sometimes,Always,Almost Always,Sometimes,Never,Almost Never,Never,Never,Sometimes,Sometimes,Almost Never,Sometimes,Never,Never,Sometimes,Sometimes,Almost Always,Never,Sometimes,,195,203,55,150,66,0,,100,5,4,1,0,0,0,0,0,0,0,0,0,0,0,10,5,5,4,4,1,0,0,0,0,0,0,0,0,0,0,0,0,0,0,0,0,0,0,0,0,0,0,0,0,0,15,0,0,0,0,0,0,0,0,0,0,0,0,0,0
294,1612,2023-03-21 19:19,R_1iaou6ERLV8T5U6,,,0,0,,Woman,,28,Not a visible minority,Undergraduate Degree,Graduate Degree,Student,Student,"$0-$29,999/year",0-15 hours per week,No,"Instagram,Snapchat,TikTok,YouTube,Facebook",,"TikTok,Facebook",7-8 hours,Moderate,Mostly well-balanced,Prefer not to disclose,Self-Diagnosis,Not Applicable,Not Applicable,Not Applicable,Not Applicable,Not Applicable,Not Applicable,Not Applicable,Not Applicable,Not Applicable,,Five Times,Six Times,Seven Times,Two Times,Two Times,,No,No,No,Yes,No,No,No,Yes,No,,Rarely,Very Rarely,Sometimes,Sometimes,Very Rarely,Very Rarely,Very Rarely,,Almost Always,Sometimes,Almost Always,Sometimes,Sometimes,Sometimes,Almost Never,Never,Never,Almost Never,Almost Never,Sometimes,Never,Sometimes,Almost Never,Never,Almost Never,Almost Always,Almost Always,Almost Never,Sometimes,,15,30,55,60,6,6,,120,60,10,4,2,0,0,0,0,0,0,0,0,0,0,120,60,5,30,20,2,1,0,0,0,0,0,0,0,0,0,0,0,0,0,0,0,0,0,0,0,0,0,0,0,0,120,60,30,20,15,10,5,0,0,0,0,0,0,0,0
295,629,2023-03-21 19:20,R_300QdpAIwMdeefT,,,0,0,,Woman,,24,Not a visible minority,Undergraduate Degree,Graduate Degree,Student,Student,"$0-$29,999/year",0-15 hours per week,No,"Instagram,Snapchat,TikTok,YouTube,Facebook",,"TikTok,Facebook",7-8 hours,Active,Somewhat well-balanced,Prefer not to disclose,Not Applicable,Not Applicable,Not Applicable,Not Applicable,Not Applicable,Not Applicable,Not Applicable,Not Applicable,Not Applicable,Not Applicable,,Seven Times,Three Times,One Time,Five Times,Three Times,,No,No,No,No,Yes,No,No,No,No,,Rarely,Rarely,Sometimes,Rarely,Very Rarely,Very Rarely,Very Rarely,,Almost Always,Sometimes,Almost Always,Sometimes,Sometimes,Sometimes,Sometimes,Almost Never,Almost Never,Almost Always,Almost Never,Sometimes,Almost Never,Sometimes,Sometimes,Never,Almost Never,Almost Always,Almost Always,Sometimes,Sometimes,,55,101,55,198,34,70,,100,100,100,100,100,100,100,100,100,100,100,100,100,100,100,100,25,5,20,15,10,10,10,10,10,10,10,10,10,10,10,25,25,25,25,25,25,25,25,25,25,25,25,25,25,25,100,100,100,100,100,100,100,100,100,100,100,100,100,100,100
296,1029,2023-03-21 19:20,R_12PYGBKzuFYStCj,,,0,0,,Man,,29,Not a visible minority,Graduate Degree,PhD,Psychology Resident,Full time (30+ hours per week),"$30,000-$49,999/year",26-40 hours per week,No,"Instagram,Snapchat,YouTube,LinkedIn,Twitter,Facebook",,"TikTok,Facebook",7-8 hours,Moderate,Mostly well-balanced,,,,,,,,,,,,,Five Times,Four Times,Never,Seven Times,Five Times,,No,No,No,No,No,No,No,No,No,,Very Rarely,Rarely,Sometimes,Rarely,Very Rarely,Very Rarely,Very Rarely,,Almost Always,Almost Always,Almost Always,Sometimes,Sometimes,Sometimes,Sometimes,Almost Never,Sometimes,Sometimes,Almost Never,Never,Almost Never,Almost Never,Never,Never,Almost Never,Never,Almost Always,Never,Almost Always,,0,,55,,0,0,,0,0,0,0,0,0,0,0,0,0,0,0,0,0,0,0.5,0.5,0,1,1,1,0,0,0,0,0,0,0,0,0,0,0,0,0,0,0,0,0,0,0,0,0,0,0,0,0,0.5,0.5,0.5,1,1,0,0,0,0,0,0,0,0,0,0
297,532,2023-03-21 19:21,R_3FVQuzdFCs074zr,,,0,0,,Woman,,22,Not a visible minority,Undergraduate Degree,Graduate Degree,Librarian,Part time (less than 30 hours per week),"$0-$29,999/year",0-15 hours per week,No,"Instagram,Snapchat,TikTok,Reddit,Facebook",,"TikTok,Facebook",9-10 hours,Sedentary,Mostly well-balanced,Prefer not to disclose,Medical Diagnosis,Self-Diagnosis,Not Applicable,Medical Diagnosis,Not Applicable,Not Applicable,Self-Diagnosis,Not Applicable,Not Applicable,Not Applicable,,Seven Times,Seven Times,Never,Four Times,Never,,No,No,No,Yes,Yes,No,No,No,No,,Very Rarely,Very Rarely,Very Rarely,Often,Very Rarely,Very Rarely,Very Rarely,,Sometimes,Almost Always,Sometimes,Sometimes,Almost Always,Sometimes,Almost Never,Never,Sometimes,Never,Never,Never,Never,Never,Never,Never,Almost Never,Never,Almost Always,Never,Sometimes,,30,38,55,92,66,109,,10,50,10,10,8,5,3,0,0,o,0,0,0,0,0,500,300,5,100,70,50,30,10,2,0,0,0,0,0,0,0,0,0,0,0,0,0,0,0,0,0,0,0,0,0,0,0,0,0,0,0,0,0,0,0,0,0,0,0,0,0
298,632,2023-03-21 19:24,R_1jp16vw6cDu4UOx,,,0,0,,Woman,,24,South Asian,Undergraduate Degree,Graduate Degree,student,Student,"$0-$29,999/year",0-15 hours per week,No,"Instagram,YouTube,Facebook",,"TikTok,Facebook",5-6 hours,Sedentary,Somewhat well-balanced,Prefer not to disclose,Not Applicable,Not Applicable,Not Applicable,Not Applicable,Not Applicable,Not Applicable,Not Applicable,Not Applicable,Not Applicable,Not Applicable,,Seven Times,Five Times,Five Times,Seven Times,Five Times,,No,No,No,No,No,No,No,No,No,,Very Rarely,Very Rarely,Very Rarely,Very Rarely,Very Rarely,Very Rarely,Very Rarely,,Almost Always,Sometimes,Almost Always,Sometimes,Almost Always,Sometimes,Sometimes,Almost Never,Almost Never,Sometimes,Almost Never,Almost Never,Almost Never,Sometimes,Sometimes,Never,Sometimes,Sometimes,Almost Always,Sometimes,Sometimes,,150,150,55,150,200,200,,10,5,5,0,0,0,0,0,0,0,0,0,0,0,0,0,0,0,0,0,0,0,0,0,0,0,0,0,0,0,0,0,0,0,0,0,0,0,0,0,0,0,0,0,0,0,0,0,0,0,0,0,0,0,0,0,0,0,0,0,0
299,1107,2023-03-21 19:24,R_3ERxOq9hczILqm3,,,0,0,,Woman,,27,Not a visible minority,Undergraduate Degree,Undergraduate Degree,Teacher Candidate,Full time (30+ hours per week),"$0-$29,999/year",26-40 hours per week,Yes,"Instagram,Snapchat,TikTok,YouTube,Twitter,Reddit,Facebook",,"TikTok,Facebook",7-8 hours,Very Active,Mostly well-balanced,Prefer not to disclose,Medical Diagnosis,Not Applicable,Not Applicable,Not Applicable,Medical Diagnosis,Not Applicable,Not Applicable,Not Applicable,Not Applicable,Not Applicable,,Five Times,Three Times,Never,One Time,Four Times,,No,No,No,No,No,No,No,No,No,,Rarely,Rarely,Sometimes,Rarely,Very Rarely,Very Rarely,Very Rarely,,Sometimes,Almost Always,Almost Always,Almost Always,Sometimes,Almost Always,Sometimes,Almost Never,Almost Never,Sometimes,Almost Never,Sometimes,Almost Never,Sometimes,Sometimes,Never,Almost Never,Sometimes,Almost Always,Sometimes,Almost Always,,21,23,56,37,96,60,,10,5,2,1,0,0,0,0,0,0,0,0,0,0,0,60,60,$5,45,30,30,30,20,20,20,15,0,0,0,0,0,0,0,5,0,0,0,0,0,0,0,0,0,0,0,0,0,0,20,15,15,15,5,0,0,0,0,0,0,0,0
300,973,2023-03-21 19:25,R_3R3Zu6xAUFDpSbB,,,0,0,,Woman,,24,Chinese,Graduate Degree,Graduate Degree,student,Student,Prefer not to disclose,0-15 hours per week,Yes,"Snapchat,YouTube,Facebook",,,7-8 hours,Moderate,Mostly well-balanced,Muscular/Skeletal issues,Not Applicable,Not Applicable,Not Applicable,Not Applicable,Not Applicable,Not Applicable,Not Applicable,Not Applicable,Not Applicable,Not Applicable,,One Time,Two Times,Never,Three Times,Never,,No,No,No,No,No,No,No,No,No,,Rarely,Rarely,Sometimes,Rarely,Very Rarely,Very Rarely,Very Rarely,,Sometimes,Almost Always,Always,Always,Sometimes,Always,Almost Never,Never,Almost Never,Never,Never,Almost Always,Almost Never,Almost Never,Sometimes,Never,Sometimes,Sometimes,Almost Always,Never,Almost Always,,191,137,50,42,10,41,,30,20,10,5,0,0,0,0,0,0,0,0,0,0,0,50,50,0,30,30,20,10,5,5,2,0,0,0,0,0,0,0,0,0,0,0,0,0,0,0,0,0,0,0,0,0,30,30,20,20,10,5,0,0,0,0,0,0,0,0,0
301,1072,2023-03-21 19:28,R_3OkVyvcV1iMV7Wl,,,0,0,,Woman,,20,Southeast Asian,Undergraduate Degree,Undergraduate Degree,Student,Student,"$0-$29,999/year",0-15 hours per week,No,"Instagram,Snapchat,TikTok,YouTube,Facebook,Pinterest",,"TikTok,Facebook",More than 10 hours,Sedentary,Somewhat well-balanced,Muscular/Skeletal issues,Medical Diagnosis,Self-Diagnosis,Self-Diagnosis,Not Applicable,Not Applicable,Not Applicable,Not Applicable,Not Applicable,Not Applicable,Not Applicable,,Seven Times,Five Times,Never,Seven Times,Four Times,,No,Yes,No,No,Yes,No,Yes,Yes,No,,Often,Often,Very Rarely,Rarely,Very Often,Very Rarely,Very Often,,Always,Always,Always,Always,Always,Always,Almost Never,Sometimes,Almost Never,Almost Never,Almost Never,Always,Sometimes,Almost Always,Almost Never,Never,Always,Always,Almost Always,Never,Almost Always,,14,57,55,61,124,210,,200,180,170,100,50,25,10,2,0,0,0,0,0,0,0,100,100,5,100,50,0,0,0,0,0,0,0,0,0,0,0,0,0,0,0,0,0,0,0,0,0,0,0,0,0,0,220,200,200,150,140,25,8,4,2,0,0,0,0,0,0
302,786,2023-03-21 19:30,R_pbYhcXD17AGxJD3,,,0,0,,Woman,,20,Chinese,High School Diploma,Undergraduate Degree,n/a,Student,"$0-$29,999/year",0-15 hours per week,No,"Instagram,TikTok,YouTube,Reddit,Pinterest",,"TikTok,Facebook",7-8 hours,Sedentary,Poor,Prefer not to disclose,Not Applicable,Not Applicable,Not Applicable,Not Applicable,Not Applicable,Not Applicable,Not Applicable,Not Applicable,Not Applicable,Not Applicable,,Seven Times,Never,Four Times,Seven Times,Four Times,,No,No,No,Yes,Yes,No,No,Yes,No,,Rarely,Rarely,Sometimes,Sometimes,Rarely,Very Rarely,Rarely,,Almost Always,Almost Always,Always,Sometimes,Almost Always,Sometimes,Never,Almost Never,Sometimes,Never,Sometimes,Almost Never,Never,Sometimes,Almost Always,Never,Almost Always,Almost Always,Always,Almost Never,Almost Always,,5,10,55,18,21,29,,100,50,20,20,8,0,0,0,0,0,0,0,0,0,0,30,10,60,20,10,10,5,5,5,0,0,0,0,0,0,0,5,5,2,1,0,0,0,0,0,0,0,0,0,0,0,60,50,40,20,15,5,3,0,0,0,0,0,0,0,0
303,793,2023-03-21 19:32,R_3EEUMris2iPcyfe,,,0,10,,Woman,,22,Chinese,Undergraduate Degree,Undergraduate Degree,Student,Student,"$0-$29,999/year",0-15 hours per week,No,"Instagram,YouTube,Facebook",,"TikTok,Facebook",7-8 hours,Sedentary,Somewhat well-balanced,,Not Applicable,Not Applicable,Not Applicable,Not Applicable,Not Applicable,Not Applicable,Not Applicable,Not Applicable,Not Applicable,Not Applicable,,Six Times,Three Times,Five Times,Four Times,Six Times,,No,No,No,Yes,Yes,No,No,Yes,No,,Sometimes,Rarely,Sometimes,Often,Rarely,Rarely,Sometimes,,Almost Always,Always,Always,Sometimes,Almost Always,Almost Always,Almost Never,Sometimes,Sometimes,Almost Never,Almost Always,Sometimes,Almost Always,Almost Always,Sometimes,Never,Sometimes,Sometimes,Almost Always,Sometimes,Almost Always,,2,2,55,1,1,1,,1000,200,75,40,20,10,5,2,1,0,0,0,0,0,0,10,10,5,10,10,10,5,4,2,2,1,0,0,0,0,0,0,0,0,0,0,0,0,0,0,0,0,0,0,0,0,500,100,40,20,10,5,2,1,0,0,0,0,0,0,0
304,548,2023-03-21 19:32,R_1dcahL689Gh1omo,,,0,0,,Man,,20,Chinese,Undergraduate Degree,Undergraduate Degree,student,Student,Prefer not to disclose,Prefer not to disclose,No,"Instagram,TikTok",,"TikTok,Facebook",7-8 hours,Moderate,Somewhat well-balanced,Prefer not to disclose,Not Applicable,Not Applicable,Not Applicable,Not Applicable,Not Applicable,Not Applicable,Not Applicable,Not Applicable,Not Applicable,Not Applicable,,Four Times,Never,Six Times,Six Times,Six Times,,No,No,No,Yes,No,No,No,Yes,No,,Rarely,Rarely,Sometimes,Rarely,Very Rarely,Very Rarely,Rarely,,Almost Always,Almost Always,Almost Always,Almost Always,Almost Always,Almost Always,Almost Never,Almost Always,Sometimes,Almost Never,Almost Never,Sometimes,Sometimes,Almost Never,Sometimes,Never,Sometimes,Sometimes,Almost Always,Sometimes,Almost Always,,45,27,55,23,10,0,,10,5,3,1,0,0,0,0,0,0,0,0,0,0,0,10,5,5,3,2,1,1,0,0,0,0,0,0,0,0,0,0,0,0,0,0,0,0,0,0,0,0,0,0,0,0,20,10,5,4,2,1,0,0,0,0,0,0,0,0,0
305,565,2023-03-21 19:33,R_Q5spLXx0yiIKqzf,,,0,0,,Woman,,25,Chinese,Graduate Degree,PhD,engineering,Student,"$0-$29,999/year",16-25 hours per week,No,TikTok,,TikTok,9-10 hours,Sedentary,Somewhat well-balanced,Prefer not to disclose,Not Applicable,Not Applicable,Not Applicable,Not Applicable,Not Applicable,Not Applicable,Not Applicable,Not Applicable,Not Applicable,Not Applicable,,Seven Times,Seven Times,Seven Times,Seven Times,Seven Times,,Yes,Yes,Yes,Yes,Yes,No,No,No,No,,Sometimes,Sometimes,Sometimes,Sometimes,Sometimes,Sometimes,Sometimes,,Sometimes,Almost Always,Never,Sometimes,Sometimes,Sometimes,Sometimes,Sometimes,Sometimes,Sometimes,Almost Always,Almost Always,Almost Always,Almost Always,Sometimes,Sometimes,Sometimes,Almost Always,Sometimes,Sometimes,Sometimes,,10,10,55,10,99,10,,10,10,10,5,5,1,1,0,0,0,0,0,0,0,0,100,80,50,30,30,30,25,20,10,10,0,0,0,0,0,0,0,0,0,0,0,0,0,0,0,0,0,0,0,0,0,10,10,10,10,10,10,5,5,5,5,0,0,0,0,0
306,691,2023-03-21 19:35,R_3O78DdYzd7IRm20,,,0,0,,Woman,,22,South Asian,Undergraduate Degree,Graduate Degree,Student,Student,"$0-$29,999/year",0-15 hours per week,No,"Instagram,YouTube,LinkedIn,Facebook",,"TikTok,Facebook",5-6 hours,Moderate,Somewhat well-balanced,Vision issues,Not Applicable,Not Applicable,Self-Diagnosis,Not Applicable,Not Applicable,Not Applicable,Not Applicable,Not Applicable,Not Applicable,Not Applicable,,Five Times,Never,Seven Times,Two Times,Five Times,,Yes,Yes,Yes,Yes,Yes,No,No,Yes,No,,Sometimes,Sometimes,Sometimes,Sometimes,Sometimes,Sometimes,Sometimes,,Sometimes,Sometimes,Sometimes,Sometimes,Sometimes,Sometimes,Sometimes,Sometimes,Sometimes,Sometimes,Sometimes,Sometimes,Sometimes,Sometimes,Sometimes,Sometimes,Sometimes,Sometimes,Sometimes,Sometimes,Sometimes,,201,233,55,253,79,25,,1,1,1,1,1,1,1,1,1,1,1,1,0,0,0,1,1,1,1,1,1,1,1,1,1,1,1,1,1,1,1,1,1,1,1,1,1,1,1,1,1,1,1,1,1,1,1,1,1,1,1,1,1,1,1,1,1,1,1,1,1
307,865,2023-03-21 19:35,R_1qfgM2NU50kNnfV,,,0,0,,Man,,22,"Not a visible minority,Other",High School Diploma,Undergraduate Degree,student,Student,"$0-$29,999/year",41+ hours per week,Yes,"Instagram,TikTok,YouTube,Reddit",,"TikTok,Facebook",5-6 hours,Sedentary,Mostly well-balanced,Prefer not to disclose,Not Applicable,Not Applicable,Not Applicable,Medical Diagnosis,Not Applicable,Not Applicable,Not Applicable,Not Applicable,Not Applicable,Not Applicable,,Six Times,Never,Never,Six Times,Five Times,,No,No,No,Yes,Yes,No,No,Yes,No,,Sometimes,Often,Rarely,Often,Very Rarely,Very Rarely,Rarely,,Almost Always,Always,Sometimes,Almost Always,Sometimes,Always,Almost Never,Never,Almost Never,Almost Never,Almost Never,Almost Never,Almost Never,Sometimes,Almost Never,Never,Sometimes,Almost Always,Almost Always,Never,Sometimes,,30,20,55,10,5,1,,120,80,20,10,0,0,0,0,0,0,0,0,0,0,0,300,150,5,120,75,30,5,1,1,0,0,0,0,0,0,0,100,20,0,0,0,0,0,0,0,0,0,0,0,0,0,300,200,180,150,40,20,10,5,0,0,0,0,0,0,0
308,372,2023-03-21 19:36,R_1EYiwW3awDaHbIJ,,,0,0,,Man,,18,Chinese,Undergraduate Degree,Undergraduate Degree,student,Unemployed,"$0-$29,999/year",0-15 hours per week,No,"Instagram,Snapchat,TikTok,YouTube,LinkedIn,Twitter,Reddit,Facebook",,"TikTok,Facebook",5-6 hours,Active,Somewhat well-balanced,Muscular/Skeletal issues,Not Applicable,Not Applicable,Not Applicable,Not Applicable,Not Applicable,Not Applicable,Not Applicable,Not Applicable,Not Applicable,Not Applicable,,One Time,Two Times,Three Times,Four Times,Three Times,,No,No,No,No,Yes,Yes,No,No,Yes,,Rarely,Sometimes,Often,Sometimes,Rarely,Very Rarely,Very Rarely,,Sometimes,Sometimes,Sometimes,Sometimes,Sometimes,Sometimes,Almost Always,Sometimes,Sometimes,Sometimes,Sometimes,Sometimes,Sometimes,Sometimes,Sometimes,Almost Never,Sometimes,Sometimes,Sometimes,Almost Always,Always,,310,222,55,158,486,193,,1000,100,150,100,200,200,500,5001,10,10,1,1,0,0,0,1000,100,100,200,299,200,1500,1500,1000,10,1,0,0,0,0,0,0,0,0,0,0,0,0,0,0,0,0,0,0,0,0,0,0,0,0,0,0,0,0,0,0,0,0,0,0,0
309,754,2023-03-21 19:37,R_UsyDFUGdvGqVaPD,,,0,0,,Man,,27,Not a visible minority,Graduate Degree,PhD,Doctoral Student & Project Manager,Full time (30+ hours per week),"$50,000-$74.999/year",41+ hours per week,Yes,"YouTube,LinkedIn,Twitter",,"TikTok,Facebook",5-6 hours,Moderate,Always well-balanced,Prefer not to disclose,Self-Diagnosis,Not Applicable,Not Applicable,Not Applicable,Not Applicable,Not Applicable,Not Applicable,Not Applicable,Not Applicable,Not Applicable,,Seven Times,Seven Times,Seven Times,Seven Times,Seven Times,,No,No,No,Yes,No,No,No,Yes,No,,Very Rarely,Rarely,Sometimes,Sometimes,Very Rarely,Very Rarely,Rarely,,Sometimes,Almost Always,Almost Always,Almost Never,Sometimes,Almost Always,Almost Never,Almost Never,Almost Never,Sometimes,Almost Always,Almost Never,Almost Never,Sometimes,Almost Always,Never,Sometimes,Sometimes,Almost Always,Almost Never,Almost Always,,20,70,55,80,120,0,,120,20,10,5,5,0,0,0,0,0,0,0,0,0,0,240,60,5,20,10,5,5,0,0,0,0,0,0,0,0,0,10,5,5,5,5,0,0,0,0,0,0,0,0,0,0,120,60,20,10,10,5,0,0,0,0,0,0,0,0,0
310,1257,2023-03-21 19:37,R_3KZXBFVXzHWGwJd,,,0,0,,Man,,18,Not a visible minority,Undergraduate Degree,Undergraduate Degree,Computer Science,Student,Prefer not to disclose,Prefer not to disclose,No,"Instagram,Snapchat,TikTok,YouTube",,"TikTok,Facebook",9-10 hours,Sedentary,Poor,Vision issues,Medical Diagnosis,Not Applicable,Not Applicable,Medical Diagnosis,Not Applicable,Not Applicable,Medical Diagnosis,Not Applicable,Not Applicable,Not Applicable,,Seven Times,Seven Times,Seven Times,Seven Times,Seven Times,,Yes,Yes,Yes,No,Yes,No,No,Yes,No,,Sometimes,Sometimes,Sometimes,Rarely,Often,Very Rarely,Often,,Sometimes,Sometimes,Sometimes,Sometimes,Sometimes,Sometimes,Sometimes,Sometimes,Sometimes,Sometimes,Sometimes,Sometimes,Sometimes,Sometimes,Sometimes,Sometimes,Sometimes,Sometimes,Almost Always,Sometimes,Sometimes,,200,122,55,269,600,600,,0,0,0,0,0,0,0,0,0,0,0,0,0,0,0,0,0,0,1,1,1,1,1,1,1,1,1,1,1,1,1,1,1,1,1,1,1,1,1,1,1,1,1,1,1,1,1,1,1,1,1,1,1,1,1,1,1,1,1,1,1
311,619,2023-03-21 19:40,R_2yscqeGVvQtzwrV,,,0,0,,Woman,,25,Not a visible minority,Undergraduate Degree,Graduate Degree,Teacher,Full time (30+ hours per week),"$50,000-$74.999/year",26-40 hours per week,No,"Instagram,YouTube",,"TikTok,Facebook",7-8 hours,Moderate,Somewhat well-balanced,Prefer not to disclose,,,,,,,,,,,,Seven Times,Seven Times,Seven Times,Seven Times,Seven Times,,No,No,No,Yes,Yes,No,No,Yes,No,,Sometimes,Often,Often,Very Often,Sometimes,Very Rarely,Very Rarely,,Almost Always,Almost Always,Almost Always,Almost Always,Almost Always,Sometimes,Never,Sometimes,Almost Never,Almost Never,Sometimes,Almost Always,Sometimes,Sometimes,Never,Never,Sometimes,Sometimes,Almost Always,Never,Never,,,0,55,0,0,0,,60,60,60,30,0,0,0,0,0,0,0,0,0,0,0,30,30,5,30,10,10,0,0,0,0,0,0,0,0,0,0,0,0,0,0,0,0,0,0,0,0,0,0,0,0,0,60,60,60,10,10,10,1,0,0,0,0,0,0,0,0
312,1523,2023-03-21 19:42,R_3fplgTd4B0jn0bM,,,0,0,,Woman,,20,Not a visible minority,High School Diploma,Undergraduate Degree,Student/Musician ,Student,"$0-$29,999/year",0-15 hours per week,No,"Instagram,Snapchat,TikTok,YouTube,Facebook,Other",BeReal,"TikTok,Facebook",7-8 hours,Moderate,Mostly well-balanced,Prefer not to disclose,Self-Diagnosis,Self-Diagnosis,Not Applicable,Self-Diagnosis,Not Applicable,Not Applicable,Not Applicable,Not Applicable,Not Applicable,Not Applicable,,Seven Times,Seven Times,One Time,Seven Times,Three Times,,No,Yes,Yes,No,Yes,No,No,Yes,No,,Often,Often,Often,Very Rarely,Sometimes,Very Rarely,Very Rarely,,Almost Always,Almost Always,Almost Always,Almost Always,Almost Always,Almost Always,Sometimes,Almost Never,Sometimes,Almost Always,Sometimes,Sometimes,Sometimes,Sometimes,Almost Always,Never,Sometimes,Sometimes,Almost Always,Sometimes,Sometimes,,60,50,55,29,15,0,,60,60,30,10,5,0,0,0,0,0,0,0,0,0,0,120,120,5,60,60,30,0,0,0,0,0,0,0,0,0,0,0,0,0,0,0,0,0,0,0,0,0,0,0,0,0,60,60,30,30,15,0,0,0,0,0,0,0,0,0,0
313,1062,2023-03-21 19:42,R_3kgESwIkEvCGA4J,,,0,0,,Man,,25,Not a visible minority,Graduate Degree,Graduate Degree,Student,Part time (less than 30 hours per week),"$0-$29,999/year",16-25 hours per week,Yes,"YouTube,Reddit,Facebook",,"TikTok,Facebook",5-6 hours,Sedentary,Poor,,Not Applicable,Not Applicable,Not Applicable,Not Applicable,Not Applicable,Not Applicable,Not Applicable,Not Applicable,Not Applicable,Not Applicable,,Seven Times,Two Times,Three Times,Three Times,Two Times,,No,No,No,Yes,No,No,No,Yes,No,,Sometimes,Sometimes,Rarely,Sometimes,Rarely,Very Rarely,Very Rarely,,Almost Always,Almost Always,Almost Always,Almost Never,Sometimes,Almost Always,Almost Never,Never,Sometimes,Sometimes,Almost Never,Never,Never,Sometimes,Almost Always,Never,Sometimes,Sometimes,Almost Always,Sometimes,Almost Always,,15,15,55,20,30,45,,0,0,0,0,0,0,0,0,0,0,0,0,0,0,0,0,0,5,0,0,0,0,0,0,0,0,0,0,0,0,0,0,0,0,0,0,0,0,0,0,0,0,0,0,0,0,0,0,0,0,0,0,0,0,0,0,0,0,0,0,0
314,1069,2023-03-21 19:43,R_1k0lMOUPP0bF77c,,,0,0,,Woman,,31,Korean,Undergraduate Degree,Undergraduate Degree,student,Student,"$0-$29,999/year",0-15 hours per week,No,"Instagram,YouTube,Facebook",,"TikTok,Facebook",5-6 hours,Sedentary,Somewhat well-balanced,,Not Applicable,Not Applicable,Not Applicable,Not Applicable,Not Applicable,Not Applicable,Not Applicable,Not Applicable,Not Applicable,Not Applicable,,Five Times,Six Times,Seven Times,Four Times,Seven Times,,No,Yes,No,Yes,Yes,No,No,Yes,No,,Rarely,Very Often,Often,Very Often,Rarely,Very Rarely,Very Often,,Always,Always,Sometimes,Almost Always,Sometimes,Never,Never,Sometimes,Almost Never,Never,Sometimes,Almost Never,Never,Almost Always,Never,Never,Always,Almost Always,Almost Always,Never,Sometimes,,6,10,55,10,14,3,,30,30,30,30,30,10,5,5,5,0,0,0,0,0,0,30,100,5,100,100,100,50,30,15,10,5,5,5,0,0,0,0,0,0,0,0,0,0,0,0,0,0,0,0,0,0,500,500,500,300,100,100,30,17,9,5,0,0,0,0,0
315,800,2023-03-21 19:44,R_5dpRvsQQxZYV6o1,,,0,0,,Woman,,24,South Asian,Undergraduate Degree,Graduate Degree,,Unemployed,Prefer not to disclose,0-15 hours per week,No,"Instagram,Snapchat,TikTok,YouTube,LinkedIn,Twitter,Reddit,Facebook,Pinterest",,"TikTok,Facebook",5-6 hours,Active,Mostly well-balanced,Prefer not to disclose,Medical Diagnosis,Medical Diagnosis,,,,,,,,,,Seven Times,Three Times,Three Times,Seven Times,Six Times,,Yes,No,No,Yes,No,No,No,Yes,No,,Often,Often,Often,Rarely,Very Rarely,Very Rarely,Very Rarely,,Always,Always,Always,Always,Always,Almost Always,Sometimes,Never,Never,Always,Sometimes,Sometimes,Almost Never,Almost Always,Almost Always,Sometimes,Almost Always,Almost Always,Almost Always,Almost Never,Sometimes,,41,21,55,26,0,,,0,0,0,0,0,0,0,0,0,0,0,0,0,0,0,60,60,60,60,60,30,10,5,0,0,0,0,0,0,0,0,500,300,300,100,100,100,90,80,70,30,0,0,0,0,0,1000,1000,500,300,250,100,100,60,0,0,0,0,0,0,0
316,983,2023-03-21 19:44,R_PRv4c8E1S1oREtz,,,0,5,,Woman,,21,Not a visible minority,Undergraduate Degree,Undergraduate Degree,student,Student,"$0-$29,999/year",0-15 hours per week,No,"Snapchat,TikTok,LinkedIn",,"TikTok,Facebook",7-8 hours,Sedentary,Poor,Muscular/Skeletal issues,Medical Diagnosis,Not Applicable,Medical Diagnosis,Medical Diagnosis,Not Applicable,Not Applicable,Medical Diagnosis,Not Applicable,Not Applicable,Not Applicable,,Seven Times,Seven Times,Four Times,Seven Times,Four Times,,Yes,No,No,Yes,Yes,No,No,Yes,No,,Often,Sometimes,Often,Sometimes,Rarely,Very Rarely,Sometimes,,Almost Always,Almost Always,Always,Almost Always,Almost Always,Almost Always,Sometimes,Almost Never,Almost Never,Sometimes,Sometimes,Almost Never,Almost Never,Sometimes,Almost Always,Never,Sometimes,Almost Never,Almost Always,Almost Always,Sometimes,,60,58,55,25,10,2,,90,90,90,90,45,13,3,2,0,0,0,0,0,0,0,150,150,5,150,95,45,30,10,2,1,0,0,0,0,0,0,100,100,90,40,30,10,3,1,0,0,0,0,0,0,0,150,150,100,60,45,30,10,3,3,1,0,0,0,0,0
317,2519,2023-03-21 19:46,R_22RnNWEDBepwreG,,,0,0,,Woman,,20,South Asian,High School Diploma,Undergraduate Degree,full time student,Part time (less than 30 hours per week),"$0-$29,999/year",0-15 hours per week,No,"Instagram,YouTube,Other",WeChat,"TikTok,Facebook",7-8 hours,Sedentary,Mostly well-balanced,Prefer not to disclose,Not Applicable,Not Applicable,Not Applicable,Not Applicable,Not Applicable,Not Applicable,Not Applicable,Not Applicable,Not Applicable,Not Applicable,,Five Times,Seven Times,Seven Times,Seven Times,Five Times,,No,No,No,No,No,No,No,No,No,,Rarely,Sometimes,Rarely,Rarely,Very Rarely,Very Rarely,Sometimes,,Almost Always,Almost Always,Almost Always,Almost Always,Always,Sometimes,Never,Almost Never,Never,Never,Never,Never,Sometimes,Never,Never,Never,Sometimes,Sometimes,Almost Always,Never,Almost Always,,25,16,55,187,418,562,,0,0,0,0,0,0,0,0,0,0,0,0,0,0,0,120,100,60,60,60,45,45,20,0,0,0,0,0,0,0,0,0,0,0,0,0,0,0,0,0,0,0,0,0,0,0,30,30,30,30,20,20,10,0,0,0,0,0,0,0,0
318,585,2023-03-21 19:48,R_1NeopCvIGQM2yjl,,,0,0,,Man,,19,South Asian,High School Diploma,Undergraduate Degree,Student,Student,"$0-$29,999/year",16-25 hours per week,No,"Instagram,Snapchat,TikTok,YouTube",,"TikTok,Facebook",7-8 hours,Active,Mostly well-balanced,Prefer not to disclose,Not Applicable,Self-Diagnosis,Not Applicable,Not Applicable,Not Applicable,Not Applicable,Not Applicable,Not Applicable,Not Applicable,Not Applicable,,Seven Times,Five Times,Five Times,Seven Times,Seven Times,,No,No,No,Yes,No,No,No,No,No,,Rarely,Rarely,Sometimes,Sometimes,Sometimes,Very Rarely,Very Rarely,,Almost Always,Almost Always,Almost Always,Almost Always,Almost Always,Almost Always,Almost Always,Never,Never,Almost Never,Never,Sometimes,Sometimes,Almost Never,Sometimes,Sometimes,Sometimes,Almost Always,Almost Always,Never,Almost Always,,322,207,55,460,128,0,,50,40,20,10,5,5,2,0,0,0,0,0,0,0,0,50,50,5,10,10,10,5,5,1,0,0,0,0,0,0,0,0,0,0,0,0,0,0,0,0,0,0,0,0,0,0,20,20,20,10,10,5,0,0,0,0,0,0,0,0,0
319,1182,2023-03-21 19:48,R_3NJt4oqHjOPrAf8,,,0,0,,Woman,,19,Not a visible minority,High School Diploma,Undergraduate Degree,Psychology Major,Student,"$0-$29,999/year",16-25 hours per week,No,"Instagram,Snapchat,TikTok,YouTube,Twitter,Reddit,Facebook",,"TikTok,Facebook",7-8 hours,Moderate,Somewhat well-balanced,Prefer not to disclose,Medical Diagnosis,Self-Diagnosis,Self-Diagnosis,Medical Diagnosis,Not Applicable,Not Applicable,Medical Diagnosis,Self-Diagnosis,Not Applicable,Not Applicable,,Seven Times,Five Times,Three Times,Six Times,Six Times,,No,No,No,Yes,No,No,No,Yes,No,,Sometimes,Sometimes,Often,Sometimes,Very Rarely,Very Rarely,Sometimes,,Sometimes,Almost Always,Almost Always,Sometimes,Sometimes,Sometimes,Sometimes,Never,Almost Never,Almost Never,Sometimes,Sometimes,Almost Never,Almost Always,Almost Always,Never,Sometimes,Almost Always,Almost Always,Sometimes,Almost Always,,10,15,55,20,22,26,,1000,200,100,250,20,10,3.5,1,1,0,0,0,0,0,0,2000,1000,5,155,80,10,20,6,3,2,0,0,0,0,0,0,500,100,40,20,10,5,2,1,0,0,0,0,0,0,0,1000,200,80,40,20,10,3,2,1,0,0,0,0,0,0
320,11416,2023-03-21 19:50,R_263eGfUKwmt0Rqg,,,0,0,,Woman,,19,Other,High School Diploma,Undergraduate Degree,Student ,Student,"$0-$29,999/year",0-15 hours per week,Yes,"Instagram,Facebook",,"TikTok,Facebook",7-8 hours,Moderate,Somewhat well-balanced,,Self-Diagnosis,Not Applicable,Not Applicable,Not Applicable,Not Applicable,Not Applicable,Not Applicable,Not Applicable,Not Applicable,Not Applicable,,Six Times,Six Times,Six Times,Seven Times,Six Times,,No,No,No,Yes,Yes,No,No,Yes,No,,Sometimes,Rarely,Often,Often,Very Rarely,Very Rarely,Rarely,,Almost Always,Almost Always,Always,Almost Never,Almost Always,Never,Never,Never,Never,Never,Sometimes,Never,Never,Sometimes,Never,Never,Almost Never,Never,Almost Always,Never,Almost Always,,60,60,55,60,60,60,,100,20,10,5,0,0,0,0,0,0,0,0,0,0,0,200,100,5,50,20,10,5,0,0,0,0,0,0,0,0,0,0,0,0,0,0,0,0,0,0,0,0,0,0,0,0,100,50,20,20,10,10,0,0,0,0,0,0,0,0,0
321,1460,2023-03-21 19:53,R_bKrU23Qh6x5ym4h,,,0,0,,Woman,,20,Jewish,Undergraduate Degree,Undergraduate Degree,student,Student,"$0-$29,999/year",0-15 hours per week,No,"Instagram,Snapchat,TikTok,YouTube,LinkedIn,Facebook",,"TikTok,Facebook",7-8 hours,Sedentary,Somewhat well-balanced,Prefer not to disclose,Self-Diagnosis,Not Applicable,Self-Diagnosis,Not Applicable,Not Applicable,Not Applicable,Not Applicable,Not Applicable,Not Applicable,Not Applicable,,Seven Times,Six Times,Six Times,Seven Times,Six Times,,No,No,No,Yes,Yes,No,No,Yes,No,,Sometimes,Often,Often,Rarely,Sometimes,Rarely,Sometimes,,Always,Almost Always,Almost Always,Almost Always,Always,Almost Always,Almost Never,Sometimes,Almost Never,Almost Always,Almost Always,Sometimes,Almost Never,Always,Almost Always,Never,Almost Always,Almost Always,Almost Always,Almost Never,Sometimes,,200,150,55,115,70,60,,60 minutes/day,40 minutes/day,25 minutes/day,10 minutes,10 min/day,5min/day,0 minutres/day,0 min/day,0 min/day,0 min/day,0 min/day,0 min/day,0 min/day,0 min/day,0 min/day,200 minutes/day,150 min/day,$5.00,100 min/day,75min/day,60 min/day,20 min/day,5 min/dat,0 min/day,0 min/day,0 min/day,0 min/day,0 min/day,0 min/day,0 min/day,0 min/day,100 min/day,50 min/day,35 min/day,5 min./day,10 min/day,0 min/day,0 min/day,0 min/day,0 min/day,0 min/day,0 min/day,0 min/day,0 min/day,0 min/day,0 min/day,300 min/day,250 min/day,200 min/day,150 min/day,120 min/day,20 min/day,5 min/day,0 min/day,0 min/day,0 min/day,0 min/day,0 min/day,0 min/day,0 min/day,0 min/day
322,622,2023-03-21 19:53,R_238DmYUWaCCwPzZ,,,0,0,,Woman,,20,Not a visible minority,High School Diploma,Undergraduate Degree,Student,Student,Prefer not to disclose,Prefer not to disclose,No,"Instagram,YouTube,Reddit,Other",Tumblr,"TikTok,Facebook",7-8 hours,Moderate,Somewhat well-balanced,Prefer not to disclose,Medical Diagnosis,,,Medical Diagnosis,,,,,,,,Three Times,Three Times,Three Times,Three Times,Three Times,,No,No,No,Yes,Yes,No,Yes,Yes,Yes,,Very Rarely,Very Rarely,Sometimes,Sometimes,Rarely,Very Rarely,Sometimes,,Almost Always,Sometimes,Sometimes,Sometimes,Sometimes,Sometimes,Sometimes,Sometimes,Sometimes,Sometimes,Sometimes,Sometimes,Sometimes,Sometimes,Always,Never,Sometimes,Almost Never,Almost Always,Sometimes,Almost Always,,10,10,55,0,,,,2000,20,20,20,20,0,0,0,0,0,0,0,0,0,0,100,100,5,30,30,30,10,0,0,0,0,0,0,0,0,0,0,0,0,0,0,0,0,0,0,0,0,0,0,0,0,1000,1000,300,300,300,30,0,0,0,0,0,0,0,0,0
323,747,2023-03-21 19:53,R_T6ZLW9gsWRzuYed,,,0,0,,Woman,,20,South Asian,Undergraduate Degree,Undergraduate Degree,Student,Student,Prefer not to disclose,26-40 hours per week,No,"Instagram,Snapchat,TikTok,YouTube",,"TikTok,Facebook",7-8 hours,Moderate,Somewhat well-balanced,,Not Applicable,Not Applicable,Not Applicable,Not Applicable,Not Applicable,Not Applicable,Not Applicable,Not Applicable,Not Applicable,Not Applicable,,Seven Times,Seven Times,Seven Times,Seven Times,Seven Times,,No,No,No,Yes,No,No,No,No,No,,Sometimes,Sometimes,Very Rarely,Sometimes,Very Rarely,Very Rarely,Very Rarely,,Almost Always,Almost Always,Almost Always,Almost Always,Almost Always,Almost Always,Sometimes,Never,Almost Never,Sometimes,Never,Almost Always,Almost Never,Sometimes,Sometimes,Sometimes,Almost Never,Sometimes,Almost Always,Never,Almost Always,,4,8,55,10,20,22,,20,20,20,15,10,2,1,0,0,0,0,0,0,0,0,100,80,5,75,50,40,10,5,0,0,0,0,0,0,0,0,50,50,40,30,20,10,0,0,0,0,0,0,0,0,0,10,10,10,10,10,5,0,0,0,0,0,0,0,0,0
324,603,2023-03-21 19:57,R_3fHjChCS54AsScC,,,0,0,,Woman,,23,Not a visible minority,Undergraduate Degree,Undergraduate Degree,Front Desk Clerk,Full time (30+ hours per week),"$0-$29,999/year",26-40 hours per week,No,"Instagram,TikTok,YouTube,Reddit",,"TikTok,Facebook",5-6 hours,Moderate,Somewhat well-balanced,,Medical Diagnosis,Not Applicable,Not Applicable,Medical Diagnosis,Not Applicable,Not Applicable,Self-Diagnosis,Not Applicable,Not Applicable,Not Applicable,,Seven Times,Seven Times,Seven Times,Seven Times,Seven Times,,No,No,No,Yes,Yes,No,No,Yes,No,,Rarely,Rarely,Sometimes,Rarely,Rarely,Very Rarely,Very Rarely,,Almost Always,Almost Always,Almost Always,Almost Always,Almost Always,Almost Always,Almost Never,Almost Always,Never,Almost Always,Almost Never,Sometimes,Never,Sometimes,Sometimes,Sometimes,Almost Always,Almost Always,Almost Always,Never,Almost Always,,92,158,55,142,12,12,,180,60,20,10,6,2,1,1,0,0,0,0,0,0,0,5,2,5,5,4,2,1,1,0,0,0,0,0,0,0,0,0,0,0,0,0,0,0,0,0,0,0,0,0,0,0,10,5,10,10,4,3,1,1,0,0,0,0,0,0,0
325,1538,2023-03-21 19:58,R_3PoEFbRhV4trssq,,,0,0,,Woman,,19,South Asian,High School Diploma,Undergraduate Degree,student,Student,"$0-$29,999/year",0-15 hours per week,No,"Instagram,Snapchat,TikTok",,"TikTok,Facebook",5-6 hours,Moderate,Somewhat well-balanced,Prefer not to disclose,Self-Diagnosis,Not Applicable,Not Applicable,Not Applicable,Not Applicable,Not Applicable,Not Applicable,Not Applicable,Not Applicable,Not Applicable,,Seven Times,Seven Times,Seven Times,Four Times,Seven Times,,No,No,No,Yes,Yes,No,No,Yes,No,,Sometimes,Often,Very Often,Very Often,Very Rarely,Very Rarely,Sometimes,,Almost Always,Sometimes,Always,Almost Always,Almost Always,Sometimes,Almost Never,Sometimes,Almost Always,Almost Never,Almost Always,Sometimes,Sometimes,Almost Always,Almost Never,Almost Never,Sometimes,Sometimes,Almost Always,Never,Sometimes,,30,31,55,15,10,3,,180,180,120,120,60,30,30,15,10,0,0,0,0,0,0,60,60,5,60,45,45,20,15,5,2,1,0,0,0,0,0,45,45,30,30,30,10,5,2,0,0,0,0,0,0,0,240,180,180,120,120,60,45,45,30,20,10,5,0,0,0
326,5943,2023-03-21 20:00,R_2rMzDDU34m4jI4n,,,0,0,,Woman,,20,Korean,High School Diploma,Undergraduate Degree,Student,Student,Prefer not to disclose,0-15 hours per week,No,"Instagram,Snapchat,TikTok",,"TikTok,Facebook",7-8 hours,Moderate,Somewhat well-balanced,Vision issues,Self-Diagnosis,Not Applicable,Not Applicable,Not Applicable,Not Applicable,Not Applicable,Not Applicable,Not Applicable,Not Applicable,Not Applicable,,Seven Times,Seven Times,Two Times,Seven Times,Four Times,,No,No,No,Yes,Yes,No,Yes,Yes,No,,Sometimes,Sometimes,Often,Often,Rarely,Very Rarely,Sometimes,,Sometimes,Almost Always,Almost Always,Sometimes,Almost Always,Sometimes,Almost Always,Almost Always,Almost Always,Sometimes,Almost Always,Sometimes,Almost Never,Almost Always,Almost Always,Almost Never,Almost Always,Almost Always,Almost Always,Sometimes,Sometimes,,143,216,55,280,299,405,,200,100,50,50,50,25,15,10,5,1,1,0,0,0,0,60,50,5,25,25,20,20,15,10,10,5,0,0,0,0,0,100,100,75,50,50,25,20,15,10,5,1,0,0,0,0,100,100,75,50,25,20,20,15,10,5,1,0,0,0,0
327,1019,2023-03-21 20:03,R_3R3LZJu01ielBzz,,,0,0,,Man,,19,Not a visible minority,High School Diploma,Undergraduate Degree,Customer Service,Part time (less than 30 hours per week),"$0-$29,999/year",0-15 hours per week,No,"Instagram,Snapchat,YouTube,LinkedIn,Reddit",,"TikTok,Facebook",7-8 hours,Sedentary,Somewhat well-balanced,Vision issues,Not Applicable,Not Applicable,Not Applicable,Not Applicable,Medical Diagnosis,Not Applicable,Not Applicable,Not Applicable,Not Applicable,Not Applicable,,Seven Times,Seven Times,Seven Times,Seven Times,Seven Times,,No,Yes,No,No,Yes,No,No,Yes,No,,Sometimes,Rarely,Rarely,Rarely,Very Rarely,Very Rarely,Sometimes,,Always,Always,Always,Almost Never,Always,Almost Always,Never,Never,Almost Never,Sometimes,Sometimes,Almost Always,Almost Never,Sometimes,Almost Never,Almost Never,Sometimes,Sometimes,Almost Always,Never,Sometimes,,247,361,55,399,600,600,,500,100,30,15,10,0,0,0,0,0,0,0,0,0,0,500,100,10,50,15,15,10,0,0,0,0,0,0,0,0,0,500,100,50,20,10,5,0,0,0,0,0,0,0,0,0,600,150,60,30,15,10,0,0,0,0,0,0,0,0,0
328,956,2023-03-21 20:03,R_R9yL09AL4KaxwYx,,,0,10,,Man,,20,Arab,Undergraduate Degree,Undergraduate Degree,Sales Consultant,Part time (less than 30 hours per week),"$0-$29,999/year",16-25 hours per week,No,"Instagram,YouTube,Reddit",,,5-6 hours,Sedentary,Poor,Prefer not to disclose,Not Applicable,Not Applicable,Not Applicable,Not Applicable,Not Applicable,Not Applicable,Not Applicable,Not Applicable,Not Applicable,Not Applicable,,Seven Times,Seven Times,Seven Times,Seven Times,Seven Times,,No,No,No,No,No,No,No,No,No,,Very Rarely,Very Rarely,Rarely,Very Rarely,Sometimes,Very Rarely,Sometimes,,Always,Always,Almost Always,Almost Always,Always,Always,Sometimes,Never,Never,Almost Never,Never,Never,Never,Sometimes,Almost Always,Never,Always,Almost Always,Almost Always,Never,Always,,120,100,55,60,10,2,,720,240,60,30,30,10,0,0,0,0,0,0,0,0,0,10,10,0,10,10,3,3,0,0,0,0,0,0,0,0,0,10,5,5,5,0,0,0,0,0,0,0,0,0,0,0,720,120,120,120,60,15,0,0,0,0,0,0,0,0,0
329,823,2023-03-21 20:04,R_2yqKHXmWlc5RMz9,,TRUE,98,0,2023-03-22 0:21,Woman,,21,Not a visible minority,High School Diploma,Undergraduate Degree,Residence don,Part time (less than 30 hours per week),"$0-$29,999/year",0-15 hours per week,No,"Instagram,Snapchat,TikTok,YouTube,LinkedIn",,"TikTok,Facebook",7-8 hours,Active,Somewhat well-balanced,Prefer not to disclose,Not Applicable,Not Applicable,Not Applicable,Not Applicable,Not Applicable,Not Applicable,Not Applicable,Not Applicable,Not Applicable,Not Applicable,,Six Times,Three Times,Three Times,Five Times,Four Times,,No,No,No,No,No,No,No,Yes,No,,Rarely,Rarely,Sometimes,Rarely,Very Rarely,Very Rarely,Rarely,,Almost Always,Almost Always,Sometimes,Sometimes,Almost Always,Almost Always,Almost Never,Never,Sometimes,Sometimes,Sometimes,Almost Never,Almost Always,Sometimes,Never,Never,Almost Never,Sometimes,Almost Always,Never,Sometimes,,19,10,55,20,10,0,,100,50,50,40,20,10,5,3,1,0,0,0,0,0,0,100,50,5,40,40,20,10,5,4,2,0,0,0,0,0,0,0,0,0,0,0,0,0,0,0,0,0,0,0,0,0,200,100,100,20,10,10,8,6,2,1,0,0,0,0,0
330,1112,2023-03-21 20:06,R_1KvwF2Uj4msvU8O,,,0,0,,Woman,,22,Not a visible minority,High School Diploma,Undergraduate Degree,Student,Unemployed,"$0-$29,999/year",0-15 hours per week,No,"Instagram,Snapchat,TikTok,YouTube,Twitter",,"TikTok,Facebook",9-10 hours,Active,Somewhat well-balanced,Prefer not to disclose,Medical Diagnosis,Self-Diagnosis,Not Applicable,Not Applicable,Not Applicable,Not Applicable,Self-Diagnosis,Not Applicable,Not Applicable,Not Applicable,,Seven Times,Seven Times,Seven Times,Seven Times,Seven Times,,Yes,No,Yes,Yes,Yes,No,No,Yes,No,,Sometimes,Often,Often,Sometimes,Rarely,Very Rarely,Often,,Almost Always,Sometimes,Always,Sometimes,Sometimes,Almost Always,Almost Always,Almost Always,Sometimes,Always,Sometimes,Sometimes,Almost Never,Sometimes,Almost Always,Never,Almost Always,Sometimes,Almost Always,Sometimes,Almost Always,,60,30,55,60,20,10,,4000,3000,2800,1000,200,60,30,25,10,0,0,0,0,0,0,4000,3500,5,3000,2000,200,100,50,25,10,5,0,0,0,0,0,5000,4000,3000,2000,400,200,150,100,25,10,0,0,0,0,0,5000,4000,3500,1500,500,300,250,150,25,5,0,0,0,0,0
331,1807,2023-03-21 20:12,R_2V4pUmB8WdTggUQ,,,0,0,,Man,,23,Not a visible minority,High School Diploma,Undergraduate Degree,Student,Student,"$0-$29,999/year",0-15 hours per week,No,"Instagram,Snapchat,Twitter",,"TikTok,Facebook",5-6 hours,Moderate,Poor,Muscular/Skeletal issues,,,,Medical Diagnosis,,,,,,,,Seven Times,Seven Times,Five Times,Seven Times,Seven Times,,No,No,Yes,Yes,No,No,No,No,No,,Sometimes,Sometimes,Sometimes,Often,Rarely,Very Rarely,Rarely,,Almost Always,Almost Always,Almost Always,Almost Always,Almost Always,Sometimes,Almost Always,Sometimes,Almost Always,Almost Always,Almost Never,Almost Never,Almost Never,Almost Always,Almost Always,Sometimes,Almost Always,Almost Always,Almost Always,Almost Never,Almost Always,,20,15,55,10,2,0,,250,220,180,100,100,50,2,1,0,0,0,0,0,0,0,500,500,150,450,425,350,300,250,200,75,10,1,0,0,0,0,0,200,75,20,10,5,1,0,0,0,0,0,0,0,0,550,525,465,450,350,300,100,15,5,1,0,0,0,0,0
332,1173,2023-03-21 20:15,R_3Lk8oDiDxhaerJC,,,0,0,,Woman,,21,Not a visible minority,College Diploma,Undergraduate Degree,Fast-food worker,Part time (less than 30 hours per week),"$0-$29,999/year",16-25 hours per week,No,"Instagram,TikTok,YouTube,Twitter",,"TikTok,Facebook",7-8 hours,Moderate,Poor,Vision issues,Not Applicable,Not Applicable,Not Applicable,Not Applicable,Not Applicable,Not Applicable,Not Applicable,Not Applicable,Not Applicable,Not Applicable,,Seven Times,Three Times,Two Times,Seven Times,Five Times,,No,No,No,Yes,Yes,No,No,No,No,,Very Rarely,Very Rarely,Sometimes,Rarely,Very Rarely,Very Rarely,Very Rarely,,Almost Always,Always,Sometimes,Almost Always,Always,Almost Always,Almost Never,Never,Almost Never,Sometimes,Never,Almost Never,Never,Sometimes,Almost Never,Never,Sometimes,Sometimes,Almost Always,Almost Never,Sometimes,,10,5,55,10,10,10,,1,30,60,60,30,5,5,1,0,0,0,0,0,0,0,500,60,5,60,60,60,30,15,1,1,0,0,0,0,0,0,5,5,5,5,5,5,1,1,0,0,0,0,0,0,0,500,120,60,60,60,15,5,1,1,0,0,0,0,0,0
333,1038,2023-03-21 20:15,R_24pzQaAkhuLXljt,,TRUE,89,0,2023-03-21 22:49,Woman,,19,South Asian,High School Diploma,Undergraduate Degree,Student,Student,"$0-$29,999/year",0-15 hours per week,No,"Instagram,Snapchat,TikTok,LinkedIn",,"TikTok,Facebook",5-6 hours,Moderate,Somewhat well-balanced,Prefer not to disclose,Not Applicable,Not Applicable,Not Applicable,Not Applicable,Not Applicable,Not Applicable,Not Applicable,Not Applicable,Not Applicable,Not Applicable,,Seven Times,Seven Times,Seven Times,Seven Times,Three Times,,No,No,No,Yes,Yes,No,No,No,No,,Sometimes,Rarely,Very Rarely,Sometimes,Rarely,Very Rarely,Sometimes,,Sometimes,Sometimes,Always,Almost Always,Always,Almost Always,Sometimes,Almost Never,Almost Never,Sometimes,Never,Sometimes,Sometimes,Sometimes,Sometimes,Never,Sometimes,Sometimes,Almost Always,Almost Never,Almost Always,,2,5,55,3,3,3,,300,300,100,64,10,10,3,0,0,0,0,0,0,0,0,500,400,5,200,32,0,0,0,0,0,0,0,0,0,0,0,200,100,50,40,10,0,0,0,0,0,0,0,0,0,0,400,300,200,40,20,5,0,0,0,0,0,0,0,0,0
334,1118,2023-03-21 20:15,R_2VDfaJY1M8LTIwM,,,0,0,,Woman,,19,Arab,High School Diploma,Undergraduate Degree,student/bank-teller,Part time (less than 30 hours per week),"$0-$29,999/year",0-15 hours per week,No,"Instagram,Snapchat,TikTok",,"TikTok,Facebook",7-8 hours,Active,Somewhat well-balanced,Prefer not to disclose,Not Applicable,Not Applicable,Not Applicable,Not Applicable,Not Applicable,Not Applicable,Not Applicable,Not Applicable,Not Applicable,Not Applicable,,Seven Times,Seven Times,Seven Times,Seven Times,Seven Times,,No,Yes,Yes,Yes,Yes,Yes,Yes,Yes,No,,Very Often,Very Often,Very Often,Often,Sometimes,Very Rarely,Often,,Always,Always,Always,Always,Always,Always,Almost Never,Sometimes,Never,Always,Almost Always,Sometimes,Almost Always,Always,Always,Never,Almost Always,Always,Almost Always,Always,Always,,15,30,55,41,46,82,,6000,1000,500,200,100,60,20,10,6,2,1,0,0,0,0,6000,1000,60,500,200,100,60,20,10,6,2,1,0,0,0,0,6000,1000,500,200,100,60,20,10,6,2,1,0,0,0,0,6000,1000,500,200,100,60,20,10,6,2,1,0,0,0,0
335,14271,2023-03-21 20:16,R_tSVcmNBtsBJll0B,,,0,0,,Man,,20,Chinese,Undergraduate Degree,Undergraduate Degree,student,Unemployed,"$0-$29,999/year",0-15 hours per week,No,"Instagram,Snapchat,YouTube,Twitter,Reddit",,"TikTok,Facebook",5-6 hours,Active,Mostly well-balanced,Sleep issues,Not Applicable,Not Applicable,Not Applicable,Not Applicable,Not Applicable,Not Applicable,Not Applicable,Not Applicable,Not Applicable,Not Applicable,,Seven Times,Seven Times,Seven Times,Seven Times,Seven Times,,No,No,Yes,No,No,Yes,No,No,Yes,,Sometimes,Sometimes,Sometimes,Sometimes,Sometimes,Rarely,Rarely,,Sometimes,Almost Never,Sometimes,Almost Always,Sometimes,Sometimes,Sometimes,Sometimes,Almost Never,Almost Always,Sometimes,Sometimes,Sometimes,Sometimes,Almost Never,Sometimes,Sometimes,Sometimes,Almost Always,Sometimes,Sometimes,,101,51,55,69,206,71,,5,5,2,3,2,2,3,1,1,0,0,0,0,0,0,5,5,2,3,3,3,3,3,3,2,1,2,0,0,0,0,0,0,0,0,0,0,0,0,0,0,0,0,0,0,0,0,0,0,0,0,0,0,0,0,0,0,0,0,0,0
336,12216,2023-03-21 20:24,R_cNKD0dzWbpSZwsx,,,0,0,,Woman,,18,Chinese,Undergraduate Degree,Undergraduate Degree,not employed,Student,"$0-$29,999/year",0-15 hours per week,No,"Instagram,YouTube",,"TikTok,Facebook",7-8 hours,Moderate,Somewhat well-balanced,Vision issues,Not Applicable,Not Applicable,Not Applicable,Self-Diagnosis,Not Applicable,Not Applicable,Not Applicable,Not Applicable,Not Applicable,Not Applicable,,Seven Times,Two Times,Never,Seven Times,Never,,No,No,No,Yes,Yes,No,No,Yes,No,,Very Rarely,Sometimes,Rarely,Often,Very Rarely,Very Rarely,Sometimes,,Almost Always,Almost Always,Always,Almost Always,Always,Sometimes,Never,Sometimes,Almost Never,Almost Always,Sometimes,Almost Always,Almost Never,Almost Always,Sometimes,Sometimes,Almost Always,Almost Always,Almost Always,Almost Never,Almost Always,,30,45,55,60,90,100,,0,0,0,0,0,0,0,0,0,0,0,0,0,0,0,0,0,0,0,0,0,0,0,0,0,0,0,0,0,0,0,0,0,0,0,0,0,0,0,0,0,0,0,0,0,0,100,0,0,0,0,0,0,0,0,0,0,0,0,0,0
337,12579,2023-03-21 20:24,R_siA1U7F9TIdOUHT,,,0,0,,Woman,,24,South Asian,Graduate Degree,Graduate Degree,Student,Part time (less than 30 hours per week),"$0-$29,999/year",16-25 hours per week,Yes,"Instagram,TikTok,LinkedIn,Facebook",,"TikTok,Facebook",7-8 hours,Active,Somewhat well-balanced,Vision issues,Not Applicable,Not Applicable,Not Applicable,Not Applicable,Not Applicable,Not Applicable,Not Applicable,Not Applicable,Not Applicable,Not Applicable,,Two Times,Three Times,Never,Three Times,Never,,No,No,No,Yes,Yes,No,No,Yes,No,,Very Rarely,Sometimes,Sometimes,Sometimes,Very Rarely,Very Rarely,Rarely,,Sometimes,Almost Always,Always,Sometimes,Never,Almost Always,Almost Never,Never,Never,Almost Always,Never,Sometimes,Sometimes,Sometimes,Almost Always,Sometimes,Almost Never,Almost Always,Almost Always,Sometimes,Almost Always,,100,27,55,25,10,6,,15,10,12,4,2,1,0,0,0,0,0,0,0,0,0,100,50,1,8,4,2,1,0,0,0,0,0,0,0,0,0,0,0,0,0,0,0,0,0,0,0,0,0,0,0,0,0,0,0,0,p,0,0,0,0,0,0,0,0,0,0
338,947,2023-03-21 20:25,R_25F8VL1ZTDn49wn,,,0,0,,Woman,,25,South Asian,Undergraduate Degree,Graduate Degree,Student,Student,"$0-$29,999/year",26-40 hours per week,No,"YouTube,Pinterest",,"TikTok,Facebook",7-8 hours,Moderate,Somewhat well-balanced,Prefer not to disclose,Not Applicable,Self-Diagnosis,Not Applicable,Self-Diagnosis,Not Applicable,Not Applicable,Not Applicable,Not Applicable,Not Applicable,Not Applicable,,Two Times,Never,Four Times,Two Times,Never,,No,No,No,Yes,Yes,No,No,Yes,No,,Rarely,Sometimes,Sometimes,Sometimes,Very Rarely,Very Rarely,Sometimes,,Almost Always,Sometimes,Never,Almost Always,Never,Almost Never,Never,Never,Sometimes,Never,Sometimes,Almost Never,Never,Almost Always,Never,Never,Almost Always,Sometimes,Almost Always,Never,Sometimes,,0,0,55,0,0,0,,30,30,30,15,10,0,0,0,0,0,0,0,0,0,0,100,100,5,100,75,50,10,0,0,0,0,0,0,0,0,0,0,0,0,0,0,0,0,0,0,0,0,0,0,0,0,30,30,30,15,5,0,0,0,0,0,0,0,0,0,0
339,6543,2023-03-21 20:25,R_333AKkcdzIksifc,,,0,0,,I identify as,gender queer ,19,Not a visible minority,High School Diploma,Undergraduate Degree,student worker for Ontario parks,Student,"$0-$29,999/year",0-15 hours per week,No,"Instagram,Snapchat,TikTok,YouTube,Facebook,Pinterest",,"TikTok,Facebook",7-8 hours,Sedentary,Poor,,Medical Diagnosis,Medical Diagnosis,Medical Diagnosis,Medical Diagnosis,,,,,,,,Four Times,Two Times,Seven Times,Five Times,Seven Times,,No,Yes,No,No,No,No,No,Yes,No,,Rarely,Sometimes,Often,Rarely,Sometimes,Very Rarely,Sometimes,,Always,Always,Always,Always,Sometimes,Always,Sometimes,Never,Almost Never,Almost Never,Almost Never,Sometimes,Sometimes,Sometimes,Almost Never,Almost Never,Sometimes,Almost Always,Almost Always,Almost Never,Sometimes,,76,60,55,25,14,10,,300,150,150,100,75,25,15,5,0,0,0,0,0,0,0,500,300,5,250,150,100,50,20,10,0,0,0,0,0,0,0,200,100,50,50,20,0,0,0,0,0,0,0,0,0,0,1000,200,150,100,75,50,10,0,0,0,0,0,0,0,0
340,995,2023-03-21 20:28,R_WwUssg2PnA7xqRr,,,0,0,,Woman,,19,Southeast Asian,Undergraduate Degree,Undergraduate Degree,student,Student,"$0-$29,999/year",0-15 hours per week,No,"Instagram,Snapchat,TikTok",,"TikTok,Facebook",7-8 hours,Active,Somewhat well-balanced,Prefer not to disclose,Medical Diagnosis,Not Applicable,Not Applicable,Not Applicable,Not Applicable,Not Applicable,Self-Diagnosis,Not Applicable,Not Applicable,Not Applicable,,Five Times,Two Times,Three Times,One Time,Seven Times,,No,Yes,Yes,Yes,No,No,No,Yes,No,,Sometimes,Sometimes,Often,Rarely,Rarely,Very Rarely,Rarely,,Sometimes,Sometimes,Sometimes,Sometimes,Sometimes,Sometimes,Almost Never,Sometimes,Sometimes,Almost Always,Sometimes,Sometimes,Almost Always,Sometimes,Almost Never,Almost Never,Almost Never,Almost Never,Almost Always,Almost Always,Sometimes,,343,265,52,277,368,161,,80,60,50,45,40,30,20,5,4,2,0,0,0,0,0,300,300,250,60,60,50,40,20,20,16,15,2,0,0,0,0,40,40,20,15,15,15,10,0,0,0,0,0,0,0,0,10,100,100,90,50,40,20,10,6,2,0,0,0,0,0
341,692,2023-03-21 20:30,R_8ul1u6AdnDnQjx7,,,0,0,,Man,,21,Chinese,Prefer not to disclose,Prefer not to disclose,student,Prefer not to disclose,Prefer not to disclose,Prefer not to disclose,No,"Instagram,YouTube",,"TikTok,Facebook",7-8 hours,Moderate,Somewhat well-balanced,Prefer not to disclose,Self-Diagnosis,Self-Diagnosis,Not Applicable,Self-Diagnosis,Not Applicable,Not Applicable,Self-Diagnosis,Not Applicable,Not Applicable,Not Applicable,,Five Times,Six Times,Seven Times,Six Times,Seven Times,,Yes,Yes,Yes,Yes,Yes,No,Yes,Yes,No,,Often,Often,Often,Often,Rarely,Very Rarely,Sometimes,,Almost Always,Almost Always,Almost Always,Almost Always,Almost Always,Almost Always,Almost Always,Almost Always,Almost Never,Almost Never,Almost Never,Almost Never,Almost Never,Sometimes,Almost Never,Never,Almost Never,Sometimes,Almost Always,Almost Always,Almost Always,,35,44,55,49,113,52,,0,0,0,0,0,0,0,0,0,0,0,0,0,0,0,0,0,5,0,0,0,0,0,0,0,0,0,0,0,0,0,0,0,0,0,0,0,0,0,0,0,0,0,0,0,0,0,0,0,0,0,0,0,0,0,0,0,0,0,0,0
342,292,2023-03-21 20:30,R_2zAe2k5xuIRNeWL,,,0,30,,Woman,,20,Chinese,Undergraduate Degree,Graduate Degree,student,Student,"$0-$29,999/year",0-15 hours per week,No,"Instagram,YouTube",,"TikTok,Facebook",9-10 hours,Sedentary,Poor,Prefer not to disclose,Not Applicable,Not Applicable,Not Applicable,Not Applicable,Not Applicable,Not Applicable,Not Applicable,Not Applicable,Not Applicable,Not Applicable,,Two Times,Three Times,Two Times,Two Times,Three Times,,Yes,Yes,Yes,Yes,Yes,No,No,Yes,Yes,,Rarely,Rarely,Rarely,Sometimes,Sometimes,Sometimes,Sometimes,,Sometimes,Sometimes,Sometimes,Almost Always,Sometimes,Sometimes,Sometimes,Almost Always,Sometimes,Sometimes,Sometimes,Sometimes,Almost Always,Almost Always,Sometimes,Never,Sometimes,Sometimes,Almost Always,Sometimes,Sometimes,,40,62,55,39,135,164,,30,30,30,30,10,10,10,10,0,0,0,0,0,0,0,30,30,5,30,30,30,30,10,10,10,0,0,0,0,0,0,30,30,30,30,30,30,10,10,10,0,0,0,0,0,0,30,30,30,30,30,30,30,30,30,10,5,0,0,0,0
343,1068,2023-03-21 20:31,R_3MmxYk37ztD7eOA,,,0,0,,Woman,,20,Not a visible minority,High School Diploma,Undergraduate Degree,customer service representative and data analysis assistant ,Part time (less than 30 hours per week),"$0-$29,999/year",0-15 hours per week,No,"Instagram,Snapchat,YouTube,Facebook",,"TikTok,Facebook",7-8 hours,Sedentary,Mostly well-balanced,Prefer not to disclose,Not Applicable,Not Applicable,Not Applicable,Not Applicable,Not Applicable,Not Applicable,Not Applicable,Not Applicable,Not Applicable,Not Applicable,,Two Times,Three Times,Five Times,Seven Times,Six Times,,No,No,No,Yes,No,No,No,No,No,,Rarely,Sometimes,Very Rarely,Rarely,Very Rarely,Very Rarely,Sometimes,,Almost Always,Almost Always,Always,Almost Always,Sometimes,Almost Always,Almost Never,Never,Almost Never,Almost Never,Never,Almost Never,Never,Sometimes,Almost Never,Never,Almost Never,Sometimes,Almost Always,Almost Never,Almost Never,,8,10,55,16,32,41,,5,5,5,4,4,3,1,o,0,0,0,0,0,0,0,400,400,5,400,400,300,70,15,10,4,2,1,0,0,0,0,10,10,10,5,5,4,1,0,0,0,0,0,0,0,0,10,10,10,6,6,6,4,4,0,0,0,0,0,0,0
344,13262,2023-03-21 20:31,R_3PM1ZLH5MvBbqtN,,,0,0,,Woman,,23,Multiple visible minorities,Undergraduate Degree,Graduate Degree,Graduate Student,Student,"$30,000-$49,999/year",0-15 hours per week,No,"Instagram,TikTok,YouTube,LinkedIn,Twitter,Facebook",,"TikTok,Facebook",7-8 hours,Moderate,Somewhat well-balanced,Prefer not to disclose,Not Applicable,Not Applicable,Not Applicable,Not Applicable,Not Applicable,Not Applicable,Not Applicable,Not Applicable,Not Applicable,Not Applicable,,Seven Times,Seven Times,Seven Times,Seven Times,Seven Times,,No,No,No,No,No,No,No,No,No,,Rarely,Very Rarely,Very Rarely,Rarely,Very Rarely,Very Rarely,Very Rarely,,Sometimes,Sometimes,Almost Always,Almost Never,Almost Always,Sometimes,Sometimes,Never,Sometimes,Sometimes,Never,Sometimes,Sometimes,Sometimes,Sometimes,Never,Almost Never,Sometimes,Almost Always,Almost Never,Sometimes,,122,120,55,399,549,600,,600,100,100,20,10,6,2,1,0,0,0,0,0,0,0,800,150,10,50,30,15,10,3,2,1,0,0,0,0,0,0,100,50,10,4,2,2,1,0,0,0,0,0,0,0,0,500,100,75,40,15,10,3,1,0,0,0,0,0,0,0
345,1108,2023-03-21 20:32,R_dhxHlwSFrqD5Z5f,,,0,0,,Woman,,22,Chinese,Undergraduate Degree,Undergraduate Degree,Student,Other,"$0-$29,999/year",0-15 hours per week,No,"Instagram,YouTube,Other",Messenger,"TikTok,Facebook",5-6 hours,Active,Mostly well-balanced,,Not Applicable,Not Applicable,Not Applicable,Not Applicable,Not Applicable,Not Applicable,Not Applicable,Not Applicable,Not Applicable,Not Applicable,,Four Times,Two Times,Four Times,Seven Times,Two Times,,No,No,No,No,No,No,No,Yes,No,,Rarely,Rarely,Sometimes,Very Rarely,Very Rarely,Very Rarely,Rarely,,Always,Always,Always,Always,Sometimes,Always,Sometimes,Never,Sometimes,Almost Never,Almost Never,Sometimes,Almost Never,Sometimes,Sometimes,Never,Sometimes,Almost Always,Almost Always,Never,Always,,15,15,55,15,15,15,,10,10,10,8,8,5,0,0,0,0,0,0,0,0,0,120,60,5,45,45,30,10,3,0,0,0,0,0,0,0,0,10,10,0,0,0,0,0,0,0,0,0,0,0,0,0,120,60,50,45,30,15,5,0,0,0,0,0,0,0,0
346,1577,2023-03-21 20:33,R_d5y1yOEaJLXY0Ct,,,0,5,,Woman,,31,"Chinese,Japanese",Graduate Degree,Graduate Degree,physio,Full time (30+ hours per week),"$50,000-$74.999/year",41+ hours per week,Yes,"Instagram,Snapchat,Twitter,Facebook",,"TikTok,Facebook",7-8 hours,Moderate,Somewhat well-balanced,Vision issues,Not Applicable,Not Applicable,Not Applicable,Not Applicable,Not Applicable,Not Applicable,Not Applicable,Not Applicable,Not Applicable,Not Applicable,,Six Times,Never,Three Times,One Time,Three Times,,No,No,No,No,No,No,No,No,No,,Rarely,Sometimes,Very Rarely,Rarely,Very Rarely,Very Rarely,Rarely,,Sometimes,Almost Always,Sometimes,Sometimes,Sometimes,Almost Always,Almost Never,Almost Never,Almost Never,Sometimes,Almost Never,Almost Always,Almost Never,Sometimes,Sometimes,Sometimes,Sometimes,Sometimes,Almost Always,Almost Never,Sometimes,,60,50,55,50,30,0,,90,90,75,30,30,10,5,0,0,0,0,0,0,0,0,200,200,5,175,120,60,30,10,5,2,0,0,0,0,0,0,60,30,20,10,5,2,0,0,0,0,0,0,0,0,0,100,75,60,45,30,10,5,2,0,0,0,0,0,0,0
347,1108,2023-03-21 20:35,R_ZJlwrcEIFrZAG5j,,,0,0,,Non-binary / third gender,,34,Other,Graduate Degree,PhD,graduate student,Student,Prefer not to disclose,16-25 hours per week,No,"Instagram,YouTube,LinkedIn,Facebook",,"TikTok,Facebook",7-8 hours,Sedentary,Somewhat well-balanced,Muscular/Skeletal issues,Self-Diagnosis,Not Applicable,Not Applicable,Self-Diagnosis,Not Applicable,Not Applicable,Not Applicable,Not Applicable,Not Applicable,Not Applicable,,Six Times,Three Times,Five Times,Five Times,One Time,,No,Yes,Yes,Yes,Yes,No,No,Yes,No,,Sometimes,Often,Often,Sometimes,Rarely,Very Rarely,Sometimes,,Almost Always,Almost Always,Almost Always,Sometimes,Sometimes,Almost Always,Sometimes,Almost Never,Never,Always,Almost Always,Almost Never,Sometimes,Almost Always,Almost Never,Sometimes,Almost Always,Almost Never,Almost Always,Sometimes,Sometimes,,10,15,55,20,30,0,,60,20,10,10,5,0,0,0,0,0,0,0,0,0,0,120,30,5,30,20,10,5,0,0,0,0,0,0,0,0,0,30,20,10,5,2,1,0,0,0,0,0,0,0,0,0,200,60,30,20,10,5,0,0,0,0,0,0,0,0,0
348,675,2023-03-21 20:35,R_12rvg02vNFeFYRN,,TRUE,97,5,2023-03-21 22:25,Man,,18,South Asian,Undergraduate Degree,Undergraduate Degree,Student,Student,"$0-$29,999/year",0-15 hours per week,No,"Instagram,TikTok,YouTube,Twitter",,TikTok,7-8 hours,Moderate,Poor,Vision issues,Self-Diagnosis,Not Applicable,Not Applicable,Self-Diagnosis,Not Applicable,Not Applicable,Self-Diagnosis,Not Applicable,Not Applicable,Not Applicable,,Four Times,Four Times,Two Times,Five Times,Three Times,,Yes,No,Yes,Yes,No,Yes,No,No,No,,Often,Often,Sometimes,Rarely,Often,Often,Rarely,,Almost Never,Sometimes,Almost Always,Almost Always,Sometimes,Almost Always,Almost Always,Always,Always,Sometimes,Almost Always,Sometimes,Almost Always,Almost Always,Almost Always,Sometimes,Almost Always,Sometimes,Always,Almost Always,Almost Never,,174,255,30,113,41,304,,5,7,10,10,5,5,3,0,0,0,0,0,0,0,0,60,60,60,50,50,50,60,60,120,121,30,30,30,30,30,10,2,1,1,1,1,0,0,0,0,0,0,0,0,0,0,60,60,50,40,30,20,15,0,0,0,0,0,0,0,0
349,642,2023-03-21 20:36,R_22P87VBRA2hwRki,,,0,0,,Woman,,20,South Asian,High School Diploma,Undergraduate Degree,student,Student,"$0-$29,999/year",0-15 hours per week,Yes,"Instagram,LinkedIn,Twitter",,"TikTok,Facebook",Less than 4 hours,Sedentary,Poor,Vision issues,Not Applicable,Not Applicable,Not Applicable,Not Applicable,Not Applicable,Not Applicable,Not Applicable,Not Applicable,Not Applicable,Not Applicable,,Four Times,Four Times,Never,Four Times,Two Times,,No,No,No,Yes,Yes,No,No,Yes,No,,Sometimes,Rarely,Rarely,Rarely,Very Rarely,Very Rarely,Rarely,,Sometimes,Always,Always,Almost Never,Never,Almost Always,Almost Always,Never,Almost Always,Almost Always,Sometimes,Sometimes,Never,Never,Sometimes,Never,Almost Never,Sometimes,Almost Always,Sometimes,Almost Always,,15,16,55,15,15,15,,15,15,15,15,15,15,15,15,15,15,15,30,15,15,15,60,60,5,60,60,60,60,20,10,10,10,5,5,2,0,0,10000,10000,1000,1000,500,250,100,50,50,25,20,10,5,2,0,0,0,0,0,0,0,0,0,0,0,0,0,0,0,0
350,627,2023-03-21 20:36,R_2ALrY2zr98H8p0M,,,0,0,,Woman,,21,Chinese,High School Diploma,Undergraduate Degree,student,Student,"$0-$29,999/year",0-15 hours per week,No,"LinkedIn,Twitter,Facebook",,"TikTok,Facebook",5-6 hours,Active,Mostly well-balanced,Prefer not to disclose,Not Applicable,Not Applicable,Not Applicable,Not Applicable,Not Applicable,Not Applicable,Not Applicable,Not Applicable,Not Applicable,Not Applicable,,Never,Never,Two Times,Never,Three Times,,No,No,No,No,No,No,No,No,No,,Very Rarely,Very Rarely,Very Rarely,Rarely,Very Rarely,Very Rarely,Very Rarely,,Sometimes,Almost Always,Always,Sometimes,Almost Never,Sometimes,Almost Never,Almost Never,Never,Almost Never,Never,Sometimes,Almost Never,Never,Never,Never,Almost Never,Almost Never,Almost Always,Sometimes,Almost Always,,3,0,55,0,0,0,,5,0,0,0,0,0,0,0,0,0,0,0,0,0,0,100,20,5,15,4,2,1,1,1,0,0,0,0,0,0,0,0,0,0,0,0,0,0,0,0,0,0,0,0,0,0,100,20,10,6,6,1,1,1,0,0,0,0,0,0,0
351,1001,2023-03-21 20:37,R_2YyRmtqqGqrWsTb,,,0,75,,Woman,,20,Chinese,Undergraduate Degree,Undergraduate Degree,Student,Student,"$0-$29,999/year",0-15 hours per week,No,"Instagram,LinkedIn,Pinterest",,"TikTok,Facebook",7-8 hours,Moderate,Somewhat well-balanced,Prefer not to disclose,Self-Diagnosis,Not Applicable,Not Applicable,Not Applicable,Not Applicable,Not Applicable,Not Applicable,Not Applicable,Not Applicable,Not Applicable,,Seven Times,Two Times,Two Times,Two Times,Never,,No,No,Yes,No,No,No,No,No,No,,Rarely,Sometimes,Rarely,Rarely,Rarely,Very Rarely,Very Rarely,,Sometimes,Almost Always,Almost Always,Sometimes,Sometimes,Sometimes,Almost Never,Never,Almost Never,Sometimes,Never,Sometimes,Almost Never,Almost Never,Almost Always,Never,Sometimes,Sometimes,Almost Always,Almost Never,Sometimes,,14,27,55,8,4,2,,100,20,10,5,5,0,0,0,0,0,0,0,0,0,0,100,20,5,10,4,4,2,0,0,0,0,0,0,0,0,0,2,2,2,2,2,0,0,0,0,0,0,0,0,0,0,10,5,5,4,0,0,0,0,0,0,0,0,0,0,0
352,615,2023-03-21 20:38,R_1eUGkpeqVL5BQCe,,,0,0,,Woman,,18,Jewish,High School Diploma,Undergraduate Degree,student,Student,"$0-$29,999/year",26-40 hours per week,Yes,"Instagram,Snapchat,TikTok",,"TikTok,Facebook",7-8 hours,Active,Always well-balanced,Prefer not to disclose,Self-Diagnosis,Not Applicable,Not Applicable,Not Applicable,Not Applicable,Not Applicable,Not Applicable,Not Applicable,Not Applicable,Not Applicable,,Seven Times,Seven Times,Seven Times,Seven Times,Seven Times,,Yes,No,No,Yes,Yes,Yes,Yes,No,No,,Often,Rarely,Often,Very Often,Rarely,Very Rarely,Sometimes,,Almost Always,Always,Always,Sometimes,Almost Always,Almost Always,Almost Always,Almost Always,Always,Sometimes,Never,Almost Always,Sometimes,Almost Always,Almost Always,Never,Always,Almost Always,Almost Always,Always,Almost Never,,250,304,55,410,600,600,,60,45,30,25,20,10,5,0,0,0,0,0,0,0,0,100,802,25,60,55,45,20,5,1,1,0,0,0,0,0,0,100,90,85,80,60,15,5,2,1,0,0,0,0,0,0,150,140,100,90,40,15,5,3,1,0,0,0,0,0,0
353,706,2023-03-21 20:47,R_vvEr0TzG2DNhD33,,,0,0,,Woman,,20,Not a visible minority,High School Diploma,Undergraduate Degree,Human Resources Administrator,Student,"$0-$29,999/year",0-15 hours per week,No,"Instagram,YouTube,Reddit,Pinterest",,"TikTok,Facebook",7-8 hours,Moderate,Mostly well-balanced,Prefer not to disclose,Self-Diagnosis,Not Applicable,Not Applicable,Not Applicable,Not Applicable,Not Applicable,Not Applicable,Not Applicable,Not Applicable,Not Applicable,,Two Times,Five Times,Seven Times,Four Times,Three Times,,Yes,Yes,No,Yes,Yes,No,No,Yes,No,,Often,Often,Often,Sometimes,Rarely,Very Rarely,Sometimes,,Almost Always,Almost Always,Always,Almost Always,Almost Never,Almost Always,Almost Always,Almost Never,Never,Never,Sometimes,Never,Almost Never,Sometimes,Sometimes,Never,Sometimes,Sometimes,Almost Always,Sometimes,Always,,60,40,55,30,14,9,,45,45,45,30,20,12,8,3,0,0,0,0,0,0,0,45,45,12,35,20,15,8,4,2,0,0,0,0,0,0,0,15,15,0,0,0,0,0,0,0,0,0,0,0,0,0,30,45,45,45,45,20,15,5,0,0,0,0,0,0,0
354,1095,2023-03-21 20:47,R_1rJORPHVtIHWT8X,,,0,75,,Man,,19,South Asian,High School Diploma,Undergraduate Degree,Student,Part time (less than 30 hours per week),"$0-$29,999/year",0-15 hours per week,No,"Instagram,Snapchat,TikTok,YouTube,LinkedIn,Reddit",,"TikTok,Facebook",7-8 hours,Active,Somewhat well-balanced,Vision issues,Not Applicable,Not Applicable,Not Applicable,Not Applicable,Not Applicable,Not Applicable,Not Applicable,Not Applicable,Not Applicable,Not Applicable,,Seven Times,Four Times,Three Times,Five Times,Seven Times,,No,No,No,Yes,Yes,No,No,No,No,,Sometimes,Sometimes,Sometimes,Sometimes,Rarely,Very Rarely,Sometimes,,Almost Always,Always,Almost Always,Sometimes,Sometimes,Sometimes,Almost Always,Almost Never,Sometimes,Never,Never,Almost Always,Almost Never,Never,Almost Never,Almost Never,Sometimes,Sometimes,Almost Always,Almost Never,Almost Always,,31,14,55,3,0,0,,500,200,100,20,i 10,5,5,5,0,0,0,0,0,0,0,100000,20000,5,15000,5000,2500,500,200,100,50,10,5,5,0,0,0,500,50,50,10,5,5,3,2,0,0,0,0,0,0,0,500,250,150,100,50,5,0,0,0,0,0,0,0,0,0
355,3260,2023-03-21 20:48,R_25FWmr2lpu3TTJ6,,,0,5,,Woman,,19,"Chinese,Southeast Asian",Undergraduate Degree,Undergraduate Degree,"Student, Sales Associate",Part time (less than 30 hours per week),"$0-$29,999/year",0-15 hours per week,No,"Instagram,Snapchat,TikTok,YouTube",,"TikTok,Facebook",7-8 hours,Sedentary,Poor,Vision issues,Self-Diagnosis,Not Applicable,Not Applicable,Self-Diagnosis,Not Applicable,Not Applicable,Not Applicable,Self-Diagnosis,Not Applicable,Not Applicable,,Six Times,One Time,Five Times,Six Times,One Time,,No,Yes,No,Yes,Yes,No,No,Yes,No,,Often,,Often,Sometimes,Very Often,Very Rarely,Rarely,,Almost Never,Almost Always,Almost Always,Sometimes,Almost Always,Almost Always,Always,Almost Never,Sometimes,Never,Sometimes,,Always,Almost Always,Almost Always,Almost Never,Almost Always,Almost Always,Almost Always,Sometimes,Always,,409,302,84,221,385,203,,10,5,100,100,200,200,100,120,110,0,0,0,0,0,0,10,20,100,50,50,50,50,51,60,55,,140,140,140,0,1,5,5,5,5,5,5,5,5,5,5,5,5,5,0,0,5,5,5,5,5,10,20,30,10,5,0,0,0,0,0
356,933,2023-03-21 20:50,R_1CClSkpB0N5mRUS,,TRUE,97,0,2023-03-22 1:50,Man,,19,South Asian,High School Diploma,Undergraduate Degree,Student,Student,"$0-$29,999/year",41+ hours per week,Yes,"Instagram,YouTube,Twitter",,"TikTok,Facebook",Less than 4 hours,Very Active,Mostly well-balanced,Sleep issues,Not Applicable,Not Applicable,Not Applicable,Not Applicable,Not Applicable,Not Applicable,Medical Diagnosis,Not Applicable,Not Applicable,Not Applicable,,Seven Times,Three Times,Seven Times,Seven Times,Four Times,,No,No,No,No,No,No,No,Yes,No,,Rarely,Very Rarely,Sometimes,Very Rarely,Very Rarely,Very Rarely,Very Rarely,,Sometimes,Always,Always,Always,Sometimes,Always,Almost Always,Almost Always,Almost Always,Sometimes,Sometimes,Always,Sometimes,Sometimes,Almost Always,Sometimes,Sometimes,Almost Always,Almost Always,Sometimes,Almost Always,,146,41,55,165,0,0,,0,0,0,60,0,0,0,0,0,0,0,0,0,0,0,10000,2000,100,1000,0,0,0,0,0,0,0,0,0,0,0,0,0,0,0,0,0,0,0,0,0,0,0,0,0,0,0,10000,1000,1000,4000,200,100,33,0,0,0,0,0,0,0,0
357,1075,2023-03-21 20:50,R_22Vn5NDO3TggcHc,,,0,0,,Man,,21,South Asian,Undergraduate Degree,Undergraduate Degree,Student,Student,"$0-$29,999/year",41+ hours per week,No,"Instagram,Snapchat,YouTube",,"TikTok,Facebook",7-8 hours,Moderate,Mostly well-balanced,Vision issues,Not Applicable,Not Applicable,Not Applicable,Not Applicable,Not Applicable,Not Applicable,Not Applicable,Not Applicable,Not Applicable,Not Applicable,,Five Times,Four Times,Two Times,Seven Times,Five Times,,No,No,No,Yes,No,No,No,No,No,,Very Rarely,Rarely,Sometimes,Often,Rarely,Very Rarely,Sometimes,,Almost Always,Sometimes,Always,Almost Always,Almost Never,Almost Always,Sometimes,Almost Never,Sometimes,Sometimes,Almost Always,Almost Always,Almost Never,Sometimes,Almost Always,Sometimes,Sometimes,Almost Always,Almost Always,Almost Never,Sometimes,,15,24,55,26,31,34,,30,30,20,10,10,5,5,0,0,0,0,0,0,0,0,50,30,5,25,20,10,10,5,0,0,0,0,0,0,0,0,50,5,5,5,5,3,3,2,0,0,0,0,0,0,0,25,15,10,10,10,5,3,0,0,0,0,0,0,0,0
358,635,2023-03-21 20:50,R_b7rmFVa5BSVeYCZ,,TRUE,90,5,2023-03-22 2:07,Non-binary / third gender,,23,Chinese,Graduate Degree,Graduate Degree,Student,Full time (30+ hours per week),"$0-$29,999/year",26-40 hours per week,No,"YouTube,Twitter,Reddit,Other","Discord, Tumblr","TikTok,Facebook",7-8 hours,Moderate,Mostly well-balanced,Sleep issues,Not Applicable,Not Applicable,Not Applicable,Medical Diagnosis,Medical Diagnosis,Not Applicable,Not Applicable,Not Applicable,Not Applicable,Not Applicable,,Two Times,Never,Never,Seven Times,Never,,No,No,No,No,No,No,No,Yes,No,,Very Rarely,Very Rarely,Very Often,Very Rarely,Very Rarely,Very Rarely,Very Rarely,,Always,Always,Always,Always,Sometimes,Always,Never,Almost Never,Never,Never,Almost Always,Never,Never,Almost Always,Never,Never,Almost Always,Sometimes,Almost Always,Never,Always,,10,8,55,3,2,0,,60,30,12,10,0,0,0,0,0,0,0,0,0,0,0,240,30,5,10,2,1,0,0,0,0,0,0,0,0,0,0,0,0,0,0,0,0,0,0,0,0,0,0,0,0,0,240,45,15,8,3,1,0,0,0,0,0,0,0,0,0
359,724,2023-03-21 20:58,R_1jqREtKsM0yd0aA,,,0,5,,Woman,,19,Not a visible minority,High School Diploma,Undergraduate Degree,Loblaws personal shopper,Part time (less than 30 hours per week),"$0-$29,999/year",0-15 hours per week,No,"Instagram,TikTok,Facebook",,"TikTok,Facebook",9-10 hours,Moderate,Mostly well-balanced,Prefer not to disclose,Self-Diagnosis,Not Applicable,Not Applicable,Not Applicable,Not Applicable,Not Applicable,Not Applicable,Not Applicable,Not Applicable,Not Applicable,,Seven Times,Five Times,Five Times,Four Times,Six Times,,No,No,Yes,No,Yes,No,No,Yes,No,,Sometimes,Sometimes,Often,Rarely,Sometimes,Very Rarely,Often,,Almost Always,Always,Sometimes,Almost Never,Always,Sometimes,Almost Never,Sometimes,Sometimes,Almost Never,Sometimes,Sometimes,Always,Almost Always,Almost Never,Never,Almost Always,Almost Always,Almost Always,Almost Never,Sometimes,,129,90,55,195,210,134,,30,30,30,20,10,10,5,5,1,0,0,0,0,0,0,30,20,5,20,20,20,10,10,10,5,0,0,0,0,0,0,10,10,10,10,5,5,5,0,0,0,0,0,0,0,0,60,60,60,60,50,30,10,5,1,0,0,0,0,0,0
360,568,2023-03-21 20:58,R_1oniroVyytj9zos,,,0,0,,Woman,,19,Not a visible minority,Undergraduate Degree,Undergraduate Degree,Student and Bartender,Part time (less than 30 hours per week),"$0-$29,999/year",16-25 hours per week,No,"Instagram,Snapchat,TikTok,YouTube",,"TikTok,Facebook",7-8 hours,Moderate,Somewhat well-balanced,Vision issues,Self-Diagnosis,,,,,,,,,,,Seven Times,Seven Times,Seven Times,Seven Times,Seven Times,,No,No,No,Yes,No,No,No,No,No,,Sometimes,Sometimes,Sometimes,Sometimes,Sometimes,Sometimes,Sometimes,,Sometimes,Sometimes,Sometimes,Sometimes,Sometimes,Sometimes,Sometimes,Sometimes,Sometimes,Sometimes,Sometimes,Almost Always,Sometimes,Sometimes,Sometimes,Sometimes,Sometimes,Sometimes,Sometimes,Sometimes,Sometimes,,125,122,55,341,274,305,,10,10,10,8,8,10,1,1,0,0,0,0,0,0,0,10,,,,,,,,,,,,,,,,,,,,,,,,,,,,,,,,,,,,,,,,,,,,,
361,615,2023-03-21 21:01,R_3J5bkvUQikFibvC,,,0,0,,Woman,,21,Not a visible minority,High School Diploma,Undergraduate Degree,student,Part time (less than 30 hours per week),"$0-$29,999/year",0-15 hours per week,No,"Instagram,TikTok",,"TikTok,Facebook",7-8 hours,Sedentary,Mostly well-balanced,Muscular/Skeletal issues,Medical Diagnosis,Medical Diagnosis,Not Applicable,Medical Diagnosis,Medical Diagnosis,Not Applicable,Not Applicable,Not Applicable,Not Applicable,Not Applicable,,Seven Times,Seven Times,Three Times,Seven Times,Seven Times,,No,No,No,No,No,No,No,No,No,,Very Rarely,Very Rarely,Very Rarely,Very Rarely,Very Rarely,Very Rarely,Very Rarely,,Sometimes,Sometimes,Sometimes,Sometimes,Sometimes,Almost Never,Almost Never,Almost Never,Sometimes,Sometimes,Never,Never,Almost Never,Almost Never,Almost Never,Never,Sometimes,Sometimes,Almost Always,Sometimes,Sometimes,,30,30,55,24,14,32,,10,10,10,10,5,5,5,3,3,0,0,0,0,0,0,60,60,5,30,30,10,10,4,3,2,0,0,0,0,0,0,0,0,0,0,0,0,0,0,0,0,0,0,0,,0,0,0,0,0,0,0,0,0,0,0,0,0,0,0,0
362,884,2023-03-21 21:06,R_2YVNUx1Hoii2b8d,,,0,0,,Woman,,18,Not a visible minority,High School Diploma,Undergraduate Degree,Student,Student,"$0-$29,999/year",0-15 hours per week,No,"Instagram,Snapchat,TikTok,YouTube,Pinterest",,"TikTok,Facebook",5-6 hours,Sedentary,Somewhat well-balanced,Sleep issues,Medical Diagnosis,Not Applicable,Not Applicable,Medical Diagnosis,Not Applicable,Not Applicable,Not Applicable,Not Applicable,Self-Diagnosis,Not Applicable,,Seven Times,Five Times,Four Times,Never,Three Times,,No,No,No,Yes,Yes,No,No,Yes,No,,Often,Sometimes,Very Often,Often,Rarely,Very Rarely,Often,,Almost Always,Almost Always,Always,Almost Always,Almost Always,Almost Never,Sometimes,Almost Always,Almost Always,Almost Never,Sometimes,Sometimes,Almost Never,Almost Always,Almost Never,Never,Almost Never,Sometimes,Always,Almost Never,Almost Never,,119,154,55,210,15,30,,200,150,125,110,30,0,0,0,0,0,0,0,0,0,0,250,100,5,80,75,60,10,0,0,0,0,0,0,0,0,0,0,0,0,0,0,0,0,0,0,0,0,0,0,0,0,50,25,15,10,0,0,0,0,0,0,0,0,0,0,0
363,414,2023-03-21 21:06,R_29nvTfaHV1Vr77h,,TRUE,90,5,2023-03-22 2:46,Woman,,19,Not a visible minority,High School Diploma,Undergraduate Degree,None,Student,"$0-$29,999/year",Prefer not to disclose,No,"Instagram,Snapchat,TikTok,YouTube,Facebook",,"TikTok,Facebook",7-8 hours,Moderate,Mostly well-balanced,Prefer not to disclose,Not Applicable,Not Applicable,Not Applicable,Not Applicable,Not Applicable,Not Applicable,Not Applicable,Not Applicable,Not Applicable,Not Applicable,,Six Times,Five Times,Five Times,Six Times,Four Times,,No,No,Yes,Yes,Yes,No,No,No,No,,Sometimes,Rarely,Sometimes,Sometimes,Sometimes,Very Rarely,Sometimes,,Almost Always,Sometimes,Sometimes,Never,Almost Always,Almost Never,Never,Almost Always,Sometimes,Sometimes,Sometimes,Sometimes,Always,Almost Always,Almost Never,Never,Sometimes,Sometimes,Sometimes,Sometimes,Sometimes,,50,161,55,227,333,145,,100,100,90,90,80,80,70,60,20,0,0,0,0,0,0,100,100,5,100,100,50,40,30,20,10,0,0,0,0,0,0,100,50,40,30,20,10,0,0,0,0,0,0,0,0,0,100,100,100,100,80,80,60,50,20,10,5,0,0,0,0
364,694,2023-03-21 21:07,R_0jsHMqRnRV2pUQh,,,0,0,,Woman,,22,Chinese,Undergraduate Degree,Undergraduate Degree,Student,Student,"$0-$29,999/year",0-15 hours per week,Yes,"YouTube,Reddit,Other",WeChat,"TikTok,Facebook",7-8 hours,Active,Mostly well-balanced,Prefer not to disclose,Not Applicable,Not Applicable,Not Applicable,Not Applicable,Not Applicable,Not Applicable,Not Applicable,Not Applicable,Not Applicable,Not Applicable,,Seven Times,Two Times,Two Times,Seven Times,Two Times,,No,No,No,Yes,No,No,No,No,No,,Rarely,Rarely,Rarely,Rarely,Rarely,Very Rarely,Rarely,,Sometimes,Sometimes,Almost Always,Almost Never,Almost Never,Sometimes,Almost Never,Almost Never,Almost Never,Sometimes,Never,Never,Never,Never,Almost Always,Never,Sometimes,Sometimes,Almost Always,Sometimes,Almost Never,,73,62,55,38,20,11,,30,20,15,10,5,5,1,0,0,0,0,0,0,0,0,30,25,5,18,15,13,12,11,10,9,8,7,6,5,0,0,10,9,8,7,6,5,2,1,0,0,0,0,0,0,0,100,80,60,40,20,10,3,2,1,0,0,0,0,0,0
365,454,2023-03-21 21:08,R_SB297Vo3451TMY1,,,0,0,,Woman,,23,Southeast Asian,Graduate Degree,Graduate Degree,student,Part time (less than 30 hours per week),Prefer not to disclose,0-15 hours per week,Yes,"Instagram,Snapchat,TikTok",,"TikTok,Twitter,Facebook",5-6 hours,Moderate,Somewhat well-balanced,Muscular/Skeletal issues,,,,,,Self-Diagnosis,,,,,,Five Times,Four Times,Three Times,Four Times,Four Times,,Yes,No,No,Yes,Yes,Yes,Yes,Yes,No,,Sometimes,Sometimes,Sometimes,Sometimes,Sometimes,Sometimes,Sometimes,,Sometimes,Sometimes,Sometimes,Sometimes,Almost Always,Almost Always,Almost Always,Almost Always,Almost Always,Sometimes,Sometimes,Sometimes,Sometimes,Sometimes,Sometimes,Almost Always,Almost Always,Sometimes,Sometimes,Sometimes,Sometimes,,288,261,22,487,312,306,,30,100,50,60,80,90,100,12,5,0,0,0,0,0,0,121,123,165,145,145,60,70,80,0,11,12,15,0,0,0,0,1,12,16,16,90,90,90,0,0,0,0,0,0,0,0,1,1,1,12,13,12,12,0,0,0,0,0,0,0,0
366,2591,2023-03-21 21:12,R_T4SuqwxMR8K1BAt,,TRUE,100,0,2023-03-22 0:45,Man,,19,Chinese,High School Diploma,Undergraduate Degree,student,Student,"$0-$29,999/year",0-15 hours per week,No,"Instagram,TikTok,YouTube,Reddit",,"TikTok,Facebook",9-10 hours,Active,Always well-balanced,,Not Applicable,Not Applicable,Not Applicable,Medical Diagnosis,Not Applicable,Not Applicable,Not Applicable,Not Applicable,Not Applicable,Not Applicable,,Seven Times,Never,Four Times,Four Times,Five Times,,No,No,No,No,No,No,No,No,No,,Often,Rarely,Very Rarely,Sometimes,Very Rarely,Very Rarely,Very Rarely,,Always,Almost Always,Always,Sometimes,Almost Always,Almost Never,Almost Never,Sometimes,Never,Always,Never,Never,Never,Almost Never,Almost Always,Never,Sometimes,Sometimes,Almost Always,Almost Never,Almost Never,,5,5,55,8,18,200,,200,60,40,10,0,0,0,0,0,0,0,0,0,0,0,30,30,5,10,8,0,0,0,0,0,0,0,0,0,0,0,50,20,5,2,0,0,0,0,0,0,0,0,0,0,0,100,30,8,4,2,0,0,0,0,0,0,0,0,0,
367,1071,2023-03-21 21:13,R_1eqOZp1Rrv9PnOS,,,0,0,,Woman,,31,Hispanic/Latin American,Undergraduate Degree,Graduate Degree,Master's student,Student,"$0-$29,999/year",0-15 hours per week,No,"YouTube,Twitter,Pinterest",,"TikTok,Facebook",5-6 hours,Moderate,Mostly well-balanced,Prefer not to disclose,Not Applicable,Not Applicable,Not Applicable,Not Applicable,Not Applicable,Not Applicable,Medical Diagnosis,Not Applicable,Not Applicable,Not Applicable,,Seven Times,Seven Times,Seven Times,Seven Times,Seven Times,,No,No,No,No,Yes,No,No,Yes,No,,Sometimes,Rarely,Sometimes,Very Rarely,Very Rarely,Very Rarely,Sometimes,,Always,Always,Almost Never,Almost Always,Almost Always,Almost Always,Never,Never,Sometimes,Never,Almost Never,Sometimes,Almost Never,Almost Always,Never,Never,Always,Almost Always,Almost Always,Never,Sometimes,,200,150,55,100,30,20,,180,180,120,120,100,60,15,0,0,0,0,0,0,0,0,100,100,5,60,60,30,15,0,0,0,0,0,0,0,0,0,0,0,0,0,0,0,0,0,0,0,0,0,0,0,0,60,60,60,45,30,15,0,0,0,0,0,0,0,0,0
368,339,2023-03-21 21:13,R_3KwP8xlQdBUIRuK,,TRUE,100,5,2023-03-22 3:00,Woman,,19,Not a visible minority,High School Diploma,Undergraduate Degree,None,Student,"$0-$29,999/year",0-15 hours per week,No,"Instagram,Snapchat,TikTok,Facebook",,"TikTok,Facebook",7-8 hours,Moderate,Mostly well-balanced,Prefer not to disclose,Self-Diagnosis,Not Applicable,Not Applicable,Not Applicable,Not Applicable,Not Applicable,Not Applicable,Not Applicable,Not Applicable,Not Applicable,,Four Times,Four Times,Five Times,Four Times,Six Times,,No,Yes,Yes,No,Yes,No,Yes,Yes,Yes,,Sometimes,Sometimes,Often,Sometimes,Rarely,Very Rarely,Often,,Sometimes,Almost Always,Sometimes,Sometimes,Almost Always,Almost Never,Almost Never,Sometimes,Sometimes,Almost Never,Sometimes,Sometimes,Almost Always,Almost Always,Almost Always,Never,Sometimes,Almost Always,Almost Always,Sometimes,Almost Always,,152,254,55,125,165,102,,10,100,80,80,70,60,50,30,20,10,0,0,0,0,0,100,100,5,100,70,50,30,20,10,5,0,0,0,0,0,0,100,100,100,80,70,50,30,20,10,0,0,0,0,0,0,100,100,100,100,100,190,90,80,50,5,1,0,0,0,0
369,374,2023-03-21 21:16,R_3D7nPD5xhlwYECY,,TRUE,100,0,2023-03-22 3:01,Man,,25,Black/African American,PhD,PhD,SDE,Full time (30+ hours per week),"$75,000-$99,999/year",26-40 hours per week,Yes,"YouTube,Twitter,Facebook,Pinterest",,"Twitter,Reddit,Facebook,MeWe,Pinterest",More than 10 hours,Active,Somewhat well-balanced,Vision issues,Self-Diagnosis,Self-Diagnosis,Self-Diagnosis,Self-Diagnosis,Self-Diagnosis,Self-Diagnosis,Self-Diagnosis,Self-Diagnosis,Self-Diagnosis,Self-Diagnosis,,Four Times,Six Times,Six Times,Four Times,Three Times,,No,Yes,No,Yes,No,Yes,Yes,Yes,Yes,,Sometimes,Often,Often,Often,Sometimes,Sometimes,Often,,Sometimes,Sometimes,Almost Always,Almost Always,Sometimes,Sometimes,Almost Always,Sometimes,Sometimes,Sometimes,Almost Always,Almost Always,Sometimes,Sometimes,Sometimes,Almost Always,Almost Always,Sometimes,Sometimes,Sometimes,Sometimes,,218,189,45,261,95,192,,100,12,30,60,50,40,30,1,0,0,0,0,0,0,0,60,100,100,50,60,60,50,40,20,12,1,10,10,5,5,0,100,100,100,90,60,40,30,20,10,5,0,0,0,0,0,190,190,190,190,190,80,50,20,10,5,10,0,0,0,0
370,1047,2023-03-21 21:16,R_3dSowVU8nyyEGC4,,,0,0,,Man,,24,Not a visible minority,College Diploma,Undergraduate Degree,lifeguard,Part time (less than 30 hours per week),"$0-$29,999/year",0-15 hours per week,No,"Instagram,Snapchat,TikTok,YouTube,Twitter,Reddit",,"TikTok,Facebook",5-6 hours,Moderate,Mostly well-balanced,Prefer not to disclose,Self-Diagnosis,Not Applicable,Not Applicable,Not Applicable,Not Applicable,Not Applicable,Medical Diagnosis,Not Applicable,Not Applicable,Not Applicable,,Six Times,One Time,Never,Seven Times,Never,,No,No,No,Yes,No,No,No,Yes,No,,Sometimes,Sometimes,Often,Sometimes,Very Rarely,Very Rarely,Very Rarely,,Sometimes,Almost Always,Sometimes,Almost Always,Sometimes,Almost Always,Almost Never,Almost Never,Never,Sometimes,Sometimes,Sometimes,Almost Never,Sometimes,Never,Almost Never,Almost Always,Sometimes,Almost Always,Never,Almost Always,,10,25,55,400,600,600,,120,120,100,60,30,5,2,0,0,0,0,0,0,0,0,1000,500,5,500,400,300,100,30,20,10,1,0,0,0,0,0,0,0,0,0,0,0,0,0,0,0,0,0,0,0,0,0,0,0,0,0,0,0,0,0,0,0,0,0,0,0
371,17858,2023-03-21 21:20,R_RlwvIPKc9gf3WiB,,,0,75,,Man,,24,Hispanic/Latin American,Undergraduate Degree,Graduate Degree,Student,Part time (less than 30 hours per week),"$0-$29,999/year",0-15 hours per week,No,"Instagram,TikTok,YouTube,Facebook",,"TikTok,Facebook",5-6 hours,Moderate,Somewhat well-balanced,Vision issues,Not Applicable,Not Applicable,Not Applicable,Not Applicable,Not Applicable,Not Applicable,Not Applicable,Not Applicable,Not Applicable,Not Applicable,,Seven Times,Seven Times,Seven Times,Five Times,Three Times,,No,No,No,Yes,Yes,No,No,No,No,,Rarely,Very Rarely,Sometimes,Sometimes,Very Rarely,Very Rarely,Rarely,,Almost Always,Almost Never,Almost Never,Almost Never,Almost Always,Never,Never,Never,Almost Never,Never,Never,Never,Almost Never,Almost Always,Never,Never,Almost Never,Sometimes,Almost Always,Never,Almost Never,,120,100,55,80,60,2,,120,45,15,10,0,0,0,0,0,0,0,0,0,0,0,90,30,2,10,0,0,0,0,0,0,0,0,0,0,0,0,0,0,0,0,0,0,0,0,0,0,0,0,0,0,0,120,45,15,10,0,0,0,0,0,0,0,0,0,0,0
372,443,2023-03-21 21:28,R_ufiehMu7neWlU8V,,,0,0,,Woman,,22,Korean,High School Diploma,Undergraduate Degree,student,Part time (less than 30 hours per week),"$0-$29,999/year",16-25 hours per week,No,"Instagram,Snapchat,YouTube,LinkedIn,Twitter,Reddit",,"TikTok,Facebook",5-6 hours,Moderate,Somewhat well-balanced,Vision issues,Not Applicable,Not Applicable,Not Applicable,Not Applicable,Not Applicable,Not Applicable,Not Applicable,Not Applicable,Not Applicable,Not Applicable,,Five Times,Four Times,Never,Three Times,Four Times,,No,No,No,Yes,No,No,No,No,No,,Sometimes,Very Rarely,Rarely,Sometimes,Very Rarely,Very Rarely,Sometimes,,Sometimes,Sometimes,Always,Sometimes,Sometimes,Almost Always,Almost Never,Sometimes,Sometimes,Sometimes,Sometimes,Sometimes,Sometimes,Sometimes,Always,Never,Never,Almost Always,Always,Never,Almost Never,,6,4,55,6,2,3,,10,10,10,4,2,1,0,0,0,0,0,0,0,0,0,20,20,5,10,4,4,2,0,0,0,0,0,0,0,0,0,0,0,0,0,0,0,0,0,0,0,0,0,0,0,0,10,5,0,0,0,0,0,0,0,0,0,0,0,0,0
373,678,2023-03-21 21:31,R_3HjAuJOPBSqW6KQ,,,0,5,,Woman,,19,Not a visible minority,High School Diploma,Undergraduate Degree,server,Part time (less than 30 hours per week),"$0-$29,999/year",0-15 hours per week,No,"Instagram,Snapchat,TikTok,YouTube,LinkedIn,Reddit,Facebook",,"TikTok,Facebook",5-6 hours,Moderate,Mostly well-balanced,Vision issues,Self-Diagnosis,Not Applicable,Not Applicable,Not Applicable,Not Applicable,Not Applicable,Self-Diagnosis,Not Applicable,Not Applicable,Not Applicable,,Seven Times,Seven Times,Five Times,Seven Times,Seven Times,,Yes,Yes,No,No,No,No,No,No,No,,Rarely,Very Rarely,Very Rarely,Very Rarely,Very Rarely,Very Rarely,Very Rarely,,Almost Always,Always,Almost Always,Almost Always,Almost Always,Almost Always,Never,Never,Never,Never,Never,Always,Sometimes,Sometimes,Never,Never,Sometimes,Sometimes,Almost Always,Almost Never,Always,,122,136,55,129,161,129,,200,60,30,20,0,0,0,0,0,0,0,0,0,0,0,200,200,$5.00,30,20,20,0,0,0,0,0,0,0,0,0,0,0,0,0,0,0,0,0,0,0,0,0,0,0,0,0,60,50,30,0,0,0,0,0,0,0,0,0,0,0,0
374,825,2023-03-21 21:31,R_33dSNZC5qVICNTB,,TRUE,90,5,2023-03-22 3:14,Perfer not to disclose,,26,Other,Graduate Degree,Undergraduate Degree,student,Student,"$0-$29,999/year",0-15 hours per week,No,"Instagram,Reddit",,"TikTok,Facebook",7-8 hours,Active,Mostly well-balanced,Prefer not to disclose,Not Applicable,Not Applicable,Not Applicable,Not Applicable,Not Applicable,Not Applicable,Not Applicable,Not Applicable,Not Applicable,Not Applicable,,Three Times,Never,Seven Times,Seven Times,Seven Times,,No,No,Yes,Yes,Yes,Yes,Yes,Yes,Yes,,Sometimes,Rarely,Very Often,Often,Often,Very Rarely,Often,,Always,Almost Always,Almost Always,Almost Always,Almost Always,Almost Always,Almost Always,Almost Always,Almost Always,Almost Always,Almost Always,Never,Almost Never,Sometimes,Almost Always,Almost Never,Almost Never,Never,Almost Always,Always,Sometimes,,21,0,55,7,6,60,,15,15,20,26,5,5,0,0,0,0,0,0,0,0,0,100,50,5,100,50,20,0,0,0,0,0,0,0,0,0,0,0,0,0,0,0,0,0,0,0,0,0,0,0,0,0,0,0,0,0,0,0,0,0,0,0,0,0,0,0,0
375,749,2023-03-21 21:34,R_1oHmVRnLKjwvGpb,,,0,0,,Man,,19,South Asian,High School Diploma,Undergraduate Degree,Student,Student,"$0-$29,999/year",0-15 hours per week,No,"Instagram,YouTube,Reddit",,"TikTok,Facebook",7-8 hours,Moderate,Somewhat well-balanced,Prefer not to disclose,Not Applicable,Not Applicable,Not Applicable,Not Applicable,Not Applicable,Not Applicable,Not Applicable,Not Applicable,Not Applicable,Not Applicable,,Two Times,Four Times,Seven Times,One Time,Four Times,,Yes,Yes,Yes,No,Yes,No,No,Yes,No,,Often,Very Often,Very Often,Sometimes,Rarely,Very Rarely,Often,,Almost Always,Sometimes,Sometimes,Almost Never,Almost Always,Sometimes,Almost Never,Almost Always,Sometimes,Almost Always,Almost Always,Almost Never,Sometimes,Almost Always,Almost Always,Never,Almost Never,Almost Always,Almost Always,Always,Sometimes,,361,286,55,111,29,5,,180,100,60,40,20,10,3,0,0,0,0,0,0,0,0,200,150,30,120,70,40,30,15,10,5,0,0,0,0,0,0,100,60,50,30,20,10,4,1,0,0,0,0,0,0,0,240,150,100,70,50,30,20,15,5,1,0,0,0,0,0
376,19629,2023-03-21 21:38,R_2S2Yv0PTtslTbZi,,,0,0,,Woman,,20,South Asian,High School Diploma,Undergraduate Degree,Student,Student,"$0-$29,999/year",0-15 hours per week,No,"Instagram,Snapchat,TikTok",,"TikTok,Facebook",9-10 hours,Moderate,Somewhat well-balanced,Prefer not to disclose,Not Applicable,Not Applicable,Not Applicable,Not Applicable,Not Applicable,Not Applicable,Not Applicable,Not Applicable,Not Applicable,Not Applicable,,Seven Times,Seven Times,Seven Times,Seven Times,Seven Times,,No,No,No,Yes,Yes,No,Yes,Yes,No,,Often,Often,Very Often,Very Often,Often,Rarely,Often,,Almost Always,Almost Always,Almost Always,Almost Always,Almost Never,Almost Always,Almost Never,Almost Never,Almost Always,Almost Always,Always,Almost Never,Always,Always,Always,Never,Almost Always,Almost Never,Almost Always,Almost Always,Almost Never,,55,45,55,35,17,15,,100,40,10,10,0,0,0,0,0,0,0,0,0,0,0,100,50,5,20,15,10,0,0,0,0,0,0,0,0,0,0,100,50,40,20,10,10,0,0,0,0,0,0,0,0,0,200,100,50,20,10,0,0,0,0,0,0,0,0,0,0
377,755,2023-03-21 21:39,R_26bUvCfPTFsiqG9,,,0,0,,Woman,,19,Other,High School Diploma,Undergraduate Degree,Student,Student,"$0-$29,999/year",Prefer not to disclose,No,"Instagram,Snapchat,TikTok,Reddit,Pinterest",,"TikTok,Facebook",5-6 hours,Sedentary,Somewhat well-balanced,Vision issues,Medical Diagnosis,Not Applicable,Not Applicable,Medical Diagnosis,Medical Diagnosis,Not Applicable,Not Applicable,Not Applicable,Not Applicable,Not Applicable,,Seven Times,Seven Times,Seven Times,Seven Times,Seven Times,,No,No,No,Yes,No,No,Yes,Yes,No,,Often,Sometimes,Very Often,Sometimes,Sometimes,Very Rarely,Sometimes,,Always,Always,Always,Always,Always,Always,Always,Almost Never,Sometimes,Almost Always,Always,Almost Never,Sometimes,Almost Always,Almost Always,Never,Always,Always,Almost Always,Almost Always,Always,,50,95,55,39,183,302,,100,100,60,40,30,30,0,0,0,0,0,0,0,0,0,120,90,5,60,60,30,15,5,5,0,0,0,0,0,0,0,100,20,20,20,10,5,2,0,0,0,0,0,0,0,0,240,120,120,120,60,30,20,20,2,0,0,0,0,0,0
378,1195,2023-03-21 21:40,R_3MM9tScpImLqwKT,,,0,0,,Woman,,21,South Asian,Undergraduate Degree,Undergraduate Degree,Student,Student,"$0-$29,999/year",0-15 hours per week,No,"Instagram,Snapchat,TikTok,LinkedIn",,"TikTok,Facebook",9-10 hours,Active,Somewhat well-balanced,Prefer not to disclose,Not Applicable,Not Applicable,Not Applicable,Not Applicable,Not Applicable,Not Applicable,Not Applicable,Not Applicable,Not Applicable,Not Applicable,,Seven Times,Never,Five Times,Four Times,Five Times,,No,No,Yes,Yes,Yes,Yes,No,Yes,No,,Very Rarely,Rarely,Sometimes,Sometimes,Often,Rarely,Rarely,,Always,Almost Always,Always,Almost Always,Almost Always,Almost Always,Almost Always,Sometimes,Sometimes,Sometimes,Sometimes,Almost Always,Sometimes,Sometimes,Sometimes,Sometimes,Sometimes,Almost Always,Almost Always,Almost Always,Almost Always,,50,109,55,238,44,397,,45,60,55,80,120,200,500,650,1200,9000,170000,140000000,280000000,560000000,11200000000,50,65,50,60,70,80,10000,1000,250,600,4000,6000,12000,150000,700000,112000000,200,400,650,740,600,200,400,1002,790,570,700,28000,560000,11200,22400,0.02,0.1,0.26,0.5,1,2,6,12,22,70,140,280,560,1120,2240
379,785,2023-03-21 21:41,R_1dlPBJ3HhmONdvj,,,0,0,,Woman,,19,"South Asian,Other",Undergraduate Degree,Undergraduate Degree,student,Student,"$0-$29,999/year",0-15 hours per week,No,"Instagram,Snapchat,TikTok,YouTube,LinkedIn",,"TikTok,Facebook",7-8 hours,Very Active,Somewhat well-balanced,Sleep issues,Self-Diagnosis,Not Applicable,Not Applicable,Not Applicable,Medical Diagnosis,Not Applicable,Not Applicable,Not Applicable,Not Applicable,Not Applicable,,Seven Times,Seven Times,Seven Times,Seven Times,Seven Times,,Yes,No,No,Yes,Yes,No,No,Yes,No,,Very Often,Very Often,Rarely,Often,Very Rarely,Rarely,Very Rarely,,Almost Always,Almost Always,Always,Always,Sometimes,Almost Always,Almost Always,Almost Never,Sometimes,Sometimes,Never,Sometimes,Never,Sometimes,Always,Sometimes,Sometimes,Always,Almost Always,Always,Almost Always,,60,45,55,70,30,60,,2,4,2,2,1,0,0,0,0,0,0,0,0,0,0,100,100,5,100,100,100,50,30,10,0,0,0,0,0,0,0,200,200,100,40,20,20,10,10,10,0,0,0,0,0,0,200,200,200,100,100,20,10,10,0,0,0,0,0,0,0
380,591,2023-03-21 21:42,R_1eWVpyIJ4Yj5pvw,,,0,0,,Man,,19,Korean,High School Diploma,Undergraduate Degree,Student,Student,"$0-$29,999/year",0-15 hours per week,No,"Instagram,Snapchat,TikTok,YouTube",,"TikTok,Facebook",5-6 hours,Active,Somewhat well-balanced,Prefer not to disclose,Not Applicable,Not Applicable,Not Applicable,Not Applicable,Not Applicable,Not Applicable,Not Applicable,Not Applicable,Not Applicable,Not Applicable,,Seven Times,Seven Times,Six Times,Seven Times,Seven Times,,No,No,No,Yes,Yes,Yes,No,No,Yes,,Very Rarely,Very Rarely,Very Rarely,Sometimes,Very Rarely,Very Rarely,Sometimes,,Sometimes,Sometimes,Sometimes,Almost Never,Sometimes,Almost Never,Never,Sometimes,Almost Always,Almost Never,Almost Never,Never,Sometimes,Sometimes,Never,Never,Never,Never,Almost Always,Never,Sometimes,,44,39,55,50,58,0,,10,60,5,5,3,0,0,0,0,0,0,0,0,0,0,200,100,5,10,7,8,5,0,,0,0,0,0,0,0,0,100,50,25,8,10,5,0,0,0,0,0,0,0,0,0,100,50,15,10,5,5,0,0,0,0,0,0,0,0,0
381,588,2023-03-21 21:43,R_RXOU0wIsv7pyHa9,,,0,0,,Man,,19,Arab,High School Diploma,Undergraduate Degree,Student,Student,"$0-$29,999/year",0-15 hours per week,No,"Instagram,Snapchat,TikTok,YouTube",,"TikTok,Facebook",7-8 hours,Very Active,Somewhat well-balanced,Prefer not to disclose,Not Applicable,Not Applicable,Not Applicable,Not Applicable,Not Applicable,Not Applicable,Not Applicable,Not Applicable,Not Applicable,Not Applicable,,Seven Times,Seven Times,Seven Times,Seven Times,Seven Times,,Yes,No,No,Yes,Yes,No,No,Yes,No,,Rarely,Rarely,Sometimes,Very Often,Sometimes,Very Rarely,Often,,Always,Always,Always,Always,Always,Always,Almost Never,Almost Never,Sometimes,Almost Always,Sometimes,Almost Never,Never,Never,Never,Never,Almost Always,Sometimes,Almost Always,Almost Never,Sometimes,,94,88,55,40,5,4,,120,60,15,20,10,3,1,0,0,0,0,0,0,0,0,120,60,5,20,15,15,10,5,2,1,0,0,0,0,0,0,10,5,3,2,1,0,0,0,0,0,0,0,0,0,0,100,40,20,10,5,3,1,0,0,0,0,0,0,0,0
382,981,2023-03-21 21:43,R_1f7wu4Luz0wGWsE,,,0,0,,Non-binary / third gender,,21,Not a visible minority,High School Diploma,Undergraduate Degree,Student,Student,"$0-$29,999/year",0-15 hours per week,No,"Instagram,YouTube,Reddit,Facebook,Pinterest,Other",Tumblr,"TikTok,Facebook",7-8 hours,Sedentary,Mostly well-balanced,Prefer not to disclose,Not Applicable,Not Applicable,Not Applicable,Not Applicable,Not Applicable,Not Applicable,Not Applicable,Not Applicable,Not Applicable,Not Applicable,,Three Times,Seven Times,Never,Seven Times,Never,,No,No,No,No,No,No,No,No,No,,Rarely,Very Rarely,Very Rarely,Very Rarely,Very Rarely,Very Rarely,Very Rarely,,Sometimes,Almost Always,Almost Always,Sometimes,Sometimes,Sometimes,Almost Never,Never,Almost Never,Sometimes,Never,Never,Almost Never,Almost Never,Almost Always,Never,Sometimes,Sometimes,Almost Always,Sometimes,Sometimes,,60,60,55,60,60,60,,0,0,0,0,0,0,0,0,0,0,0,0,0,0,0,10,2,5,1,0,0,0,0,0,0,0,0,0,0,0,0,0,0,0,0,0,0,0,0,0,0,0,0,0,0,0,0,0,0,0,0,0,0,0,0,0,0,0,0,0,0
383,634,2023-03-21 21:43,R_O273ZIJizXEIgQF,,,0,0,,Man,,19,"Chinese,Other",Undergraduate Degree,Undergraduate Degree,Student,Unemployed,"$0-$29,999/year",0-15 hours per week,No,"Instagram,TikTok,YouTube,Twitter,Reddit",,"TikTok,Facebook",7-8 hours,Sedentary,Poor,,Not Applicable,Not Applicable,Not Applicable,Not Applicable,Not Applicable,Not Applicable,Not Applicable,Not Applicable,Not Applicable,Not Applicable,,Seven Times,Seven Times,Seven Times,Seven Times,Seven Times,,No,No,No,Yes,Yes,No,No,No,No,,Sometimes,Very Rarely,Very Rarely,Rarely,Very Rarely,Very Rarely,Rarely,,Sometimes,Almost Always,Almost Never,Sometimes,Sometimes,Almost Always,Never,Never,Sometimes,Never,Never,Never,Almost Never,Almost Never,Never,Never,Almost Always,Sometimes,Almost Always,Never,Sometimes,,33,14,55,29,44,10,,120,90,60,50,50,10,0,0,0,0,0,0,0,0,0,60,30,10,10,10,10,0,0,0,0,0,0,0,0,0,0,0,0,0,0,0,0,0,0,0,0,0,0,0,0,0,120,100,50,0,0,0,0,0,0,0,0,0,0,0,0
384,846,2023-03-21 21:44,R_9vN2WxPefU6KdQ5,,TRUE,88,0,2023-03-22 0:40,Woman,,20,"Hispanic/Latin American,Japanese,Not a visible minority,Other",High School Diploma,Undergraduate Degree,University Student,Full time (30+ hours per week),"$0-$29,999/year",26-40 hours per week,No,"Instagram,TikTok,YouTube",,"TikTok,Facebook",5-6 hours,Sedentary,Mostly well-balanced,,Medical Diagnosis,,Medical Diagnosis,,,,Medical Diagnosis,,,,,Seven Times,Never,Two Times,Never,Five Times,,No,No,No,No,Yes,No,No,Yes,No,,Very Rarely,Sometimes,Sometimes,Rarely,Very Rarely,Very Rarely,Rarely,,Always,Always,Always,Almost Always,Almost Always,Always,Sometimes,Never,Sometimes,Almost Always,Almost Never,Almost Always,Almost Always,Almost Always,Almost Always,Never,Almost Always,Almost Always,Almost Always,Almost Always,Almost Never,,20,20,55,20,15,10,,100,100,80,50,25,15,10,5,0,0,0,0,0,0,0,5,5,5,5,3,3,3,2,0,0,0,0,0,0,0,0,5,5,5,5,3,3,3,1,0,0,0,0,0,0,0,5,5,5,5,3,3,2,1,0,0,0,0,0,0,0
385,671,2023-03-21 21:44,R_25SMZGq9xv6bW5g,,,0,0,,Woman,,20,South Asian,Undergraduate Degree,Undergraduate Degree,Student ,Unemployed,Prefer not to disclose,0-15 hours per week,No,"Instagram,Snapchat,TikTok",,"TikTok,Facebook",7-8 hours,Sedentary,Somewhat well-balanced,Vision issues,Self-Diagnosis,Not Applicable,Not Applicable,Not Applicable,Not Applicable,Not Applicable,Not Applicable,Not Applicable,Not Applicable,Not Applicable,,Seven Times,Seven Times,Seven Times,Four Times,Seven Times,,Yes,Yes,Yes,Yes,Yes,Yes,Yes,No,No,,Sometimes,Often,Often,Rarely,Rarely,Very Rarely,Often,,Almost Always,Sometimes,Almost Always,Always,Almost Always,Always,Always,Always,Almost Always,Almost Never,Never,Almost Always,Sometimes,Almost Always,Sometimes,Sometimes,Almost Always,Always,Almost Always,Sometimes,Sometimes,,12,7,55,9,0,0,,2000,1000,500,50,0,0,0,0,0,0,0,0,0,0,0,3000,2000,20,20,20,0,0,0,0,0,0,0,0,0,0,0,2000,2000,2000,1000,100,0,0,0,0,0,0,0,0,0,0,2000,1500,1000,500,0,0,0,0,0,0,0,0,0,0,0
386,633,2023-03-21 21:47,R_3lPouwloIYf5xwL,,,0,0,,Man,,19,South Asian,High School Diploma,Undergraduate Degree,Student,Student,"$0-$29,999/year",0-15 hours per week,No,"Instagram,Snapchat,YouTube",,"TikTok,Facebook",7-8 hours,Active,Mostly well-balanced,Vision issues,Not Applicable,Not Applicable,Not Applicable,Not Applicable,Not Applicable,Not Applicable,Not Applicable,Not Applicable,Not Applicable,Not Applicable,,Four Times,Never,Never,Four Times,Never,,No,No,No,No,No,No,No,No,No,,Very Rarely,Very Rarely,Rarely,Very Rarely,Very Rarely,Very Rarely,Rarely,,Sometimes,Almost Never,Always,Almost Never,Sometimes,Almost Never,Never,Never,Sometimes,Sometimes,Almost Never,Never,Almost Never,Never,Never,Never,Almost Never,Sometimes,Almost Always,Never,Sometimes,,600,240,55,120,73,60,,60,0,0,0,0,0,0,0,0,0,0,0,0,0,0,60,30,0,30,20,10,5,2,1,1,0,0,0,0,0,0,60,0,0,0,0,0,0,0,0,0,0,0,0,0,0,60,30,30,20,10,5,5,2,1,0,0,0,0,0,0
387,764,2023-03-21 21:49,R_2Y4AM6rbrXwaYxJ,,,0,0,,Woman,,20,Korean,High School Diploma,Undergraduate Degree,Student,Part time (less than 30 hours per week),"$0-$29,999/year",16-25 hours per week,No,"Instagram,Snapchat,TikTok,YouTube",,"TikTok,Facebook",7-8 hours,Active,Somewhat well-balanced,Vision issues,Medical Diagnosis,Medical Diagnosis,Self-Diagnosis,Not Applicable,Not Applicable,Not Applicable,Not Applicable,Not Applicable,Not Applicable,Not Applicable,,Seven Times,Never,Seven Times,Never,Seven Times,,No,No,Yes,Yes,No,No,No,Yes,No,,Very Rarely,Sometimes,Often,Often,Very Often,Very Rarely,Very Often,,Always,Always,Always,Always,Always,Always,Always,Always,Always,Sometimes,Almost Always,Almost Always,Almost Never,Almost Always,Almost Always,Never,Almost Always,Sometimes,Almost Always,Always,Almost Always,,27,21,55,10,4,,,10,10,10,5,5,3,1,0,0,0,0,0,0,0,0,15,15,15,15,10,10,10,5,4,1,0,0,0,0,0,0,5,5,5,5,5,3,0,0,0,0,0,0,0,0,0,1000,1000,100,50,50,30,10,5,20,1,0,0,0,0,0
388,2185,2023-03-21 21:50,R_25Nn8hoLQQiMaC1,,,0,0,,Perfer not to disclose,,26,Prefer not to disclose,Graduate Degree,Undergraduate Degree,student,Student,"$0-$29,999/year",0-15 hours per week,No,"Instagram,YouTube,Reddit",,,7-8 hours,Very Active,Mostly well-balanced,Prefer not to disclose,Not Applicable,Not Applicable,Not Applicable,Not Applicable,Not Applicable,Not Applicable,Not Applicable,Not Applicable,Not Applicable,Not Applicable,,Five Times,Five Times,Five Times,Five Times,Five Times,,No,No,No,Yes,Yes,No,No,No,Yes,,Often,Sometimes,Rarely,Sometimes,Often,Very Rarely,Often,,Sometimes,Almost Always,Sometimes,Almost Always,Almost Never,Sometimes,Almost Always,Almost Never,Almost Never,Almost Always,Sometimes,Sometimes,Sometimes,Sometimes,Sometimes,Almost Always,Almost Never,Sometimes,Almost Always,Sometimes,Sometimes,,3,5,2,4,4,2,,0,0,0,0,0,0,0,0,0,0,0,0,0,0,0,0,0,0,0,0,0,0,0,0,0,0,0,0,0,0,0,0,0,0,0,0,0,0,0,0,0,0,0,0,0,0,0,0,0,0,0,0,0,0,0,0,0,0,0,0,
389,593,2023-03-21 21:52,R_e3hDdiaySc58n4t,,,0,0,,Woman,,20,Korean,Undergraduate Degree,Undergraduate Degree,Student,Student,"$0-$29,999/year",0-15 hours per week,Yes,"Instagram,YouTube",,"TikTok,Facebook",5-6 hours,Active,Mostly well-balanced,Vision issues,Not Applicable,Not Applicable,Not Applicable,Not Applicable,Not Applicable,Not Applicable,Not Applicable,Not Applicable,Not Applicable,Not Applicable,,Seven Times,Seven Times,Five Times,Four Times,Four Times,,No,No,No,Yes,Yes,No,No,Yes,No,,Sometimes,Sometimes,Rarely,Rarely,Often,Often,Sometimes,,Sometimes,Almost Always,Always,Almost Always,Almost Always,Sometimes,Sometimes,Sometimes,Sometimes,Sometimes,Sometimes,Sometimes,Sometimes,Sometimes,Sometimes,Sometimes,Sometimes,Sometimes,Sometimes,Sometimes,Sometimes,,309,212,40,154,241,177,,100,100,30,20,20,10,10,5,3,0,0,0,0,0,0,60,60,50,50,50,50,50,40,20,20,10,10,5,0,0,0,0,0,0,0,0,0,0,0,0,0,0,0,0,0,0,0,0,0,0,0,0,0,0,0,0,0,0,0,0,0
390,331,2023-03-21 21:53,R_2919x2CROtIgGwv,,TRUE,90,5,2023-03-22 2:19,Perfer not to disclose,,21,Chinese,Prefer not to disclose,Prefer not to disclose,student,Prefer not to disclose,Prefer not to disclose,Prefer not to disclose,No,"Instagram,YouTube",,"TikTok,Facebook",7-8 hours,Moderate,Somewhat well-balanced,Prefer not to disclose,Self-Diagnosis,Self-Diagnosis,Not Applicable,Self-Diagnosis,Not Applicable,Not Applicable,Self-Diagnosis,Not Applicable,Not Applicable,Not Applicable,,Six Times,Six Times,Seven Times,Six Times,Seven Times,,No,No,No,No,No,No,No,No,No,,Rarely,Rarely,Rarely,Often,Rarely,Very Rarely,Rarely,,Almost Never,Almost Never,Almost Never,Almost Never,Almost Never,Almost Never,Almost Never,Almost Never,Almost Never,Almost Never,Almost Never,Almost Never,Almost Never,Almost Never,Almost Never,Almost Never,Almost Never,Almost Never,Almost Always,Almost Never,Almost Never,,49,100,55,92,113,140,,0,0,0,0,0,0,0,0,0,0,0,0,0,0,0,0,0,5,0,0,0,0,0,0,0,0,0,0,0,0,0,0,0,0,0,0,0,0,0,0,0,0,0,0,0,0,0,0,0,0,0,0,0,0,0,0,0,0,0,0,0
391,798,2023-03-21 21:56,R_1K8TTxX3083OsGg,,,0,0,,Woman,,19,Not a visible minority,High School Diploma,Undergraduate Degree,Student,Student,"$0-$29,999/year",0-15 hours per week,No,"Instagram,Snapchat,YouTube,Pinterest",,"TikTok,Facebook",5-6 hours,Active,Mostly well-balanced,,Medical Diagnosis,,,,,,,,,,,One Time,Four Times,One Time,Two Times,Seven Times,,No,No,No,Yes,Yes,No,No,Yes,No,,Rarely,Sometimes,Sometimes,Sometimes,Very Rarely,Very Rarely,Rarely,,Sometimes,Sometimes,Almost Always,Sometimes,Sometimes,Sometimes,Almost Never,Never,Almost Never,Never,Sometimes,Almost Never,Never,Sometimes,Almost Never,Never,Almost Never,Almost Never,Almost Always,Almost Never,Almost Never,,64,82,55,80,199,224,,0,0,0,0,0,0,0,0,0,0,0,0,0,0,0,0,0,0,0,0,0,0,0,0,0,0,0,0,0,0,0,0,0,0,0,0,0,0,0,0,0,0,0,0,0,0,0,0,0,0,0,0,0,0,0,0,0,0,0,0,0
392,1449,2023-03-21 22:00,R_3KvwwaaSrp8Zvz1,,,0,10,,Man,,18,Chinese,High School Diploma,Undergraduate Degree,Student,Student,Prefer not to disclose,Prefer not to disclose,No,"Instagram,TikTok,YouTube,Twitter",,"Instagram,TikTok,YouTube",5-6 hours,Sedentary,Somewhat well-balanced,Vision issues,Not Applicable,Not Applicable,Not Applicable,Not Applicable,Not Applicable,Not Applicable,Not Applicable,Not Applicable,Not Applicable,Not Applicable,,Seven Times,One Time,Seven Times,One Time,Seven Times,,No,No,Yes,Yes,Yes,No,No,Yes,No,,Sometimes,Often,Rarely,Sometimes,Often,Rarely,Very Rarely,,Almost Always,Always,Almost Always,Sometimes,Almost Never,Sometimes,Never,Never,Never,Always,Almost Always,Sometimes,Almost Never,Always,Sometimes,Never,Sometimes,Always,Almost Always,Almost Never,Sometimes,,45,45,55,50,55,55,,100,50,30,30,20,15,15,10,10,5,0,0,0,0,0,100,1000,100,100,90,80,70,50,30,20,10,0,0,0,0,0,10,10,10,10,10,0,0,0,0,0,0,0,0,0,0,100,100,100,100,80,60,40,20,10,0,0,0,0,0,0
393,688,2023-03-21 22:01,R_2zYe1Gw0NnSZa5i,,,0,0,,Woman,,21,Chinese,Undergraduate Degree,Undergraduate Degree,Student ,Student,"$0-$29,999/year",0-15 hours per week,No,"Instagram,TikTok,LinkedIn,Facebook",,"TikTok,Facebook",7-8 hours,Active,Mostly well-balanced,Prefer not to disclose,Not Applicable,Not Applicable,Not Applicable,Not Applicable,Not Applicable,Not Applicable,Not Applicable,Not Applicable,Not Applicable,Not Applicable,,Seven Times,Four Times,Five Times,Seven Times,Four Times,,No,No,No,Yes,No,No,No,No,No,,Sometimes,Sometimes,Rarely,Sometimes,Rarely,Very Rarely,Very Rarely,,Sometimes,Sometimes,Almost Always,Almost Always,Sometimes,Almost Never,Sometimes,Almost Never,Almost Never,Almost Never,Almost Never,Sometimes,Almost Never,Sometimes,Sometimes,Never,Almost Never,Sometimes,Almost Always,Sometimes,Almost Always,,39,25,55,10,6,4,,200,200,150,100,50,30,5,0,0,0,0,0,0,0,0,250,220,5,50,50,70,20,15,10,0,0,0,0,0,0,0,0,0,0,0,0,0,0,0,0,0,0,0,0,0,0,100,100,70,50,50,20,15,0,0,0,0,0,0,0,0
394,2258,2023-03-21 22:03,R_2rownT3w32GdGTy,,,0,0,,Man,,20,Not a visible minority,High School Diploma,Undergraduate Degree,Student,Student,"$0-$29,999/year",0-15 hours per week,No,"Instagram,Snapchat,YouTube",,,7-8 hours,Moderate,Somewhat well-balanced,,Medical Diagnosis,Medical Diagnosis,,,,,Medical Diagnosis,,,,,Seven Times,One Time,Three Times,Two Times,Two Times,,No,No,No,No,Yes,No,No,Yes,No,,Rarely,Rarely,Rarely,Sometimes,Rarely,Rarely,Rarely,,Almost Always,Almost Never,Sometimes,Almost Never,Almost Never,Almost Never,Almost Never,Almost Never,Sometimes,Almost Always,Sometimes,Almost Never,Almost Never,Almost Never,Almost Never,Sometimes,Almost Always,Sometimes,Almost Never,Sometimes,Almost Never,,84,58,17,139,177,,,0,0,0,0,0,0,0,0,0,0,0,0,0,0,0,0,0,0,0,0,0,0,0,0,0,0,0,0,0,0,0,0,0,0,0,0,0,0,0,0,0,0,0,0,0,0,0,0,0,0,0,0,0,0,0,0,0,0,0,0,0
395,3783,2023-03-21 22:03,R_DjmJooAOh4vzZJf,,,0,0,,Woman,,23,"Chinese,Arab",Undergraduate Degree,Undergraduate Degree,Clinical Extern nurse,Student,"$0-$29,999/year",0-15 hours per week,No,"Instagram,TikTok,YouTube,Facebook",,"TikTok,Facebook",5-6 hours,Moderate,Mostly well-balanced,Muscular/Skeletal issues,Medical Diagnosis,Not Applicable,Not Applicable,Medical Diagnosis,Not Applicable,Not Applicable,Medical Diagnosis,Not Applicable,Not Applicable,Not Applicable,,Seven Times,Four Times,Two Times,Six Times,Four Times,,No,No,No,Yes,No,No,No,Yes,No,,Very Rarely,Rarely,Often,Rarely,Very Rarely,Very Rarely,Rarely,,Always,Always,Sometimes,Almost Always,Always,Almost Never,Never,Sometimes,Sometimes,Never,Sometimes,Never,Never,Sometimes,Sometimes,Never,Sometimes,Almost Always,Almost Always,Always,Sometimes,,20,17,55,41,42,99,,100,100,100,100,50,10,10,5,1,0,0,0,0,0,0,100,100,5,100,100,10,10,3,1,0,0,0,0,0,0,0,100,100,100,10,5,5,0,0,0,0,0,0,0,0,0,100,100,100,10,10,10,0,0,0,0,0,0,0,0,0
396,854,2023-03-21 22:04,R_2wLHEqtqq2TDixu,,,0,0,,Man,,25,Southeast Asian,Undergraduate Degree,Graduate Degree,N/A,Student,"$0-$29,999/year",16-25 hours per week,No,"Instagram,Snapchat,TikTok,YouTube,Reddit,Facebook",,"TikTok,Facebook",5-6 hours,Very Active,Mostly well-balanced,,Not Applicable,Not Applicable,Not Applicable,Not Applicable,Not Applicable,Not Applicable,Not Applicable,Not Applicable,Not Applicable,Not Applicable,,Seven Times,Seven Times,Seven Times,Seven Times,Seven Times,,No,No,No,Yes,Yes,No,No,Yes,No,,Sometimes,Rarely,Very Often,Often,Very Rarely,Very Rarely,Often,,Always,Always,Always,Always,Always,Always,Always,Sometimes,Almost Never,Always,Almost Never,Always,Never,Always,Sometimes,Never,Always,Always,Almost Always,Never,Always,,31,60,55,59,10,1,,2,60,60,30,10,5,2,0,0,0,0,0,0,0,0,500,80,0,90,80,80,10,5,3,2,2,2,2,1,1,0,5,5,5,5,4,3,2,1,0,0,0,0,0,0,0,100,30,60,50,40,10,5,1,0.5,1,1,1,0.4,0,0
397,261,2023-03-21 22:07,R_2DYcRrRbVZPxcMM,,,0,0,,Woman,,19,Other,Undergraduate Degree,Undergraduate Degree,Unemployed,Unemployed,Prefer not to disclose,Prefer not to disclose,No,,,,,,,,,,,,,,,,,,,,,,,,,,,,,,,,,,,,,,,,,,,,,,,,,,,,,,,,,,,,,,,,,,,55,,,,,,,,,,,,,,,,,,,,,,,,,,,,,,,,,,,,,,,,,,,,,,,,,,,,,,,,,,,,,,,,,
398,4459,2023-03-21 22:08,R_DcmgvLjWUZK29BT,,,0,0,,Woman,,25,Chinese,Graduate Degree,Undergraduate Degree,Student,Student,"$0-$29,999/year",0-15 hours per week,No,"Instagram,Snapchat,TikTok,YouTube,LinkedIn,Reddit,Facebook",,"TikTok,Facebook",7-8 hours,Moderate,Somewhat well-balanced,Prefer not to disclose,Self-Diagnosis,Not Applicable,Not Applicable,Not Applicable,Not Applicable,Not Applicable,Not Applicable,Not Applicable,Not Applicable,Not Applicable,,Seven Times,Three Times,Five Times,Seven Times,Four Times,,Yes,No,No,Yes,Yes,No,No,Yes,No,,Often,Sometimes,Sometimes,Often,Rarely,Very Rarely,Sometimes,,Always,Almost Always,Always,Never,Sometimes,Sometimes,Never,Sometimes,Sometimes,Sometimes,Almost Always,Sometimes,Almost Never,Almost Always,Sometimes,Almost Never,Almost Always,Always,Almost Always,Almost Always,Almost Always,,16,40,55,80,95,148,,100,20,1,1,1,0,0,0,0,0,0,0,0,0,0,400,40,1,4,4,2,0,0,0,0,0,0,0,0,0,0,0,0,0,0,0,0,0,0,0,0,0,0,0,0,0,100,20,20,4,2,1,0,0,0,0,0,0,0,0,0
399,4473,2023-03-21 22:14,R_3fVjDIlxcu0Un8t,,,0,0,,Non-binary / third gender,,19,Not a visible minority,High School Diploma,Undergraduate Degree,student,Student,"$0-$29,999/year",26-40 hours per week,No,"Instagram,TikTok,Twitter",,"TikTok,Facebook",7-8 hours,Moderate,Mostly well-balanced,Muscular/Skeletal issues,Medical Diagnosis,Not Applicable,Not Applicable,Self-Diagnosis,Not Applicable,Not Applicable,Not Applicable,Medical Diagnosis,Not Applicable,Not Applicable,,Seven Times,Seven Times,Five Times,Seven Times,Four Times,,No,No,No,Yes,Yes,No,No,Yes,No,,Sometimes,Sometimes,Often,Often,Sometimes,Very Rarely,Very Rarely,,Always,Always,Always,Almost Never,Sometimes,Sometimes,Almost Never,Never,Never,Almost Never,Sometimes,Almost Never,Sometimes,Almost Always,Almost Never,Never,Sometimes,Almost Never,Almost Always,Never,Never,,120,100,55,249,25,0,,100,100,75,40,20,10,10,0,0,0,0,0,0,0,0,50,50,5,0,0,0,0,0,0,0,0,0,0,0,0,0,0,0,0,0,0,0,0,0,0,0,0,0,90,0,0,100,100,100,100,25,20,5,20,10,0,0,0,0,0,0
400,509,2023-03-21 22:15,R_31WMFA70W6ZNLue,,,0,0,,Woman,,19,Southeast Asian,High School Diploma,Undergraduate Degree,student,Unemployed,"$0-$29,999/year",0-15 hours per week,No,"Instagram,Snapchat,TikTok,YouTube,LinkedIn,Twitter",,"TikTok,Facebook",7-8 hours,Moderate,Mostly well-balanced,Prefer not to disclose,Self-Diagnosis,Not Applicable,Not Applicable,Not Applicable,Not Applicable,Not Applicable,Not Applicable,Not Applicable,Not Applicable,Not Applicable,,Seven Times,Seven Times,Five Times,Seven Times,Six Times,,Yes,Yes,No,Yes,Yes,Yes,Yes,Yes,No,,Rarely,Often,Often,Rarely,Often,Often,Sometimes,,Almost Always,Sometimes,Almost Always,Almost Always,Sometimes,Almost Always,Sometimes,Never,Almost Never,Almost Never,Sometimes,Almost Never,Sometimes,Almost Always,Sometimes,Almost Always,Almost Always,Always,Almost Always,Sometimes,Almost Always,,401,336,55,183,185,345,,30,20,15,30,15,10,5,2,7,0,0,0,0,0,0,100,5,15,7,40,6,6,4,9,1,5,0,0,0,0,0,0,5,0,0,0,5,8,5,9,0,4,0,0,0,0,0,0,0,0,0,,,,0,0,0,0,,,
401,997,2023-03-21 22:21,R_3maa2NX2nagN1J3,,,0,0,,Woman,,23,Not a visible minority,Undergraduate Degree,Graduate Degree,Student,Student,"$30,000-$49,999/year",0-15 hours per week,No,"Instagram,TikTok,Facebook",,"TikTok,Facebook",5-6 hours,Moderate,Somewhat well-balanced,Sleep issues,Not Applicable,Not Applicable,Not Applicable,Not Applicable,Not Applicable,Not Applicable,Not Applicable,Not Applicable,Not Applicable,Not Applicable,,Seven Times,Three Times,One Time,Five Times,Four Times,,No,No,Yes,No,No,No,No,No,No,,Sometimes,Rarely,Sometimes,Rarely,Rarely,Very Rarely,Rarely,,Almost Always,Almost Always,Almost Always,Almost Always,Sometimes,Sometimes,Sometimes,Almost Never,Sometimes,Sometimes,Sometimes,Almost Never,Almost Always,Sometimes,Almost Always,Never,Sometimes,Sometimes,Almost Always,Sometimes,Sometimes,,148,26,55,21,19,10,,1000,700,500,100,50,30,10,0,0,0,0,0,0,0,0,500,300,400,200,50,30,30,10,10,0,0,0,0,0,0,0,1500,1000,800,700,300,80,30,20,20,0,0,0,0,0,0,500,300,200,120,100,20,20,10,0,0,0,0,0,0,0
402,695,2023-03-21 22:22,R_2wcO5lCs8eFTYMZ,,,0,0,,Woman,,25,Chinese,Undergraduate Degree,Graduate Degree,Student,Student,"$0-$29,999/year",Prefer not to disclose,No,"Instagram,Snapchat,YouTube,LinkedIn,Facebook,Pinterest",,"TikTok,Facebook",7-8 hours,Moderate,Mostly well-balanced,Prefer not to disclose,Medical Diagnosis,Not Applicable,Not Applicable,Medical Diagnosis,Medical Diagnosis,Not Applicable,Self-Diagnosis,Not Applicable,Not Applicable,Not Applicable,,Seven Times,Never,Three Times,Seven Times,Four Times,,No,No,No,Yes,No,No,No,Yes,No,,Rarely,Rarely,Sometimes,Sometimes,Very Rarely,Very Rarely,Very Rarely,,Almost Always,Always,Always,Always,Sometimes,Almost Always,Sometimes,Almost Never,Almost Never,Sometimes,Sometimes,Sometimes,Almost Never,Sometimes,Sometimes,Sometimes,Sometimes,Sometimes,Almost Always,Almost Never,Sometimes,,29,31,55,46,31,33,,30,30,30,30,30,20,20,10,10,5,0,0,0,0,0,30,30,5,30,30,30,30,30,30,10,5,0,0,0,0,0,15,15,15,15,15,0,0,0,0,0,0,0,0,0,0,30,30,30,30,30,30,20,10,5,0,0,0,0,0,0
403,1209,2023-03-21 22:26,R_1PejmBE6FsH7mpd,,,0,0,,Man,,31,Other,Graduate Degree,Graduate Degree,Student,Student,Prefer not to disclose,Prefer not to disclose,Yes,"Instagram,Snapchat,YouTube,LinkedIn,Facebook",,"TikTok,Facebook",5-6 hours,Active,Mostly well-balanced,Prefer not to disclose,Not Applicable,Not Applicable,Not Applicable,Not Applicable,Not Applicable,Not Applicable,Not Applicable,Not Applicable,Not Applicable,Not Applicable,,Five Times,Never,Never,Five Times,Never,,No,No,No,Yes,No,No,No,Yes,No,,Sometimes,Rarely,Sometimes,Rarely,Rarely,Very Rarely,Rarely,,Almost Always,Almost Always,Sometimes,Sometimes,Sometimes,Sometimes,Almost Never,Never,Sometimes,Sometimes,Sometimes,Sometimes,Sometimes,Sometimes,Almost Never,Never,Sometimes,Sometimes,Almost Always,Never,Almost Always,,6,12,55,15,60,10,,30,60,100,75,20,10,8,0,0,0,0,0,0,0,0,30,30,5,25,15,15,10,15,5,0,0,0,0,0,0,0,0,30,25,20,15,10,0,0,0,0,0,0,0,0,0,45,45,40,30,30,20,15,0,0,0,0,0,0,0,0
404,610,2023-03-21 22:26,R_ahslFXDM3QrVjxf,,,0,0,,Woman,,19,South Asian,Undergraduate Degree,Undergraduate Degree,na,Student,"$0-$29,999/year",0-15 hours per week,No,"Instagram,Snapchat,TikTok,YouTube,LinkedIn,Twitter,Reddit,Pinterest",,"TikTok,Facebook",5-6 hours,Moderate,Somewhat well-balanced,,Medical Diagnosis,Self-Diagnosis,Not Applicable,Medical Diagnosis,Not Applicable,Not Applicable,Not Applicable,Not Applicable,Not Applicable,Not Applicable,,Seven Times,Seven Times,Seven Times,Seven Times,Three Times,,No,No,No,Yes,Yes,No,No,Yes,No,,Very Rarely,Very Often,Very Often,Very Often,Sometimes,Very Rarely,Rarely,,Always,Always,Sometimes,Always,Almost Always,Almost Always,Always,Never,Sometimes,Never,Always,Never,Sometimes,Almost Always,Almost Always,Never,Almost Always,Sometimes,Almost Always,Sometimes,Sometimes,,110,123,55,197,218,232,,0,0,0,0,0,0,0,0,0,0,0,0,0,0,0,0,0,5,0,0,0,0,0,0,0,0,0,0,0,0,0,0,0,0,0,0,0,0,0,0,0,0,0,0,0,0,0,0,0,0,0,0,0,0,0,0,0,0,0,0,0
405,1237,2023-03-21 22:31,R_3GelRcRDVFiirKJ,,,0,10,,Man,,25,Arab,Prefer not to disclose,Undergraduate Degree,Student,Student,"$0-$29,999/year",0-15 hours per week,No,"YouTube,Twitter,Reddit,Facebook",,"TikTok,Facebook",5-6 hours,Moderate,Somewhat well-balanced,Vision issues,Not Applicable,Not Applicable,Not Applicable,Not Applicable,Not Applicable,Not Applicable,Not Applicable,Not Applicable,Not Applicable,Not Applicable,,Three Times,Four Times,Six Times,Six Times,Six Times,,No,No,No,Yes,No,No,No,No,No,,Sometimes,Often,Very Rarely,Often,Rarely,Very Rarely,Rarely,,Almost Always,Almost Always,Almost Always,Almost Always,Sometimes,Sometimes,Almost Never,Almost Never,Almost Never,Almost Never,Almost Never,Almost Never,Almost Never,Sometimes,Sometimes,Sometimes,Almost Never,Sometimes,Almost Always,Sometimes,Sometimes,,100,70,55,43,30,10,,60,40,40,16,10,4,0,0,9,0,0,0,0,0,0,60,60,5,60,60,30,15,5,5,3,1,0,0,0,0,0,0,0,0,0,0,0,0,0,0,0,0,0,0,0,0,120,60,60,30,15,15,0,0,0,0,0,0,0,0,0
406,756,2023-03-21 22:32,R_1mlxb70Y0CYzQ8A,,,0,0,,Man,,19,Chinese,High School Diploma,Undergraduate Degree,Student,Student,"$0-$29,999/year",0-15 hours per week,No,"Instagram,Snapchat,TikTok,YouTube,LinkedIn,Twitter,Reddit",,"TikTok,Facebook",7-8 hours,Active,Mostly well-balanced,Vision issues,Self-Diagnosis,Not Applicable,Not Applicable,Not Applicable,Not Applicable,Not Applicable,Not Applicable,Not Applicable,Not Applicable,Not Applicable,,Seven Times,Five Times,Six Times,Seven Times,Five Times,,No,No,No,Yes,No,No,No,No,No,,Very Rarely,Sometimes,Very Rarely,Sometimes,Very Rarely,Very Rarely,Rarely,,Almost Always,Always,Almost Always,Almost Never,Sometimes,Almost Never,Almost Never,Never,Sometimes,Never,Never,Never,Sometimes,Almost Never,Almost Never,Never,Sometimes,Sometimes,Almost Always,Never,Sometimes,,22,31,55,60,199,600,,60,12,10,5,5,5,0,0,0,0,0,0,0,0,0,120,100,5,30,30,20,20,5,0,0,0,0,0,0,0,0,Okay ,0,0,0,0,0,0,0,0,0,0,0,0,0,0,200,200,60,60,20,10,5,0,0,0,0,0,0,0,0
407,609,2023-03-21 22:32,R_XG2ISUj8YlhaPLP,,,0,0,,Woman,,21,Korean,Undergraduate Degree,Undergraduate Degree,student,Part time (less than 30 hours per week),"$0-$29,999/year",0-15 hours per week,No,Instagram,,"TikTok,Facebook",7-8 hours,Sedentary,Somewhat well-balanced,Muscular/Skeletal issues,Self-Diagnosis,Not Applicable,Not Applicable,Not Applicable,Not Applicable,Not Applicable,Not Applicable,Not Applicable,Not Applicable,Not Applicable,,Seven Times,Two Times,Four Times,Two Times,Five Times,,No,No,No,No,No,No,Yes,No,No,,Sometimes,Rarely,Sometimes,Sometimes,Sometimes,Very Rarely,Sometimes,,Sometimes,Sometimes,Sometimes,Sometimes,Almost Never,Almost Always,Sometimes,Almost Never,Sometimes,Sometimes,Almost Always,Sometimes,Sometimes,Sometimes,Almost Never,Sometimes,Sometimes,Almost Always,Almost Always,Sometimes,Sometimes,,163,252,55,343,434,529,,100,50,30,20,10,3,2,1,0,0,0,0,0,0,0,100,50,3,20,10,5,3,2,1,0,0,0,0,0,0,0,0,50,20,10,5,3,1,1,0,0,0,0,0,0,0,100,50,30,10,5,3,1,0,0,0,0,0,0,0,0
408,525,2023-03-21 22:41,R_bIxvPbxctvzCCDn,,,0,10,,Man,,22,Chinese,Undergraduate Degree,Undergraduate Degree,Student,Student,"$0-$29,999/year",16-25 hours per week,No,"YouTube,Twitter",,"TikTok,Facebook",7-8 hours,Active,Mostly well-balanced,Sleep issues,Self-Diagnosis,Not Applicable,Not Applicable,Not Applicable,Not Applicable,Not Applicable,Not Applicable,Not Applicable,Not Applicable,Not Applicable,,One Time,Two Times,One Time,Four Times,Two Times,,No,No,Yes,No,No,Yes,No,Yes,No,,Rarely,Sometimes,Rarely,Rarely,Rarely,Often,Rarely,,Always,Sometimes,Sometimes,Sometimes,Almost Always,Always,Almost Never,Sometimes,Almost Always,Always,Always,Sometimes,Always,Sometimes,Always,Sometimes,Always,Almost Always,Almost Always,Always,Sometimes,,238,219,55,267,331,269,,1000,100,100,50,10,0,0,0,0,0,0,0,0,0,0,1000,100,10,10,10,10,10,10,0,0,0,0,0,0,0,0,100,100,10,10,10,10,10,10,0,0,0,0,0,0,0,0,0,0,0,0,0,0,0,0,0,0,0,0,0,0
409,1300,2023-03-21 22:44,R_VO93EtEHnfiqRRD,,,0,0,,Woman,,26,South Asian,Undergraduate Degree,Graduate Degree,Graduate student,Student,"$0-$29,999/year",26-40 hours per week,No,"Instagram,YouTube,Reddit",,"TikTok,Facebook",7-8 hours,Active,Somewhat well-balanced,Vision issues,Not Applicable,Not Applicable,Not Applicable,Not Applicable,Not Applicable,Not Applicable,Medical Diagnosis,Self-Diagnosis,Not Applicable,Not Applicable,,Seven Times,Seven Times,Seven Times,Seven Times,Seven Times,,Yes,No,No,Yes,Yes,No,No,No,No,,Often,Very Often,Sometimes,Very Often,Sometimes,Very Rarely,Often,,Almost Always,Sometimes,Sometimes,Almost Never,Almost Always,Almost Never,Almost Never,Almost Never,Almost Never,Sometimes,Sometimes,Almost Never,Sometimes,Almost Always,Almost Always,Sometimes,Almost Always,Almost Always,Almost Always,Sometimes,Sometimes,,180,134,55,91,20,0,,150,40,30,20,10,0,0,0,0,0,0,0,0,0,0,0,45,10,30,20,10,5,2,0,0,0,0,0,0,0,0,30,30,15,10,5,5,2,0,0,0,0,0,0,0,0,0,0,20,20,20,10,5,0,0,0,0,0,0,0,0
410,763,2023-03-21 22:44,R_3HtzNnHphOK2ICR,,,0,0,,Woman,,18,"South Asian,Not a visible minority",High School Diploma,Undergraduate Degree,I work as a sales associate part time ,Part time (less than 30 hours per week),"$0-$29,999/year",0-15 hours per week,No,"Instagram,Snapchat,TikTok,Pinterest",,"TikTok,Facebook",5-6 hours,Sedentary,Somewhat well-balanced,Vision issues,Self-Diagnosis,Not Applicable,Not Applicable,Not Applicable,Not Applicable,Not Applicable,Not Applicable,Not Applicable,Not Applicable,Not Applicable,,Seven Times,Five Times,Three Times,Seven Times,Four Times,,No,Yes,Yes,Yes,Yes,Yes,Yes,Yes,No,,Sometimes,Often,Very Often,Very Often,Often,Often,Sometimes,,Almost Always,Sometimes,Always,Almost Always,Almost Always,Almost Never,Almost Always,Sometimes,Sometimes,Always,Always,Almost Always,Always,Almost Always,Always,Almost Always,Always,Always,Always,Almost Always,Almost Always,,41,47,56,173,518,600,,500,400,490,150,100,90,55,20,15,9,1,0,0,0,0,0,400,30,350,300,250,200,4,3,4,0,0,0,0,0,0,20,20,20,20,10,7,2,1,0,0,0,0,0,0,0,500,450,450,300,200,70,40,20,8,4,0,0,0,0,0
411,568,2023-03-21 22:54,R_3lDmP6tJ7ffp8vu,,,0,0,,Woman,,19,Chinese,Undergraduate Degree,Undergraduate Degree,Student,Part time (less than 30 hours per week),"$0-$29,999/year",0-15 hours per week,Yes,"Instagram,Snapchat,TikTok,YouTube,Reddit",,"TikTok,Facebook",7-8 hours,Moderate,Mostly well-balanced,Prefer not to disclose,Not Applicable,Not Applicable,Not Applicable,Not Applicable,Not Applicable,Not Applicable,Not Applicable,Not Applicable,Not Applicable,Not Applicable,,Seven Times,Seven Times,Seven Times,Seven Times,Six Times,,Yes,Yes,Yes,Yes,Yes,Yes,Yes,Yes,Yes,,Very Often,Very Often,Very Often,Very Often,Very Often,Very Rarely,Often,,Almost Always,Always,Always,Always,Always,Always,Always,Always,Always,Always,Always,Always,Always,Always,Always,Always,Always,Always,Almost Always,Almost Never,Almost Always,,121,129,55,209,236,254,,1,0.5,0.5,0.5,0.5,0,0,0,0,0,0,0,0,0,0,1,1,100,1,1,1,0,0,0,0,0,0,0,0,0,0,0,0,0,0,0,0,0,0,0,0,0,0,0,0,0,0,0,0,0,0,0,0,0,0,0,0,0,0,0,0
412,1664,2023-03-21 22:56,R_28XRxZp8WERHYuM,,,0,0,,Man,,22,Other,Undergraduate Degree,Undergraduate Degree,Nothing,Student,"$0-$29,999/year",Prefer not to disclose,No,"Instagram,YouTube,Reddit",,"TikTok,Facebook",5-6 hours,Active,Somewhat well-balanced,Prefer not to disclose,Self-Diagnosis,Not Applicable,Not Applicable,Self-Diagnosis,Not Applicable,Not Applicable,Not Applicable,Not Applicable,Not Applicable,Not Applicable,,Five Times,Six Times,Three Times,Seven Times,Never,,No,No,No,No,Yes,No,No,Yes,No,,Very Rarely,Rarely,Sometimes,Very Rarely,Very Rarely,Very Rarely,Very Rarely,,Sometimes,Almost Always,Always,Never,Almost Never,Never,Never,Never,Never,Never,Almost Never,Never,Sometimes,Almost Always,Never,Never,Sometimes,Never,Almost Always,Sometimes,Never,,27,20,55,10,6,2,,0,0,0,0,60,120,60,0,0,0,0,0,0,0,0,60,40,5,20,10,5,0,0,0,0,0,0,0,0,0,0,0,0,0,0,0,0,0,0,0,0,0,0,0,0,0,0,0,0,0,0,0,0,0,0,0,0,0,0,0,0
413,1690,2023-03-21 22:59,R_2YmkzdmIaDG9HgL,,,0,0,,Woman,,23,Not a visible minority,Graduate Degree,Graduate Degree,student,Student,"$0-$29,999/year",41+ hours per week,No,"Instagram,Snapchat,YouTube,Facebook",,"TikTok,Facebook",7-8 hours,Sedentary,Poor,Vision issues,Not Applicable,Not Applicable,Self-Diagnosis,Not Applicable,Not Applicable,Not Applicable,Not Applicable,Not Applicable,Not Applicable,Not Applicable,,Seven Times,Seven Times,Seven Times,Seven Times,Seven Times,,No,No,No,Yes,Yes,No,No,Yes,No,,Often,Sometimes,Often,Often,Rarely,Rarely,Often,,Always,Always,Almost Always,Sometimes,Always,Sometimes,Sometimes,Almost Never,Sometimes,Almost Always,Always,Almost Never,Almost Never,Almost Always,Always,Never,Almost Always,Sometimes,Almost Always,Always,Almost Never,,115,93,55,98,20,0,,180,180,150,60,30,20,5,0,0,0,0,0,0,0,0,60,60,5,30,15,5,5,0,0,0,0,0,0,0,0,0,180,120,60,60,30,18,0,0,0,0,0,0,0,0,0,180,180,180,120,60,30,10,5,0,0,0,0,0,0,0
414,1010,2023-03-21 23:00,R_2DOFN4jnpo3ZfO9,,,0,0,,Woman,,19,Southeast Asian,High School Diploma,Undergraduate Degree,Nursing student ,Student,"$0-$29,999/year",0-15 hours per week,No,"Instagram,TikTok,YouTube,Pinterest",,"TikTok,Facebook",Less than 4 hours,Sedentary,Mostly well-balanced,Sleep issues,Medical Diagnosis,Not Applicable,Not Applicable,Medical Diagnosis,Not Applicable,Not Applicable,Not Applicable,Not Applicable,Not Applicable,Not Applicable,,Seven Times,Seven Times,Three Times,Seven Times,Five Times,,No,No,No,Yes,Yes,No,Yes,Yes,No,,Sometimes,Often,Very Often,Sometimes,Often,Very Rarely,Often,,Always,Always,Always,Sometimes,Almost Always,Almost Never,Almost Never,Always,Never,Always,Always,Almost Never,Sometimes,Always,Almost Always,Never,Sometimes,Almost Always,Almost Always,Sometimes,Sometimes,,90,66,55,125,152,226,,300,250,200,100,20,15,6,3,2,0,0,0,0,0,0,40,40,5,20,20,15,10,8,2,1,1,0,0,0,0,0,60,55,55,40,30,5,2,1,1,0,0,0,0,0,0,600,600,40,20,20,4,4,3,2,1,1,1,0,i'm ,0
415,1369,2023-03-21 23:28,R_ClfMzn8Kj7gqGfD,,,0,0,,Woman,,22,Not a visible minority,Undergraduate Degree,Graduate Degree,student teacher,Student,"$0-$29,999/year",0-15 hours per week,No,"Instagram,Snapchat,TikTok,YouTube,LinkedIn,Twitter,Pinterest",,"Instagram,TikTok",5-6 hours,Sedentary,Mostly well-balanced,Vision issues,Self-Diagnosis,Self-Diagnosis,Not Applicable,Not Applicable,Not Applicable,Not Applicable,Self-Diagnosis,Not Applicable,Not Applicable,Not Applicable,,Seven Times,Seven Times,Seven Times,Seven Times,Seven Times,,Yes,No,No,Yes,Yes,No,Yes,Yes,No,,Very Often,Very Often,Very Rarely,Sometimes,Rarely,Very Rarely,Sometimes,,Almost Always,Always,Always,Always,Almost Always,Almost Always,Sometimes,Never,Almost Never,Sometimes,Never,Always,Never,Sometimes,Almost Always,Never,Sometimes,Sometimes,Almost Always,Almost Always,Almost Always,,60,60,55,60,60,10,,100,20,8,4,2,0,0,0,0,0,0,0,0,0,0,200,50,5,40,20,10,0,0,0,0,0,0,0,0,0,0,100,20,8,4,2,1,0,0,0,0,0,0,0,0,0,100,20,10,8,4,2,0,0,0,0,0,0,0,0,0
416,519,2023-03-21 23:34,R_3dYXC9V2nWM22Bk,,,0,0,,Man,,20,"Hispanic/Latin American,Not a visible minority",High School Diploma,Undergraduate Degree,student,Student,"$0-$29,999/year",0-15 hours per week,No,"Instagram,Snapchat,YouTube,LinkedIn",,"TikTok,Facebook",7-8 hours,Active,Somewhat well-balanced,Prefer not to disclose,Not Applicable,Not Applicable,Not Applicable,Self-Diagnosis,Not Applicable,Not Applicable,Self-Diagnosis,Not Applicable,Not Applicable,Not Applicable,,Seven Times,Seven Times,Seven Times,Seven Times,Seven Times,,No,No,No,Yes,Yes,No,No,No,No,,Rarely,Sometimes,Rarely,Often,Rarely,Very Rarely,Sometimes,,Sometimes,Sometimes,Almost Always,Almost Never,Almost Never,Almost Never,Almost Never,Never,Almost Never,Never,Almost Never,Never,Almost Never,Sometimes,Almost Never,Never,Almost Always,Sometimes,Almost Always,Almost Never,Almost Never,,5,9,55,14,18,0,,5,1,0,0,0,0,0,0,0,-20,0,0,0,0,0,0,0,,0,0,0,0,0,0,0,0,0,0,0,0,0,0,0,0,0,0,0,0,0,0,0,0,0,0,0,0,10,2,0,0,0,0,0,0,0,-69,0,0,0,0,0
417,681,2023-03-21 23:34,R_cSg8vtpIq14Madj,,,0,0,,Woman,,25,Not a visible minority,Graduate Degree,Graduate Degree,Registered nurse,Full time (30+ hours per week),"$50,000-$74.999/year",41+ hours per week,No,"Instagram,TikTok",,"TikTok,Facebook",5-6 hours,Moderate,Somewhat well-balanced,Sleep issues,Self-Diagnosis,Not Applicable,Not Applicable,Self-Diagnosis,Self-Diagnosis,Not Applicable,Not Applicable,Not Applicable,Not Applicable,Not Applicable,,Five Times,Five Times,One Time,Five Times,Six Times,,Yes,Yes,Yes,Yes,Yes,Yes,Yes,Yes,Yes,,Very Rarely,Very Rarely,Sometimes,Sometimes,Very Rarely,Rarely,Rarely,,Almost Always,Almost Always,Almost Always,Almost Always,Almost Always,Always,Almost Never,Almost Always,Almost Always,Always,Almost Always,Sometimes,Almost Always,Always,Sometimes,Always,Almost Always,Almost Always,Always,Always,Sometimes,,423,311,55,401,600,600,,100,100,75,50,50,10,5,2,1,1,0,0,0,0,0,0,0,10,16,15,16,10,5,5,0,0,0,0,0,0,0,0,5,5,5,5,5,5,5,5,5,1,2,2,3,2,2,2,2,2,2,100,309,60,90,30,20,10,0,0,0
418,945,2023-03-21 23:38,R_325RqG6UC8h90T0,,,0,75,,Woman,,23,Not a visible minority,Undergraduate Degree,Graduate Degree,Student,Student,"$0-$29,999/year",Prefer not to disclose,No,"Instagram,TikTok,YouTube,LinkedIn,Facebook",,"TikTok,Facebook",7-8 hours,Moderate,Somewhat well-balanced,Prefer not to disclose,Self-Diagnosis,,,,,,,,,,,Seven Times,Never,Never,Five Times,Three Times,,No,No,No,Yes,Yes,No,No,Yes,No,,Rarely,Sometimes,Sometimes,Very Often,Rarely,Very Rarely,Rarely,,Always,Always,Sometimes,Always,Sometimes,Almost Always,Almost Never,Never,Never,Sometimes,Sometimes,Almost Always,Sometimes,Sometimes,Sometimes,Never,Sometimes,Almost Never,Almost Always,Never,Always,,405,543,55,600,600,0,,0,0,0,0,0,0,0,0,0,0,0,0,0,0,0,5,2,5,0,0,0,0,0,0,0,0,0,0,0,0,0,0,0,0,0,0,0,0,0,0,0,0,0,0,0,0,0,0,5,4,2,1,0,0,0,0,0,0,0,0,0
419,1807,2023-03-21 23:41,R_3lSVzspRqjDE5iV,,,0,0,,Man,,23,Not a visible minority,High School Diploma,Undergraduate Degree,Student,Part time (less than 30 hours per week),"$0-$29,999/year",16-25 hours per week,No,"Instagram,Snapchat,TikTok,Reddit,Facebook,Pinterest",,"TikTok,Facebook",5-6 hours,Very Active,Mostly well-balanced,,Self-Diagnosis,Not Applicable,Not Applicable,Medical Diagnosis,Not Applicable,Not Applicable,Self-Diagnosis,Not Applicable,Not Applicable,Not Applicable,,Seven Times,Seven Times,Four Times,Seven Times,Seven Times,,No,No,No,Yes,Yes,No,No,Yes,No,,Sometimes,Rarely,Rarely,Sometimes,Rarely,Very Rarely,Rarely,,Almost Always,Always,Almost Always,Almost Always,Almost Always,Sometimes,Almost Never,Never,Never,Always,Almost Never,Sometimes,Never,Sometimes,Always,Never,Sometimes,Almost Never,Almost Always,Always,Almost Always,,179,160,55,120,60,31,,50,10,50,20,10,5,5,2,1,0,0,0,0,0,0,270,120,5,50,30,10,5,2,0,0,0,0,0,0,0,0,10,5,3,2,2,1,1,0.5,0,0,0,0,0,0,0,60,40,30,30,5,5,3,1,0,0,0,0,0,0,0
420,716,2023-03-21 23:50,R_2sdWDorINWFm6Uz,,,0,0,,Woman,,18,South Asian,Undergraduate Degree,Undergraduate Degree,Cullinary support,Part time (less than 30 hours per week),"$0-$29,999/year",0-15 hours per week,No,"Instagram,Snapchat,TikTok,YouTube,Reddit,Facebook",,"TikTok,Facebook",7-8 hours,Moderate,Poor,Vision issues,Self-Diagnosis,Not Applicable,Not Applicable,Self-Diagnosis,Not Applicable,Not Applicable,Not Applicable,Not Applicable,Not Applicable,Not Applicable,,Seven Times,Seven Times,Two Times,Six Times,One Time,,No,No,No,Yes,Yes,Yes,No,Yes,Yes,,Sometimes,Sometimes,Sometimes,Sometimes,Sometimes,Sometimes,Sometimes,,Almost Always,Always,Always,Always,Always,Always,Always,Sometimes,Always,Almost Never,Sometimes,Sometimes,Almost Never,Always,Always,Almost Never,Almost Never,Almost Never,Almost Always,Sometimes,Sometimes,,89,96,55,96,96,150,,10,10,10,5,5,0,0,0,0,0,0,0,0,0,0,20,10,5,15,15,10,10,10,5,0,0,0,0,0,0,0,0,0,0,0,0,0,0,0,0,0,0,0,0,0,0,0,0,0,0,0,0,0,0,0,0,0,0,0,i’m ,0
421,730,2023-03-22 0:00,R_2y7KYf69jPhrWhh,,,0,0,,Woman,,19,"Chinese,Southeast Asian",Undergraduate Degree,Undergraduate Degree,Student,Student,"$0-$29,999/year",0-15 hours per week,No,"Instagram,Snapchat,YouTube,Facebook,Pinterest",,"TikTok,Facebook",Less than 4 hours,Moderate,Poor,Vision issues,Self-Diagnosis,Self-Diagnosis,Self-Diagnosis,Self-Diagnosis,Not Applicable,Not Applicable,Not Applicable,Not Applicable,Not Applicable,Not Applicable,,Seven Times,Seven Times,Seven Times,Seven Times,Seven Times,,Yes,Yes,Yes,Yes,Yes,No,No,Yes,No,,Very Often,Very Often,Very Often,Very Often,Very Often,Very Rarely,Very Often,,Always,Always,Always,Always,Always,Always,Never,Always,Always,Almost Never,Always,Always,Almost Always,Always,Always,Always,Always,Always,Almost Always,Almost Always,Always,,120,119,55,50,30,4,,0,0,0,0,0,0,0,0,0,0,0,0,0,0,0,300,100,5,40,20,10,5,15,1,1,1,0,0,0,0,0,500,100,50,15,15,5,1,1,1,0,0,0,0,0,0,500,100,50,50,15,5,2,1,1,1,0,0,0,0,0
422,942,2023-03-22 0:07,R_6Ql2C3GUxesFKIF,,,0,0,,Woman,,22,Chinese,High School Diploma,Undergraduate Degree,Student,Student,"$0-$29,999/year",0-15 hours per week,No,"Instagram,YouTube,LinkedIn,Facebook",,"TikTok,Facebook",9-10 hours,Moderate,Mostly well-balanced,Vision issues,Self-Diagnosis,Self-Diagnosis,Self-Diagnosis,Not Applicable,Not Applicable,Not Applicable,Not Applicable,Not Applicable,Not Applicable,Not Applicable,,Seven Times,Seven Times,Three Times,Four Times,Seven Times,,No,No,No,Yes,Yes,No,No,No,No,,Sometimes,Sometimes,Sometimes,Sometimes,Sometimes,Rarely,Sometimes,,Almost Always,Almost Always,Almost Always,Sometimes,Almost Always,Almost Always,Never,Almost Never,Almost Never,Sometimes,Sometimes,Sometimes,Almost Never,Sometimes,Sometimes,Never,Sometimes,Sometimes,Almost Always,Sometimes,Almost Always,,62,95,55,201,291,355,,60,200,100,40,10,10,5,0,0,0,0,0,0,0,0,200,200,5,50,20,10,10,3,1,0,0,0,0,0,0,0,0,0,0,0,0,0,0,0,0,0,0,0,0,0,0,0,0,0,0,0,0,0,0,0,0,0,0,0,0,0
423,999,2023-03-22 0:09,R_DbYhil3QRyUjD8d,,,0,0,,Man,,19,Not a visible minority,High School Diploma,Undergraduate Degree,Full-time student,Student,"$0-$29,999/year",Prefer not to disclose,No,"TikTok,YouTube,Reddit",,"TikTok,Facebook",5-6 hours,Moderate,Somewhat well-balanced,Sleep issues,Medical Diagnosis,Not Applicable,Not Applicable,Medical Diagnosis,Not Applicable,Not Applicable,Not Applicable,Self-Diagnosis,Not Applicable,Not Applicable,,Two Times,Seven Times,Seven Times,Five Times,Seven Times,,No,No,No,No,Yes,No,No,Yes,No,,Sometimes,Sometimes,Often,Rarely,Very Rarely,Very Rarely,Sometimes,,Almost Always,Almost Always,Almost Never,Sometimes,Sometimes,Almost Always,Never,Never,Never,Almost Never,Sometimes,Never,Almost Never,Sometimes,Sometimes,Never,Sometimes,Sometimes,Almost Always,Almost Always,Sometimes,,15,10,55,0,0,0,,0,0,0,0,0,0,0,0,0,0,0,0,0,0,0,0,0,5,0,0,0,0,0,0,0,0,0,0,0,0,0,0,0,0,0,0,0,0,0,0,0,0,0,0,0,0,0,0,0,0,0,0,0,0,0,0,0,0,0,0,0
424,888,2023-03-22 0:17,R_1C1hCbA2Acg4FKo,,,0,5,,Woman,,19,"Chinese,Southeast Asian",Undergraduate Degree,Undergraduate Degree,Student ,Student,"$0-$29,999/year",0-15 hours per week,No,"Instagram,Snapchat,YouTube,Facebook,Pinterest",,"TikTok,Facebook",Less than 4 hours,Moderate,Poor,Vision issues,Self-Diagnosis,Self-Diagnosis,Self-Diagnosis,Self-Diagnosis,Not Applicable,Not Applicable,Not Applicable,Not Applicable,Not Applicable,Not Applicable,,Seven Times,Seven Times,Seven Times,Seven Times,Seven Times,,Yes,Yes,Yes,Yes,Yes,No,No,Yes,No,,Very Often,Very Often,Very Often,Very Often,Very Often,Rarely,Very Often,,Always,Always,Always,Always,Always,Always,Almost Never,Always,Always,Sometimes,Always,Always,Sometimes,Always,Always,Always,Always,Always,Almost Always,Always,Always,,122,120,55,59,14,11,,500,100,40,20,10,5,2,1,1,1,0,0,0,0,0,1000,200,5,80,40,20,10,3,2,1,0,0,9,0,You ,0,500,100,40,20,10,5,2,1,1,OI,0,0,0,0,0,0,200,80,40,20,10,3,2,1,0,0,0,9,0,0
425,7610,2023-03-22 0:28,R_T7uNTSpL0Do9D4l,,,0,0,,Man,,18,Black/African American,High School Diploma,Undergraduate Degree,,Student,"$0-$29,999/year",0-15 hours per week,No,"Instagram,YouTube,Twitter",,"TikTok,Facebook",5-6 hours,Sedentary,Mostly well-balanced,Vision issues,Not Applicable,Not Applicable,Not Applicable,Not Applicable,Not Applicable,Not Applicable,Self-Diagnosis,Not Applicable,Not Applicable,Not Applicable,,Seven Times,Seven Times,Seven Times,Six Times,Seven Times,,No,No,No,Yes,Yes,No,No,No,No,,Often,Sometimes,Sometimes,Sometimes,Very Rarely,Very Rarely,Sometimes,,Always,Almost Always,Always,Sometimes,Almost Always,Always,Never,Almost Never,Never,Never,Almost Never,Almost Never,Never,Sometimes,Never,Never,Sometimes,Almost Always,Almost Always,Never,Sometimes,,20,15,55,10,0,5,,300,60,30,20,0,0,0,0,0,0,0,0,0,0,0,0,0,5,0,0,0,0,0,0,0,0,0,0,0,0,0,0,0,0,0,0,0,0,0,0,0,0,0,0,0,0,100,60,20,10,5,5,0,0,0,0,0,0,0,0,0
426,671,2023-03-22 0:39,R_3QDHXmNZhYx2fMA,,,0,5,,Woman,,23,South Asian,High School Diploma,Undergraduate Degree,Student,Part time (less than 30 hours per week),"$0-$29,999/year",0-15 hours per week,No,"Instagram,TikTok,YouTube",,"TikTok,Facebook",7-8 hours,Sedentary,Somewhat well-balanced,Prefer not to disclose,Not Applicable,Not Applicable,Self-Diagnosis,Not Applicable,Not Applicable,Not Applicable,Not Applicable,Not Applicable,Not Applicable,Not Applicable,,Seven Times,Seven Times,Seven Times,Seven Times,Seven Times,,No,No,No,Yes,Yes,No,No,Yes,No,,Sometimes,Often,Often,Sometimes,Sometimes,Rarely,Rarely,,Always,Always,Always,Always,Always,Always,Sometimes,Almost Always,Always,Always,Almost Always,Almost Always,Almost Always,Almost Always,Always,Never,Almost Always,Almost Always,Almost Always,Always,Almost Never,,199,171,55,80,33,10,,40,30,30,30,30,20,3,5,0,0,0,0,0,0,0,100,50,20,30,30,20,5,1,1,0,0,0,0,0,0,0,0,0,0,0,0,0,0,0,0,0,0,0,0,0,0,0,0,0,0,0,0,0,0,0,0,0,0,0,0,0
427,1770,2023-03-22 1:19,R_3kLDWxnMOQHN01Q,,,0,45,,Man,,22,Chinese,High School Diploma,Undergraduate Degree,Chemical engineering undergraduate student,Student,Prefer not to disclose,Prefer not to disclose,Yes,"YouTube,Facebook",,"TikTok,Facebook",5-6 hours,Moderate,Mostly well-balanced,Prefer not to disclose,Self-Diagnosis,Self-Diagnosis,Not Applicable,Not Applicable,Not Applicable,Not Applicable,Not Applicable,Not Applicable,Not Applicable,Not Applicable,,One Time,One Time,One Time,One Time,One Time,,No,No,No,No,No,No,No,Yes,No,,Sometimes,Rarely,Rarely,Rarely,Sometimes,Very Rarely,Rarely,,Sometimes,Almost Always,Almost Always,Almost Always,Almost Always,Almost Always,Never,Almost Never,Almost Never,Sometimes,Almost Never,Almost Always,Almost Never,Sometimes,Almost Never,Almost Never,Sometimes,Almost Always,Almost Always,Sometimes,Always,,15,10,55,3,0,1,,180,60,30,10,0,0,0,0,0,0,0,0,0,0,0,10000,5000,5,3000,1000,1000,600,300,180,60,30,5,0,0,0,0,600,600,600,300,100,90,60,30,30,5,0,0,0,0,0,10000,6000,3000,3000,1000,300,100,30,30,15,0,0,0,0,0
428,8430,2023-03-22 1:48,R_A5wfxEBndGbyA7v,,,0,0,,Woman,,20,South Asian,Undergraduate Degree,Undergraduate Degree,student,Student,"$0-$29,999/year",0-15 hours per week,No,"Instagram,Snapchat,TikTok,YouTube,Pinterest",,"TikTok,Facebook",7-8 hours,Sedentary,Somewhat well-balanced,Prefer not to disclose,Self-Diagnosis,Not Applicable,Not Applicable,Not Applicable,Not Applicable,Not Applicable,Not Applicable,Not Applicable,Not Applicable,Not Applicable,,Seven Times,Six Times,Six Times,Seven Times,Seven Times,,Yes,No,No,Yes,Yes,No,Yes,No,No,,Often,Often,Often,Very Often,Very Rarely,Very Rarely,Very Often,,Always,Almost Always,Sometimes,Almost Never,Sometimes,Sometimes,Almost Never,Never,Sometimes,Sometimes,Almost Never,Sometimes,Never,Sometimes,Almost Never,Never,Almost Always,Almost Never,Almost Always,Sometimes,Almost Always,,32,20,55,50,12,5,,180,120,60,40,20,10,3,0,0,0,0,0,0,0,0,300,120,10,60,40,20,10,0,0,0,0,0,0,0,0,0,300,120,60,30,10,10,0,0,0,0,0,0,0,0,0,300,180,60,30,10,10,0,0,0,0,0,0,0,0,0
429,474,2023-03-22 2:12,R_1dzh9GlAYBGoHeO,,,0,5,,Woman,,20,South Asian,Undergraduate Degree,Undergraduate Degree,Student,Student,"$0-$29,999/year",0-15 hours per week,No,"Instagram,Snapchat,TikTok,YouTube,Pinterest",,"TikTok,Facebook",7-8 hours,Sedentary,Mostly well-balanced,Prefer not to disclose,Self-Diagnosis,Not Applicable,Not Applicable,Not Applicable,Not Applicable,Not Applicable,Not Applicable,Not Applicable,Not Applicable,Not Applicable,,Seven Times,Seven Times,Six Times,Six Times,Seven Times,,Yes,Yes,No,Yes,No,Yes,Yes,No,Yes,,Sometimes,Sometimes,Often,Rarely,Often,Rarely,Sometimes,,Sometimes,Sometimes,Sometimes,Almost Always,Sometimes,Sometimes,Almost Never,Almost Always,Sometimes,Sometimes,Sometimes,Almost Always,Sometimes,Almost Always,Almost Always,Sometimes,Sometimes,Sometimes,Almost Always,Sometimes,Almost Always,,24,25,55,30,12,20,,300,180,120,60,30,10,2,0,0,0,0,0,0,0,0,300,180,5,60,30,20,10,0,0,0,0,0,0,0,0,0,300,180,120,60,20,10,0,0,0,0,0,0,0,0,0,0,180,120,60,20,10,0,0,0,0,0,0,0,0,0
430,1196,2023-03-22 3:01,R_WrOonQly10O6ahb,,,0,10,,Man,,21,South Asian,High School Diploma,Undergraduate Degree,Student,Student,"$0-$29,999/year",0-15 hours per week,No,"Instagram,Snapchat,YouTube",,"TikTok,Facebook",7-8 hours,Active,Somewhat well-balanced,Prefer not to disclose,Self-Diagnosis,Not Applicable,Not Applicable,Self-Diagnosis,Not Applicable,Not Applicable,Self-Diagnosis,Not Applicable,Not Applicable,Not Applicable,,Seven Times,Seven Times,Seven Times,Seven Times,Seven Times,,No,No,No,Yes,No,No,No,Yes,No,,Sometimes,Sometimes,Rarely,Often,Very Rarely,Very Rarely,Sometimes,,Almost Always,Always,Sometimes,Almost Always,Almost Always,Almost Always,Almost Never,Almost Never,Almost Never,Sometimes,Almost Never,Sometimes,Sometimes,Sometimes,Almost Always,Almost Never,Almost Always,Almost Always,Almost Always,Almost Always,Sometimes,,16,20,55,9,0,0,,90,60,60,30,30,30,10,5,3,1,1,0,0,0,0,90,80,60,80,80,40,60,20,10,3,1,0,0,0,0,0,120,90,90,60,60,60,10,10,3,1,0,0,0,0,0,120,90,90,80,60,60,10,10,3,1,0,0,0,0,0
431,1532,2023-03-22 4:37,R_3rIfOc11LK8pqsG,,,0,0,,Non-binary / third gender,,20 years old,Arab,High School Diploma,Undergraduate Degree,Student,Student,"$0-$29,999/year",Prefer not to disclose,Yes,Other,Tumblr,"TikTok,Facebook",5-6 hours,Sedentary,Somewhat well-balanced,Vision issues,Self-Diagnosis,Not Applicable,Self-Diagnosis,Self-Diagnosis,Not Applicable,Not Applicable,Not Applicable,Not Applicable,Not Applicable,Not Applicable,,Seven Times,Never,Never,Five Times,One Time,,Yes,Yes,Yes,Yes,Yes,No,Yes,Yes,No,,Sometimes,Sometimes,Very Often,Often,Often,Rarely,Often,,Almost Always,Almost Always,Always,Almost Always,Sometimes,Always,Never,Sometimes,Sometimes,Sometimes,Sometimes,Sometimes,Sometimes,Always,Almost Always,Almost Never,Almost Always,Almost Always,Almost Always,Almost Always,Almost Always,,460,476,55,600,600,600,,15,5,5,5,0,0,0,0,0,0,0,0,0,0,0,240,60,5,45,0,0,0,0,0,0,0,0,0,0,0,0,0,0,0,0,0,0,0,0,0,0,0,0,0,0,0,120,50,5,0,0,0,0,0,0,0,0,0,0,0,0
432,517,2023-03-22 4:50,R_vBOLemhWajOGqSl,,TRUE,90,5,2023-03-22 10:12,Perfer not to disclose,,20 years old,Prefer not to disclose,High School Diploma,Undergraduate Degree,student,Student,"$0-$29,999/year",0-15 hours per week,Yes,Other,Discord,"TikTok,Facebook",Less than 4 hours,Sedentary,Poor,Vision issues,Not Applicable,Not Applicable,Not Applicable,Self-Diagnosis,Not Applicable,Not Applicable,Not Applicable,Not Applicable,Not Applicable,Not Applicable,,Seven Times,Never,Never,Seven Times,Never,,Yes,Yes,Yes,Yes,Yes,Yes,Yes,Yes,No,,Sometimes,Sometimes,Sometimes,Often,Often,Rarely,Very Often,,Almost Always,Almost Always,Almost Always,Almost Always,Sometimes,Almost Always,Almost Always,Almost Always,Almost Always,Almost Always,Almost Always,Almost Always,Sometimes,Almost Always,Always,Almost Never,Almost Always,Almost Always,Almost Always,Always,Almost Always,,252,358,55,462,600,600,,120,10,7,1,0,0,0,0,0,0,0,0,0,0,0,120,25,$5.00,6,4,1,0,0,0,0,0,0,0,0,0,0,0,0,0,0,0,0,0,0,0,0,0,0,0,0,0,720,15,7,4,0,0,0,0,0,0,0,0,0,0,0
433,0,2023-03-22 5:29,R_1gHDjzdVNBw0GXl,,,,,,,,,,,,,,,,,,,,,,,,,,,,,,,,,,,,,,,,,,,,,,,,,,,,,,,,,,,,,,,,,,,,,,,,,,,,,,,,,,,,,,,,,,,,,,,,,,,,,,,,,,,,,,,,,,,,,,,,,,,,,,,,,,,,,,,,,,,,,,,,,,,,
434,0,2023-03-22 5:49,R_2fqBwcBiLOTpkjc,,,,,,,,,,,,,,,,,,,,,,,,,,,,,,,,,,,,,,,,,,,,,,,,,,,,,,,,,,,,,,,,,,,,,,,,,,,,,,,,,,,,,,,,,,,,,,,,,,,,,,,,,,,,,,,,,,,,,,,,,,,,,,,,,,,,,,,,,,,,,,,,,,,,
435,47612,2023-03-22 6:07,R_3r0a6nt5S0ovMX0,,,0,0,,Woman,,20,Korean,Undergraduate Degree,Undergraduate Degree,student ,Student,"$0-$29,999/year",0-15 hours per week,No,"Instagram,Snapchat,TikTok,YouTube",,"TikTok,Facebook",5-6 hours,Sedentary,Poor,Prefer not to disclose,Not Applicable,Not Applicable,Not Applicable,Self-Diagnosis,Not Applicable,Not Applicable,Medical Diagnosis,Not Applicable,Not Applicable,Not Applicable,,Seven Times,Seven Times,Three Times,Seven Times,Three Times,,Yes,Yes,Yes,Yes,No,No,No,Yes,No,,Often,Often,Often,Often,Often,Often,Sometimes,,Almost Always,Almost Always,Sometimes,Almost Always,Sometimes,Sometimes,Almost Always,Almost Never,Sometimes,Sometimes,Almost Always,Sometimes,Almost Always,Sometimes,Sometimes,Almost Always,Sometimes,Sometimes,Almost Always,Almost Always,Sometimes,,220,335,55,344,394,456,,1,1,1,1,1,1,1.25,2,3,5,6,10,20,30,40,1,1,1,1,1,1,1,1,2,3,5,6,10,20,30,12,1,1,1,1,1,1,1,2,3,5,6,10,20,30,40,1,1,1,1,1,1,1,2,3,5,6,10,20,30,40
436,0,2023-03-22 6:14,R_25EB6fjmDd10qHk,,,,,,,,,,,,,,,,,,,,,,,,,,,,,,,,,,,,,,,,,,,,,,,,,,,,,,,,,,,,,,,,,,,,,,,,,,,,,,,,,,,,,,,,,,,,,,,,,,,,,,,,,,,,,,,,,,,,,,,,,,,,,,,,,,,,,,,,,,,,,,,,,,,,
437,49627,2023-03-22 6:50,R_3oG7xVCPiSfHHam,,,0,0,,Woman,,26,"Chinese,Southeast Asian",Graduate Degree,Graduate Degree,Physiotherapist,Part time (less than 30 hours per week),"$100,000-$149,999/year",16-25 hours per week,Yes,"Instagram,YouTube,Reddit,Facebook,Other",whatsapp,"TikTok,Facebook",7-8 hours,Very Active,Somewhat well-balanced,Muscular/Skeletal issues,Self-Diagnosis,Not Applicable,Not Applicable,Not Applicable,Not Applicable,Not Applicable,Self-Diagnosis,Not Applicable,Not Applicable,Not Applicable,,Six Times,Six Times,Four Times,Seven Times,Six Times,,Yes,No,Yes,Yes,No,Yes,No,Yes,No,,Sometimes,Often,Very Often,Often,Sometimes,Very Rarely,Very Rarely,,Almost Always,Almost Always,Almost Always,Almost Always,Almost Always,Sometimes,Sometimes,Sometimes,Sometimes,Almost Always,Almost Always,Sometimes,Sometimes,Almost Always,Almost Always,Sometimes,Sometimes,Sometimes,Almost Always,Sometimes,Sometimes,,15,30,55,45,92,109,,60,45,40,30,30,25,25,20,20,15,15,15,15,0,0,70,70,60,70,70,70,50,40,30,20,10,5,0,0,0,0,10,10,10,10,5,5,0,0,0,0,0,0,0,0,0,120,120,120,60,60,50,40,30,20,20,0,0,0,0,0
438,39581,2023-03-22 6:52,R_238HOZGAIeTuwIK,,,0,0,,Woman,,19,Not a visible minority,High School Diploma,Undergraduate Degree,Student,Student,"$0-$29,999/year",0-15 hours per week,No,"Instagram,Snapchat,TikTok,YouTube,Twitter,Facebook,Pinterest",,"TikTok,Facebook",7-8 hours,Moderate,Somewhat well-balanced,Prefer not to disclose,Not Applicable,Not Applicable,Not Applicable,Not Applicable,Not Applicable,Not Applicable,Not Applicable,Not Applicable,Not Applicable,Not Applicable,,Seven Times,Five Times,Five Times,Three Times,Four Times,,No,No,No,No,No,No,No,No,No,,Rarely,Rarely,Very Rarely,Rarely,Very Rarely,Very Rarely,Rarely,,Almost Always,Almost Always,Almost Always,Almost Always,Almost Always,Sometimes,Almost Never,Almost Never,Almost Never,Almost Never,Never,Sometimes,Almost Never,Sometimes,Almost Never,Never,Sometimes,Sometimes,Almost Always,Almost Never,Sometimes,,193,233,55,255,26,41,,100,50,20,15,2,0,0,0,0,0,0,0,0,0,0,100,20,5,10,4,2,1,0,0,0,0,0,0,0,0,0,100,0,0,0,0,0,0,0,0,0,0,0,0,0,0,100,20,0,0,0,0,0,0,0,0,0,0,0,0,0
439,0,2023-03-22 7:07,R_Aoe05hYghVkBHLX,,,,,,,,,,,,,,,,,,,,,,,,,,,,,,,,,,,,,,,,,,,,,,,,,,,,,,,,,,,,,,,,,,,,,,,,,,,,,,,,,,,,,,,,,,,,,,,,,,,,,,,,,,,,,,,,,,,,,,,,,,,,,,,,,,,,,,,,,,,,,,,,,,,,
440,40041,2023-03-22 7:15,R_2zuyie2cz8DRbQt,,,0,10,,Man,,20,Arab,High School Diploma,Undergraduate Degree,Student,Student,Prefer not to disclose,Prefer not to disclose,No,"Instagram,Snapchat,TikTok,YouTube,LinkedIn",,"TikTok,Facebook",7-8 hours,Active,Somewhat well-balanced,,Medical Diagnosis,Not Applicable,Not Applicable,Self-Diagnosis,Not Applicable,Not Applicable,Self-Diagnosis,Not Applicable,Not Applicable,Not Applicable,,Six Times,Six Times,Two Times,Seven Times,Three Times,,Yes,Yes,Yes,Yes,Yes,No,Yes,Yes,No,,Often,Often,Very Often,Often,Sometimes,Very Rarely,Sometimes,,Always,Always,Always,Always,Always,Always,Sometimes,Almost Never,Almost Always,Always,Sometimes,Sometimes,Never,Always,Always,Never,Almost Always,Almost Always,Almost Always,Almost Always,Almost Always,,20,20,55,28,5,0,,24,60,30,30,15,15,10,3,0,0,0,0,0,0,0,20,10,5,6,4,2,1,0,0,0,0,0,0,0,0,0,30,20,10,4,2,1,1,0,0,0,0,0,0,0,0,30,20,10,4,2,1,0,0,0,0,0,0,0,0,0
441,35811,2023-03-22 7:43,R_1PaXpzU5XaMfEfY,,,0,0,,Man,,18,South Asian,High School Diploma,Undergraduate Degree,"Not currently working, but rather, applying for jobs for the summer. ",Student,Prefer not to disclose,Prefer not to disclose,No,"Instagram,Snapchat,YouTube,LinkedIn",,"TikTok,Facebook",7-8 hours,Moderate,Somewhat well-balanced,Prefer not to disclose,Not Applicable,Not Applicable,Not Applicable,Self-Diagnosis,Not Applicable,Not Applicable,Not Applicable,Not Applicable,Not Applicable,Not Applicable,,Six Times,Four Times,Four Times,Six Times,Four Times,,No,Yes,No,Yes,Yes,No,No,Yes,No,,Sometimes,Rarely,Often,Often,Sometimes,Very Rarely,Sometimes,,Sometimes,Almost Always,Sometimes,Almost Never,Sometimes,Sometimes,Never,Almost Never,Almost Never,Never,Sometimes,Almost Never,Never,Sometimes,Sometimes,Never,Sometimes,Sometimes,Almost Always,Never,Almost Always,,60,59,55,30,14,0,,100,20,0,0,0,0,0,0,0,0,0,0,0,0,0,100,20,5,10,0,0,0,0,0,0,0,0,0,0,0,0,0,0,0,0,0,0,0,0,0,0,0,0,0,0,0,200,40,10,10,0,0,0,0,0,0,0,0,0,0,0
442,42669,2023-03-22 8:35,R_9ZYhwyGH7iCpcrL,,,0,0,,Woman,,24,Chinese,Undergraduate Degree,Undergraduate Degree,student,Student,"$0-$29,999/year",0-15 hours per week,No,"Instagram,TikTok,YouTube,Twitter,Reddit,Facebook",,"TikTok,Facebook",5-6 hours,Sedentary,Somewhat well-balanced,Vision issues,Not Applicable,Not Applicable,Not Applicable,Not Applicable,Not Applicable,Not Applicable,Not Applicable,Not Applicable,Not Applicable,Not Applicable,,Seven Times,Never,Six Times,Seven Times,Six Times,,No,No,No,No,Yes,No,No,Yes,No,,Sometimes,Rarely,Often,Sometimes,Sometimes,Rarely,Sometimes,,Always,Always,Almost Always,Almost Always,Almost Always,Almost Always,Sometimes,Sometimes,Almost Always,Sometimes,Sometimes,Sometimes,Sometimes,Sometimes,Almost Always,Sometimes,Always,Almost Always,Almost Always,Almost Always,Almost Always,,6,14,55,25,177,199,,60,50,45,30,25,5,0,0,0,0,0,0,0,0,0,60,40,0,40,20,10,0,0,0,0,0,0,0,0,0,0,0,0,0,0,0,0,0,0,0,0,0,0,0,0,0,60,40,30,15,10,0,0,0,0,0,0,0,0,0,0
443,0,2023-03-22 8:43,R_2Yt6LCGdADbqBNR,,,,,,,,,,,,,,,,,,,,,,,,,,,,,,,,,,,,,,,,,,,,,,,,,,,,,,,,,,,,,,,,,,,,,,,,,,,,,,,,,,,,,,,,,,,,,,,,,,,,,,,,,,,,,,,,,,,,,,,,,,,,,,,,,,,,,,,,,,,,,,,,,,,,
444,0,2023-03-22 8:50,R_3Gq8ah41eqOEt8z,,,,,,,,,,,,,,,,,,,,,,,,,,,,,,,,,,,,,,,,,,,,,,,,,,,,,,,,,,,,,,,,,,,,,,,,,,,,,,,,,,,,,,,,,,,,,,,,,,,,,,,,,,,,,,,,,,,,,,,,,,,,,,,,,,,,,,,,,,,,,,,,,,,,
445,46469,2023-03-22 9:04,R_3I6n3LDWVouOuUj,,,0,0,,Woman,,29,West Asian,PhD,PhD,Student,Full time (30+ hours per week),"$0-$29,999/year",26-40 hours per week,No,Instagram,,,7-8 hours,Moderate,Mostly well-balanced,,,,,,,,,,,,,Seven Times,Seven Times,Five Times,One Time,Seven Times,,No,Yes,Yes,Yes,Yes,No,No,Yes,No,,Very Often,Very Often,Very Often,Often,Rarely,Very Rarely,Very Often,,Always,Always,Always,Almost Never,Always,Almost Never,Almost Never,Almost Never,Almost Never,Always,Sometimes,Never,Never,Always,Always,Never,Almost Always,Sometimes,Almost Always,Almost Always,Almost Always,,61,66,55,63,62,33,,120,30,15,10,5,0,0,0,0,0,0,0,0,0,0,120,70,5,15,10,5,0,0,0,0,0,0,0,0,0,0,120,60,15,10,5,0,0,0,0,0,0,0,0,0,0,120,60,15,10,5,0,0,0,0,0,0,0,0,0,0
446,0,2023-03-22 9:14,R_3nx58oVLyx02a8S,,,,,,,,,,,,,,,,,,,,,,,,,,,,,,,,,,,,,,,,,,,,,,,,,,,,,,,,,,,,,,,,,,,,,,,,,,,,,,,,,,,,,,,,,,,,,,,,,,,,,,,,,,,,,,,,,,,,,,,,,,,,,,,,,,,,,,,,,,,,,,,,,,,,
447,55362,2023-03-22 10:29,R_1gN5WaYse6S7J4n,,,0,0,,Woman,,19,Not a visible minority,High School Diploma,Undergraduate Degree,Full time student ,Student,"$0-$29,999/year",0-15 hours per week,No,"Instagram,Snapchat,YouTube",,"TikTok,Facebook",7-8 hours,Moderate,Mostly well-balanced,,Self-Diagnosis,Not Applicable,Not Applicable,Not Applicable,Not Applicable,Not Applicable,Not Applicable,Not Applicable,Not Applicable,Not Applicable,,Seven Times,Seven Times,Four Times,Five Times,Five Times,,Yes,Yes,No,Yes,No,No,No,Yes,No,,Rarely,Rarely,Often,Sometimes,Rarely,Rarely,Very Rarely,,Almost Always,Almost Always,Almost Always,Almost Always,Almost Always,Almost Always,Almost Always,Almost Always,Sometimes,Sometimes,Sometimes,Almost Never,Almost Never,Sometimes,Sometimes,Never,Sometimes,Sometimes,Almost Always,Almost Always,Almost Never,,10,12,55,21,30,28,,1,1.5,1.5,8,4,2,2,1,0,0,0,0,0,0,0,100,100,0,10,2,2,1,1,1,0,0,0,0,0,0,0,100,100,100,4,2,2,1,0,0,0,0,0,0,0,0,200,100,100,8,10,5,2,1,0,0,0,0,0,0,0
